  0
SECTION
  2
HEADER
  9
$ACADVER
  1
AC1027
  9
$ACADMAINTVER
 70
   125
  9
$DWGCODEPAGE
  3
ANSI_949
  9
$LASTSAVEDBY
  1
slkam
  9
$REQUIREDVERSIONS
160
                 0
  9
$INSBASE
 10
0.0
 20
0.0
 30
0.0
  9
$EXTMIN
 10
174186.3355839226
 20
416927.0494861812
 30
-0.0000000116415251
  9
$EXTMAX
 10
177106.8697917429
 20
419388.8366698529
 30
0.0
  9
$LIMMIN
 10
0.0
 20
0.0
  9
$LIMMAX
 10
12.0
 20
9.0
  9
$ORTHOMODE
 70
     0
  9
$REGENMODE
 70
     1
  9
$FILLMODE
 70
     1
  9
$QTEXTMODE
 70
     0
  9
$MIRRTEXT
 70
     0
  9
$LTSCALE
 40
1.0
  9
$ATTMODE
 70
     1
  9
$TEXTSIZE
 40
0.2
  9
$TRACEWID
 40
0.05
  9
$TEXTSTYLE
  7
Legend
  9
$CLAYER
  8
Osu_line
  9
$CELTYPE
  6
ByLayer
  9
$CECOLOR
 62
   256
  9
$CELTSCALE
 40
1.0
  9
$DISPSILH
 70
     0
  9
$DIMSCALE
 40
1.0
  9
$DIMASZ
 40
0.18
  9
$DIMEXO
 40
0.0625
  9
$DIMDLI
 40
0.38
  9
$DIMRND
 40
0.0
  9
$DIMDLE
 40
0.0
  9
$DIMEXE
 40
0.18
  9
$DIMTP
 40
0.0
  9
$DIMTM
 40
0.0
  9
$DIMTXT
 40
0.18
  9
$DIMCEN
 40
0.09
  9
$DIMTSZ
 40
0.0
  9
$DIMTOL
 70
     0
  9
$DIMLIM
 70
     0
  9
$DIMTIH
 70
     1
  9
$DIMTOH
 70
     1
  9
$DIMSE1
 70
     0
  9
$DIMSE2
 70
     0
  9
$DIMTAD
 70
     0
  9
$DIMZIN
 70
     0
  9
$DIMBLK
  1

  9
$DIMASO
 70
     1
  9
$DIMSHO
 70
     1
  9
$DIMPOST
  1

  9
$DIMAPOST
  1

  9
$DIMALT
 70
     0
  9
$DIMALTD
 70
     2
  9
$DIMALTF
 40
25.4
  9
$DIMLFAC
 40
1.0
  9
$DIMTOFL
 70
     0
  9
$DIMTVP
 40
0.0
  9
$DIMTIX
 70
     0
  9
$DIMSOXD
 70
     0
  9
$DIMSAH
 70
     0
  9
$DIMBLK1
  1

  9
$DIMBLK2
  1

  9
$DIMSTYLE
  2
Standard
  9
$DIMCLRD
 70
     0
  9
$DIMCLRE
 70
     0
  9
$DIMCLRT
 70
     0
  9
$DIMTFAC
 40
1.0
  9
$DIMGAP
 40
0.09
  9
$DIMJUST
 70
     0
  9
$DIMSD1
 70
     0
  9
$DIMSD2
 70
     0
  9
$DIMTOLJ
 70
     1
  9
$DIMTZIN
 70
     0
  9
$DIMALTZ
 70
     0
  9
$DIMALTTZ
 70
     0
  9
$DIMUPT
 70
     0
  9
$DIMDEC
 70
     4
  9
$DIMTDEC
 70
     4
  9
$DIMALTU
 70
     2
  9
$DIMALTTD
 70
     2
  9
$DIMTXSTY
  7
Standard
  9
$DIMAUNIT
 70
     0
  9
$DIMADEC
 70
     0
  9
$DIMALTRND
 40
0.0
  9
$DIMAZIN
 70
     0
  9
$DIMDSEP
 70
    46
  9
$DIMATFIT
 70
     3
  9
$DIMFRAC
 70
     0
  9
$DIMLDRBLK
  1

  9
$DIMLUNIT
 70
     2
  9
$DIMLWD
 70
    -2
  9
$DIMLWE
 70
    -2
  9
$DIMTMOVE
 70
     0
  9
$DIMFXL
 40
1.0
  9
$DIMFXLON
 70
     0
  9
$DIMJOGANG
 40
0.7853981633974483
  9
$DIMTFILL
 70
     0
  9
$DIMTFILLCLR
 70
     0
  9
$DIMARCSYM
 70
     0
  9
$DIMLTYPE
  6

  9
$DIMLTEX1
  6

  9
$DIMLTEX2
  6

  9
$DIMTXTDIRECTION
 70
     0
  9
$LUNITS
 70
     2
  9
$LUPREC
 70
     4
  9
$SKETCHINC
 40
0.1
  9
$FILLETRAD
 40
0.0
  9
$AUNITS
 70
     0
  9
$AUPREC
 70
     0
  9
$MENU
  1
.
  9
$ELEVATION
 40
0.0
  9
$PELEVATION
 40
0.0
  9
$THICKNESS
 40
0.0
  9
$LIMCHECK
 70
     0
  9
$CHAMFERA
 40
0.0
  9
$CHAMFERB
 40
0.0
  9
$CHAMFERC
 40
0.0
  9
$CHAMFERD
 40
0.0
  9
$SKPOLY
 70
     0
  9
$TDCREATE
 40
2461301.128761574
  9
$TDUCREATE
 40
2461300.753761574
  9
$TDUPDATE
 40
2461301.159872685
  9
$TDUUPDATE
 40
2461300.784872685
  9
$TDINDWG
 40
0.0311111111
  9
$TDUSRTIMER
 40
0.0311111111
  9
$USRTIMER
 70
     1
  9
$ANGBASE
 50
0.0
  9
$ANGDIR
 70
     0
  9
$PDMODE
 70
     0
  9
$PDSIZE
 40
0.0
  9
$PLINEWID
 40
0.0
  9
$SPLFRAME
 70
     0
  9
$SPLINETYPE
 70
     6
  9
$SPLINESEGS
 70
     8
  9
$HANDSEED
  5
1C6B
  9
$SURFTAB1
 70
     6
  9
$SURFTAB2
 70
     6
  9
$SURFTYPE
 70
     6
  9
$SURFU
 70
     6
  9
$SURFV
 70
     6
  9
$UCSBASE
  2

  9
$UCSNAME
  2

  9
$UCSORG
 10
0.0
 20
0.0
 30
0.0
  9
$UCSXDIR
 10
1.0
 20
0.0
 30
0.0
  9
$UCSYDIR
 10
0.0
 20
1.0
 30
0.0
  9
$UCSORTHOREF
  2

  9
$UCSORTHOVIEW
 70
     0
  9
$UCSORGTOP
 10
0.0
 20
0.0
 30
0.0
  9
$UCSORGBOTTOM
 10
0.0
 20
0.0
 30
0.0
  9
$UCSORGLEFT
 10
0.0
 20
0.0
 30
0.0
  9
$UCSORGRIGHT
 10
0.0
 20
0.0
 30
0.0
  9
$UCSORGFRONT
 10
0.0
 20
0.0
 30
0.0
  9
$UCSORGBACK
 10
0.0
 20
0.0
 30
0.0
  9
$PUCSBASE
  2

  9
$PUCSNAME
  2

  9
$PUCSORG
 10
0.0
 20
0.0
 30
0.0
  9
$PUCSXDIR
 10
1.0
 20
0.0
 30
0.0
  9
$PUCSYDIR
 10
0.0
 20
1.0
 30
0.0
  9
$PUCSORTHOREF
  2

  9
$PUCSORTHOVIEW
 70
     0
  9
$PUCSORGTOP
 10
0.0
 20
0.0
 30
0.0
  9
$PUCSORGBOTTOM
 10
0.0
 20
0.0
 30
0.0
  9
$PUCSORGLEFT
 10
0.0
 20
0.0
 30
0.0
  9
$PUCSORGRIGHT
 10
0.0
 20
0.0
 30
0.0
  9
$PUCSORGFRONT
 10
0.0
 20
0.0
 30
0.0
  9
$PUCSORGBACK
 10
0.0
 20
0.0
 30
0.0
  9
$USERI1
 70
     0
  9
$USERI2
 70
     0
  9
$USERI3
 70
     0
  9
$USERI4
 70
     0
  9
$USERI5
 70
     0
  9
$USERR1
 40
0.0
  9
$USERR2
 40
0.0
  9
$USERR3
 40
0.0
  9
$USERR4
 40
0.0
  9
$USERR5
 40
0.0
  9
$WORLDVIEW
 70
     1
  9
$SHADEDGE
 70
     3
  9
$SHADEDIF
 70
    70
  9
$TILEMODE
 70
     1
  9
$MAXACTVP
 70
    64
  9
$PINSBASE
 10
0.0
 20
0.0
 30
0.0
  9
$PLIMCHECK
 70
     0
  9
$PEXTMIN
 10
0.0
 20
0.0
 30
0.0
  9
$PEXTMAX
 10
0.0
 20
0.0
 30
0.0
  9
$PLIMMIN
 10
0.0
 20
0.0
  9
$PLIMMAX
 10
12.0
 20
9.0
  9
$UNITMODE
 70
     0
  9
$VISRETAIN
 70
     1
  9
$PLINEGEN
 70
     0
  9
$PSLTSCALE
 70
     1
  9
$TREEDEPTH
 70
  3020
  9
$CMLSTYLE
  2
Standard
  9
$CMLJUST
 70
     0
  9
$CMLSCALE
 40
1.0
  9
$PROXYGRAPHICS
 70
     1
  9
$MEASUREMENT
 70
     0
  9
$CELWEIGHT
370
    -1
  9
$ENDCAPS
280
     0
  9
$JOINSTYLE
280
     0
  9
$LWDISPLAY
290
     0
  9
$INSUNITS
 70
     1
  9
$HYPERLINKBASE
  1

  9
$STYLESHEET
  1

  9
$XEDIT
290
     1
  9
$CEPSNTYPE
380
     0
  9
$PSTYLEMODE
290
     1
  9
$FINGERPRINTGUID
  2
{CCAFF7D4-8B71-EB49-9D9E-658B1E8D597A}
  9
$VERSIONGUID
  2
{9002FB8A-4DCB-3245-BEE2-821580C82B19}
  9
$EXTNAMES
290
     1
  9
$PSVPSCALE
 40
0.0
  9
$OLESTARTUP
290
     0
  9
$SORTENTS
280
   127
  9
$INDEXCTL
280
     0
  9
$HIDETEXT
280
     1
  9
$XCLIPFRAME
280
     2
  9
$HALOGAP
280
     0
  9
$OBSCOLOR
 70
   257
  9
$OBSLTYPE
280
     0
  9
$INTERSECTIONDISPLAY
280
     0
  9
$INTERSECTIONCOLOR
 70
   257
  9
$DIMASSOC
280
     2
  9
$PROJECTNAME
  1

  9
$CAMERADISPLAY
290
     0
  9
$LENSLENGTH
 40
50.0
  9
$CAMERAHEIGHT
 40
0.0
  9
$STEPSPERSEC
 40
2.0
  9
$STEPSIZE
 40
100.0
  9
$3DDWFPREC
 40
2.0
  9
$PSOLWIDTH
 40
0.25
  9
$PSOLHEIGHT
 40
4.0
  9
$LOFTANG1
 40
1.570796326794896
  9
$LOFTANG2
 40
1.570796326794896
  9
$LOFTMAG1
 40
0.0
  9
$LOFTMAG2
 40
0.0
  9
$LOFTPARAM
 70
     7
  9
$LOFTNORMALS
280
     1
  9
$LATITUDE
 40
37.795
  9
$LONGITUDE
 40
-122.394
  9
$NORTHDIRECTION
 40
0.0
  9
$TIMEZONE
 70
 -8000
  9
$LIGHTGLYPHDISPLAY
280
     1
  9
$TILEMODELIGHTSYNCH
280
     1
  9
$CMATERIAL
347
96
  9
$SOLIDHIST
280
     0
  9
$SHOWHIST
280
     1
  9
$DWFFRAME
280
     2
  9
$DGNFRAME
280
     0
  9
$REALWORLDSCALE
290
     1
  9
$INTERFERECOLOR
 62
     1
  9
$INTERFEREOBJVS
345
A3
  9
$INTERFEREVPVS
346
A0
  9
$CSHADOW
280
     0
  9
$SHADOWPLANELOCATION
 40
0.0
  0
ENDSEC
  0
SECTION
  2
CLASSES
  0
CLASS
  1
ACDBDICTIONARYWDFLT
  2
AcDbDictionaryWithDefault
  3
ObjectDBX Classes
 90
        0
 91
        1
280
     0
281
     0
  0
CLASS
  1
DICTIONARYVAR
  2
AcDbDictionaryVar
  3
ObjectDBX Classes
 90
        0
 91
      128
280
     0
281
     0
  0
CLASS
  1
TABLESTYLE
  2
AcDbTableStyle
  3
ObjectDBX Classes
 90
     4095
 91
        2
280
     0
281
     0
  0
CLASS
  1
MATERIAL
  2
AcDbMaterial
  3
ObjectDBX Classes
 90
     1153
 91
        3
280
     0
281
     0
  0
CLASS
  1
VISUALSTYLE
  2
AcDbVisualStyle
  3
ObjectDBX Classes
 90
     4095
 91
       24
280
     0
281
     0
  0
CLASS
  1
SCALE
  2
AcDbScale
  3
ObjectDBX Classes
 90
     1153
 91
       33
280
     0
281
     0
  0
CLASS
  1
MLEADERSTYLE
  2
AcDbMLeaderStyle
  3
ACDB_MLEADERSTYLE_CLASS
 90
     4095
 91
        2
280
     0
281
     0
  0
CLASS
  1
CELLSTYLEMAP
  2
AcDbCellStyleMap
  3
ObjectDBX Classes
 90
     1152
 91
        8
280
     0
281
     0
  0
CLASS
  1
EXACXREFPANELOBJECT
  2
ExAcXREFPanelObject
  3
EXAC_ESW
 90
     1025
 91
        1
280
     0
281
     0
  0
CLASS
  1
NPOCOLLECTION
  2
AcDbImpNonPersistentObjectsCollection
  3
ObjectDBX Classes
 90
     1153
 91
        1
280
     0
281
     0
  0
CLASS
  1
LAYER_INDEX
  2
AcDbLayerIndex
  3
ObjectDBX Classes
 90
        0
 91
        0
280
     0
281
     0
  0
CLASS
  1
SPATIAL_INDEX
  2
AcDbSpatialIndex
  3
ObjectDBX Classes
 90
        0
 91
        0
280
     0
281
     0
  0
CLASS
  1
IDBUFFER
  2
AcDbIdBuffer
  3
ObjectDBX Classes
 90
        0
 91
        0
280
     0
281
     0
  0
CLASS
  1
ACDBSECTIONVIEWSTYLE
  2
AcDbSectionViewStyle
  3
ObjectDBX Classes
 90
     1025
 91
        2
280
     0
281
     0
  0
CLASS
  1
ACDBDETAILVIEWSTYLE
  2
AcDbDetailViewStyle
  3
ObjectDBX Classes
 90
     1025
 91
        2
280
     0
281
     0
  0
CLASS
  1
DMMAPMANAGER
  2
AcMapDMMapManager
  3
AcMapDisplayManagement
 90
     1024
 91
        1
280
     0
281
     0
  0
CLASS
  1
DMSTYLELIBRARY
  2
AcMapDMStyleLibrary
  3
AcMapDisplayManagement
 90
     1024
 91
        1
280
     0
281
     0
  0
CLASS
  1
DMSTYLECATEGORY
  2
AcMapDMStyleCategory
  3
AcMapDisplayManagement
 90
     1024
 91
        1
280
     0
281
     0
  0
CLASS
  1
DATATABLE
  2
AcDbDataTable
  3
ObjectDBX Classes
 90
        0
 91
        1
280
     0
281
     0
  0
CLASS
  1
MAPRESOURCEMANAGEROBJECT
  2
AcMapResourceManager
  3
AcMapSharedComponents
 90
     1024
 91
        1
280
     0
281
     0
  0
CLASS
  1
MAPGWSUNDOOBJECT
  2
AcMapGWSUndoRecorder
  3
AcMapFeatureSourceManager
 90
     1025
 91
        1
280
     0
281
     0
  0
CLASS
  1
DMMAP
  2
AcMapDMMap
  3
AcMapDisplayManagement
 90
     1024
 91
        1
280
     0
281
     0
  0
CLASS
  1
DMBASEELEMENT
  2
AcMapDMBaseElement
  3
AcMapDisplayManagement
 90
     1024
 91
        1
280
     0
281
     0
  0
CLASS
  1
DMDEFAULTSTYLE
  2
AcMapDMDefaultStyle
  3
AcMapDisplayManagement
 90
     1024
 91
        1
280
     0
281
     0
  0
CLASS
  1
DMSTYLEREFERENCE
  2
AcMapDMStyleReference
  3
AcMapDisplayManagement
 90
     1024
 91
        1
280
     0
281
     0
  0
CLASS
  1
DMSURROGATESTYLESETS
  2
AcMapDMSurrogateStyleSets
  3
AcMapDisplayManagement
 90
     1153
 91
        1
280
     0
281
     0
  0
CLASS
  1
SORTENTSTABLE
  2
AcDbSortentsTable
  3
ObjectDBX Classes
 90
        0
 91
        8
280
     0
281
     0
  0
CLASS
  1
DMSTYLIZEDENTITIESTABLE
  2
AcMapDMStylizedEntitiesTable
  3
AcMapDisplayManagement
 90
     1024
 91
        1
280
     0
281
     0
  0
CLASS
  1
SUN
  2
AcDbSun
  3
SCENEOE
 90
     1153
 91
        1
280
     0
281
     0
  0
ENDSEC
  0
SECTION
  2
TABLES
  0
TABLE
  2
VPORT
  5
8
330
0
100
AcDbSymbolTable
 70
     1
1001
ACAD
1000
DbSaveVer
1071
      428
  0
VPORT
  5
94
330
8
100
AcDbSymbolTableRecord
100
AcDbViewportTableRecord
  2
*Active
 70
     0
 10
0.0
 20
0.0
 11
1.0
 21
1.0
 12
177250.5426660476
 22
418175.0860665937
 13
0.0
 23
0.0
 14
0.5
 24
0.5
 15
0.5
 25
0.5
 16
0.0
 26
0.0
 36
1.0
 17
0.0
 27
0.0
 37
0.0
 40
3441.69824333321
 41
1.200113378684807
 42
50.0
 43
0.0
 44
0.0
 50
0.0
 51
0.0
 71
     0
 72
  1000
 73
     1
 74
     3
 75
     0
 76
     0
 77
     0
 78
     0
281
     0
 65
     1
110
0.0
120
0.0
130
0.0
111
1.0
121
0.0
131
0.0
112
0.0
122
1.0
132
0.0
 79
     0
146
0.0
348
9F
 60
     3
 61
     5
292
     1
282
     1
141
0.0
142
0.0
 63
   250
421
  3355443
361
217
1001
ACAD_NAV_VCDISPLAY
1070
     3
  0
ENDTAB
  0
TABLE
  2
LTYPE
  5
5
330
0
100
AcDbSymbolTable
 70
     3
  0
LTYPE
  5
14
330
5
100
AcDbSymbolTableRecord
100
AcDbLinetypeTableRecord
  2
ByBlock
 70
     0
  3

 72
    65
 73
     0
 40
0.0
  0
LTYPE
  5
15
330
5
100
AcDbSymbolTableRecord
100
AcDbLinetypeTableRecord
  2
ByLayer
 70
     0
  3

 72
    65
 73
     0
 40
0.0
  0
LTYPE
  5
16
330
5
100
AcDbSymbolTableRecord
100
AcDbLinetypeTableRecord
  2
Continuous
 70
     0
  3
Solid line
 72
    65
 73
     0
 40
0.0
  0
LTYPE
  5
22F
330
5
100
AcDbSymbolTableRecord
100
AcDbLinetypeTableRecord
  2
HIDDEN
 70
     0
  3
Hidden __ __ __ __ __ __ __ __ __ __ __ __ __ _
 72
    65
 73
     2
 40
0.375
 49
0.25
 74
     0
 49
-0.125
 74
     0
  0
ENDTAB
  0
TABLE
  2
LAYER
  5
2
102
{ACAD_XDICTIONARY
360
18E
102
}
330
0
100
AcDbSymbolTable
 70
    12
  0
LAYER
  5
10
102
{ACAD_XDICTIONARY
360
E6
102
}
330
2
100
AcDbSymbolTableRecord
100
AcDbLayerTableRecord
  2
0
 70
     0
 62
     7
  6
Continuous
370
    -3
390
F
347
98
348
0
  0
LAYER
  5
230
330
2
100
AcDbSymbolTableRecord
100
AcDbLayerTableRecord
  2
-오수맨홀(2공구)
 70
     0
 62
     4
  6
Continuous
370
    -3
390
F
347
98
348
0
1001
AcAecLayerStandard
1000

1000

1001
AcCmTransparency
1071
        0
  0
LAYER
  5
231
330
2
100
AcDbSymbolTableRecord
100
AcDbLayerTableRecord
  2
OsuMH_check
 70
     0
 62
     1
  6
Continuous
370
    -3
390
F
347
98
348
0
1001
AcAecLayerStandard
1000

1000

1001
AcCmTransparency
1071
        0
  0
LAYER
  5
3CF
330
2
100
AcDbSymbolTableRecord
100
AcDbLayerTableRecord
  2
오수맨홀(2공구)
 70
     0
 62
     7
  6
Continuous
370
    -3
390
F
347
98
348
0
1001
AcAecLayerStandard
1000

1000

1001
AcCmTransparency
1071
        0
  0
LAYER
  5
3D0
330
2
100
AcDbSymbolTableRecord
100
AcDbLayerTableRecord
  2
오수맨홀좌표(2공구)
 70
     0
 62
     4
  6
Continuous
370
    -3
390
F
347
98
348
0
1001
AcAecLayerStandard
1000

1000

1001
AcCmTransparency
1071
        0
  0
LAYER
  5
8C5
330
2
100
AcDbSymbolTableRecord
100
AcDbLayerTableRecord
  2
Osu_line
 70
     0
 62
     5
  6
Continuous
370
    -3
390
F
347
98
348
0
1001
AcAecLayerStandard
1000

1000

1001
AcCmTransparency
1071
        0
  0
LAYER
  5
9B6
330
2
100
AcDbSymbolTableRecord
100
AcDbLayerTableRecord
  2
0-오수수정(13차)
 70
     0
 62
     1
  6
Continuous
370
    -3
390
F
347
98
348
0
1001
AcAecLayerStandard
1000

1000

1001
AcCmTransparency
1071
        0
  0
LAYER
  5
A97
330
2
100
AcDbSymbolTableRecord
100
AcDbLayerTableRecord
  2
오수원형관로명(2공구)
 70
     0
 62
     4
  6
Continuous
370
    -3
390
F
347
98
348
0
1001
AcAecLayerStandard
1000

1000

1001
AcCmTransparency
1071
        0
  0
LAYER
  5
A98
330
2
100
AcDbSymbolTableRecord
100
AcDbLayerTableRecord
  2
오수원형관로연장(2공구)
 70
     0
 62
     4
  6
Continuous
370
    -3
390
F
347
98
348
0
1001
AcAecLayerStandard
1000

1000

1001
AcCmTransparency
1071
        0
  0
LAYER
  5
D87
330
2
100
AcDbSymbolTableRecord
100
AcDbLayerTableRecord
  2
d_line
 70
     0
 62
     8
  6
Continuous
370
    -3
390
F
347
98
348
0
1001
AcAecLayerStandard
1000

1000

1001
AcCmTransparency
1071
        0
  0
LAYER
  5
1BE7
102
{ACAD_XDICTIONARY
360
1BE8
102
}
330
2
100
AcDbSymbolTableRecord
100
AcDbLayerTableRecord
  2
도로명
 70
     0
 62
     1
  6
Continuous
370
    -3
390
F
347
98
348
0
  0
ENDTAB
  0
TABLE
  2
STYLE
  5
3
330
0
100
AcDbSymbolTable
 70
     3
  0
STYLE
  5
11
330
3
100
AcDbSymbolTableRecord
100
AcDbTextStyleTableRecord
  2
Standard
 70
     0
 40
0.0
 41
1.0
 50
0.0
 71
     0
 42
0.2
  3
arial.ttf
  4

1001
ACAD
1000
Arial
1071
       34
  0
STYLE
  5
DC
330
3
100
AcDbSymbolTableRecord
100
AcDbTextStyleTableRecord
  2
주석
 70
     0
 40
0.0
 41
1.0
 50
0.0
 71
     0
 42
0.2
  3
arial.ttf
  4

1001
AcadAnnotative
1000
AnnotativeData
1002
{
1070
     1
1070
     1
1002
}
1001
ACAD
1000
Arial
1071
       34
  0
STYLE
  5
20C
330
3
100
AcDbSymbolTableRecord
100
AcDbTextStyleTableRecord
  2
Legend
 70
     0
 40
0.0
 41
1.0
 50
0.0
 71
     0
 42
0.2
  3
calibri.ttf
  4

1001
ACAD
1000
Calibri
1071
       80
  0
ENDTAB
  0
TABLE
  2
VIEW
  5
6
330
0
100
AcDbSymbolTable
 70
     3
  0
ENDTAB
  0
TABLE
  2
UCS
  5
7
330
0
100
AcDbSymbolTable
 70
     0
  0
ENDTAB
  0
TABLE
  2
APPID
  5
9
330
0
100
AcDbSymbolTable
 70
    20
  0
APPID
  5
12
330
9
100
AcDbSymbolTableRecord
100
AcDbRegAppTableRecord
  2
ACAD
 70
     0
  0
APPID
  5
DD
330
9
100
AcDbSymbolTableRecord
100
AcDbRegAppTableRecord
  2
AcadAnnoPO
 70
     0
  0
APPID
  5
DE
330
9
100
AcDbSymbolTableRecord
100
AcDbRegAppTableRecord
  2
AcadAnnotative
 70
     0
  0
APPID
  5
DF
330
9
100
AcDbSymbolTableRecord
100
AcDbRegAppTableRecord
  2
ACAD_DSTYLE_DIMJAG
 70
     0
  0
APPID
  5
E0
330
9
100
AcDbSymbolTableRecord
100
AcDbRegAppTableRecord
  2
ACAD_DSTYLE_DIMTALN
 70
     0
  0
APPID
  5
107
330
9
100
AcDbSymbolTableRecord
100
AcDbRegAppTableRecord
  2
ACAD_MLEADERVER
 70
     0
  0
APPID
  5
1A6
330
9
100
AcDbSymbolTableRecord
100
AcDbRegAppTableRecord
  2
ACAD_NAV_VCDISPLAY
 70
     0
  0
APPID
  5
210
330
9
100
AcDbSymbolTableRecord
100
AcDbRegAppTableRecord
  2
AcMapDMDisplayStyleRegapp
 70
     0
  0
APPID
  5
21A
330
9
100
AcDbSymbolTableRecord
100
AcDbRegAppTableRecord
  2
ADE
 70
     0
  0
APPID
  5
21F
330
9
100
AcDbSymbolTableRecord
100
AcDbRegAppTableRecord
  2
DCO15
 70
     0
  0
APPID
  5
221
330
9
100
AcDbSymbolTableRecord
100
AcDbRegAppTableRecord
  2
MapGWS
 70
     0
  0
APPID
  5
233
330
9
100
AcDbSymbolTableRecord
100
AcDbRegAppTableRecord
  2
ACAD_PSEXT
 70
     0
  0
APPID
  5
234
330
9
100
AcDbSymbolTableRecord
100
AcDbRegAppTableRecord
  2
AcAecLayerStandard
 70
     0
  0
APPID
  5
235
330
9
100
AcDbSymbolTableRecord
100
AcDbRegAppTableRecord
  2
AcLayerTools
 70
     0
  0
APPID
  5
236
330
9
100
AcDbSymbolTableRecord
100
AcDbRegAppTableRecord
  2
AcCmTransparency
 70
     0
  0
APPID
  5
237
330
9
100
AcDbSymbolTableRecord
100
AcDbRegAppTableRecord
  2
AcadStringInfo
 70
     0
  0
APPID
  5
3D1
330
9
100
AcDbSymbolTableRecord
100
AcDbRegAppTableRecord
  2
Dream_TTE
 70
     0
  0
APPID
  5
A71
330
9
100
AcDbSymbolTableRecord
100
AcDbRegAppTableRecord
  2
ACAD_EXEMPT_FROM_CAD_STANDARDS
 70
     0
  0
APPID
  5
D88
330
9
100
AcDbSymbolTableRecord
100
AcDbRegAppTableRecord
  2
AcDbBlockRepETag
 70
     0
  0
APPID
  5
1C5A
330
9
100
AcDbSymbolTableRecord
100
AcDbRegAppTableRecord
  2
ADE_PROJECTION
 70
     0
  0
ENDTAB
  0
TABLE
  2
DIMSTYLE
  5
A
330
0
100
AcDbSymbolTable
 70
     4
100
AcDbDimStyleTable
 71
     2
340
27
340
E1
  0
DIMSTYLE
105
27
330
A
100
AcDbSymbolTableRecord
100
AcDbDimStyleTableRecord
  2
Standard
 70
     0
340
11
  0
DIMSTYLE
105
E1
330
A
100
AcDbSymbolTableRecord
100
AcDbDimStyleTableRecord
  2
주석
 70
     0
 40
0.0
340
11
1001
AcadAnnotative
1000
AnnotativeData
1002
{
1070
     1
1070
     1
1002
}
1001
ACAD_DSTYLE_DIMJAG
1070
   388
1040
1.5
1001
ACAD_DSTYLE_DIMTALN
1070
   392
1070
     0
  0
DIMSTYLE
105
232
330
A
100
AcDbSymbolTableRecord
100
AcDbDimStyleTableRecord
  2
ISO-25
 70
     0
 41
2.5
 42
0.625
 43
3.75
 44
1.25
 73
     0
 74
     0
 77
     1
 78
     8
140
2.5
141
2.5
143
0.03937007874016
147
0.625
171
     3
172
     1
271
     2
272
     2
274
     3
278
    44
283
     0
284
     8
340
11
  0
ENDTAB
  0
TABLE
  2
BLOCK_RECORD
  5
1
330
0
100
AcDbSymbolTable
 70
     9
  0
BLOCK_RECORD
  5
1F
102
{ACAD_XDICTIONARY
360
15D
102
}
330
1
100
AcDbSymbolTableRecord
100
AcDbBlockTableRecord
  2
*Model_Space
340
22
 70
     0
280
     1
281
     0
  0
BLOCK_RECORD
  5
58
330
1
100
AcDbSymbolTableRecord
100
AcDbBlockTableRecord
  2
*Paper_Space
340
59
 70
     0
280
     1
281
     0
  0
BLOCK_RECORD
  5
5D
330
1
100
AcDbSymbolTableRecord
100
AcDbBlockTableRecord
  2
*Paper_Space0
340
5E
 70
     0
280
     1
281
     0
  0
ENDTAB
  0
ENDSEC
  0
SECTION
  2
BLOCKS
  0
BLOCK
  5
20
330
1F
100
AcDbEntity
  8
0
100
AcDbBlockBegin
  2
*Model_Space
 70
     0
 10
0.0
 20
0.0
 30
0.0
  3
*Model_Space
  1

  0
ENDBLK
  5
21
330
1F
100
AcDbEntity
  8
0
100
AcDbBlockEnd
  0
BLOCK
  5
5A
330
58
100
AcDbEntity
 67
     1
  8
0
100
AcDbBlockBegin
  2
*Paper_Space
 70
     0
 10
0.0
 20
0.0
 30
0.0
  3
*Paper_Space
  1

  0
ENDBLK
  5
5B
330
58
100
AcDbEntity
 67
     1
  8
0
100
AcDbBlockEnd
  0
BLOCK
  5
5F
330
5D
100
AcDbEntity
 67
     1
  8
0
100
AcDbBlockBegin
  2
*Paper_Space0
 70
     0
 10
0.0
 20
0.0
 30
0.0
  3
*Paper_Space0
  1

  0
ENDBLK
  5
60
330
5D
100
AcDbEntity
 67
     1
  8
0
100
AcDbBlockEnd
  0
ENDSEC
  0
SECTION
  2
ENTITIES
  0
LWPOLYLINE
  5
311
330
1F
100
AcDbEntity
  8
OsuMH_check
100
AcDbPolyline
 90
        2
 70
   129
 43
0.3
 10
174555.7117526186
 20
417255.2615306942
 42
-1.0
 10
174560.7117526186
 20
417255.2615306942
 42
-1.0
  0
LWPOLYLINE
  5
312
330
1F
100
AcDbEntity
  8
OsuMH_check
100
AcDbPolyline
 90
        2
 70
   129
 43
0.3
 10
174843.7645922283
 20
417671.2707568673
 42
-1.0
 10
174848.7645922282
 20
417671.2707568673
 42
-1.0
  0
LWPOLYLINE
  5
313
330
1F
100
AcDbEntity
  8
OsuMH_check
100
AcDbPolyline
 90
        2
 70
   129
 43
0.3
 10
174991.0834228051
 20
417851.5808446575
 42
-1.0
 10
174996.083422805
 20
417851.5808446575
 42
-1.0
  0
LWPOLYLINE
  5
314
330
1F
100
AcDbEntity
  8
OsuMH_check
100
AcDbPolyline
 90
        2
 70
   129
 43
0.3
 10
174976.4255184786
 20
417837.7096186122
 42
-1.0
 10
174981.4255184785
 20
417837.7096186122
 42
-1.0
  0
LWPOLYLINE
  5
315
330
1F
100
AcDbEntity
  8
OsuMH_check
100
AcDbPolyline
 90
        2
 70
   129
 43
0.3
 10
175680.1285428337
 20
417916.7673218813
 42
-1.0
 10
175685.1285428336
 20
417916.7673218813
 42
-1.0
  0
LWPOLYLINE
  5
316
330
1F
100
AcDbEntity
  8
OsuMH_check
100
AcDbPolyline
 90
        2
 70
   129
 43
0.3
 10
176073.2175341467
 20
417812.0700403272
 42
-1.0
 10
176078.2175341467
 20
417812.0700403272
 42
-1.0
  0
LWPOLYLINE
  5
317
330
1F
100
AcDbEntity
  8
OsuMH_check
100
AcDbPolyline
 90
        2
 70
   129
 43
0.3
 10
175776.0932494659
 20
418054.5698536713
 42
-1.0
 10
175781.0932494659
 20
418054.5698536713
 42
-1.0
  0
LWPOLYLINE
  5
318
330
1F
100
AcDbEntity
  8
OsuMH_check
100
AcDbPolyline
 90
        2
 70
   129
 43
0.3
 10
175703.8561209144
 20
418439.3266506178
 42
-1.0
 10
175708.8561209143
 20
418439.3266506178
 42
-1.0
  0
LWPOLYLINE
  5
319
330
1F
100
AcDbEntity
  8
OsuMH_check
100
AcDbPolyline
 90
        2
 70
   129
 43
0.3
 10
175934.9540595894
 20
418229.713333203
 42
-1.0
 10
175939.9540595894
 20
418229.713333203
 42
-1.0
  0
LWPOLYLINE
  5
31A
330
1F
100
AcDbEntity
  8
OsuMH_check
100
AcDbPolyline
 90
        2
 70
   129
 43
0.3
 10
176148.7008261628
 20
418035.8380910226
 42
-1.0
 10
176153.7008261627
 20
418035.8380910226
 42
-1.0
  0
LWPOLYLINE
  5
31B
330
1F
100
AcDbEntity
  8
OsuMH_check
100
AcDbPolyline
 90
        2
 70
   129
 43
0.3
 10
176161.499283917
 20
418020.17924435
 42
-1.0
 10
176166.4992839169
 20
418020.17924435
 42
-1.0
  0
LWPOLYLINE
  5
31C
330
1F
100
AcDbEntity
  8
OsuMH_check
100
AcDbPolyline
 90
        2
 70
   129
 43
0.3
 10
176216.6260804964
 20
417970.1774538723
 42
-1.0
 10
176221.6260804963
 20
417970.1774538723
 42
-1.0
  0
LWPOLYLINE
  5
31D
330
1F
100
AcDbEntity
  8
OsuMH_check
100
AcDbPolyline
 90
        2
 70
   129
 43
0.3
 10
176243.8779827009
 20
417949.509326524
 42
-1.0
 10
176248.8779827009
 20
417949.509326524
 42
-1.0
  0
LWPOLYLINE
  5
31E
330
1F
100
AcDbEntity
  8
OsuMH_check
100
AcDbPolyline
 90
        2
 70
   129
 43
0.3
 10
176293.4521434612
 20
417904.5439566265
 42
-1.0
 10
176298.4521434612
 20
417904.5439566265
 42
-1.0
  0
LWPOLYLINE
  5
31F
330
1F
100
AcDbEntity
  8
OsuMH_check
100
AcDbPolyline
 90
        2
 70
   129
 43
0.3
 10
176093.148437086
 20
418086.2259076836
 42
-1.0
 10
176098.1484370859
 20
418086.2259076836
 42
-1.0
  0
LWPOLYLINE
  5
320
330
1F
100
AcDbEntity
  8
OsuMH_check
100
AcDbPolyline
 90
        2
 70
   129
 43
0.3
 10
176037.5960480091
 20
418136.6137243446
 42
-1.0
 10
176042.5960480091
 20
418136.6137243446
 42
-1.0
  0
LWPOLYLINE
  5
321
330
1F
100
AcDbEntity
  8
OsuMH_check
100
AcDbPolyline
 90
        2
 70
   129
 43
0.3
 10
175985.7471515375
 20
418183.642353228
 42
-1.0
 10
175990.7471515374
 20
418183.642353228
 42
-1.0
  0
LWPOLYLINE
  5
322
330
1F
100
AcDbEntity
  8
OsuMH_check
100
AcDbPolyline
 90
        2
 70
   129
 43
0.3
 10
175816.4035027872
 20
418099.0117649395
 42
-1.0
 10
175821.4035027872
 20
418099.0117649395
 42
-1.0
  0
LWPOLYLINE
  5
323
330
1F
100
AcDbEntity
  8
OsuMH_check
100
AcDbPolyline
 90
        2
 70
   129
 43
0.3
 10
175856.7137561086
 20
418143.4536762075
 42
-1.0
 10
175861.7137561085
 20
418143.4536762075
 42
-1.0
  0
LWPOLYLINE
  5
324
330
1F
100
AcDbEntity
  8
OsuMH_check
100
AcDbPolyline
 90
        2
 70
   129
 43
0.3
 10
175897.0240094298
 20
418187.8955874759
 42
-1.0
 10
175902.0240094298
 20
418187.8955874759
 42
-1.0
  0
LWPOLYLINE
  5
325
330
1F
100
AcDbEntity
  8
OsuMH_check
100
AcDbPolyline
 90
        2
 70
   129
 43
0.3
 10
175886.8086557229
 20
418273.3827743093
 42
-1.0
 10
175891.8086557229
 20
418273.3827743093
 42
-1.0
  0
LWPOLYLINE
  5
326
330
1F
100
AcDbEntity
  8
OsuMH_check
100
AcDbPolyline
 90
        2
 70
   129
 43
0.3
 10
175838.6632518564
 20
418317.0522154155
 42
-1.0
 10
175843.6632518563
 20
418317.0522154155
 42
-1.0
  0
LWPOLYLINE
  5
327
330
1F
100
AcDbEntity
  8
OsuMH_check
100
AcDbPolyline
 90
        2
 70
   129
 43
0.3
 10
175790.5178479898
 20
418360.7216565214
 42
-1.0
 10
175795.5178479897
 20
418360.7216565214
 42
-1.0
  0
LWPOLYLINE
  5
328
330
1F
100
AcDbEntity
  8
OsuMH_check
100
AcDbPolyline
 90
        2
 70
   129
 43
0.3
 10
175746.0759367283
 20
418401.0319098503
 42
-1.0
 10
175751.0759367283
 20
418401.0319098503
 42
-1.0
  0
LWPOLYLINE
  5
329
330
1F
100
AcDbEntity
  8
OsuMH_check
100
AcDbPolyline
 90
        2
 70
   129
 43
0.3
 10
175663.117702258
 20
418476.2777161689
 42
-1.0
 10
175668.117702258
 20
418476.2777161689
 42
-1.0
  0
LWPOLYLINE
  5
32A
330
1F
100
AcDbEntity
  8
OsuMH_check
100
AcDbPolyline
 90
        2
 70
   129
 43
0.3
 10
175626.0827762068
 20
418509.8695939429
 42
-1.0
 10
175631.0827762067
 20
418509.8695939429
 42
-1.0
  0
LWPOLYLINE
  5
32B
330
1F
100
AcDbEntity
  8
OsuMH_check
100
AcDbPolyline
 90
        2
 70
   129
 43
0.3
 10
174583.3996331213
 20
417323.6758596629
 42
-1.0
 10
174581.5728208525
 20
417328.3301863523
 42
-1.0
  0
LWPOLYLINE
  5
32C
330
1F
100
AcDbEntity
  8
OsuMH_check
100
AcDbPolyline
 90
        2
 70
   129
 43
0.3
 10
174624.1522117693
 20
417385.9814687886
 42
-1.0
 10
174623.304561246
 20
417390.909093834
 42
-1.0
  0
LWPOLYLINE
  5
32D
330
1F
100
AcDbEntity
  8
OsuMH_check
100
AcDbPolyline
 90
        2
 70
   129
 43
0.3
 10
174670.3582286979
 20
417445.0577245906
 42
-1.0
 10
174669.5105781746
 20
417449.9853496362
 42
-1.0
  0
LWPOLYLINE
  5
32E
330
1F
100
AcDbEntity
  8
OsuMH_check
100
AcDbPolyline
 90
        2
 70
   129
 43
0.3
 10
174762.7702625549
 20
417563.2102361951
 42
-1.0
 10
174761.9226120316
 20
417568.1378612405
 42
-1.0
  0
LWPOLYLINE
  5
32F
330
1F
100
AcDbEntity
  8
OsuMH_check
100
AcDbPolyline
 90
        2
 70
   129
 43
0.3
 10
174805.8958625084
 20
417618.3480774635
 42
-1.0
 10
174805.0482119851
 20
417623.275702509
 42
-1.0
  0
LWPOLYLINE
  5
330
330
1F
100
AcDbEntity
  8
OsuMH_check
100
AcDbPolyline
 90
        2
 70
   129
 43
0.3
 10
174890.7364304943
 20
417723.1650294878
 42
-1.0
 10
174889.9759888152
 20
417728.1068640107
 42
-1.0
  0
LWPOLYLINE
  5
331
330
1F
100
AcDbEntity
  8
OsuMH_check
100
AcDbPolyline
 90
        2
 70
   129
 43
0.3
 10
174934.4674457719
 20
417777.8625125539
 42
-1.0
 10
174933.6197952487
 20
417782.7901375997
 42
-1.0
  0
LWPOLYLINE
  5
332
330
1F
100
AcDbEntity
  8
OsuMH_check
100
AcDbPolyline
 90
        2
 70
   129
 43
0.3
 10
175593.9514223886
 20
417386.596184748
 42
-1.0
 10
175598.9514223886
 20
417386.596184748
 42
-1.0
  0
LWPOLYLINE
  5
333
330
1F
100
AcDbEntity
  8
OsuMH_check
100
AcDbPolyline
 90
        2
 70
   129
 43
0.3
 10
175684.6066592548
 20
417304.3838846768
 42
-1.0
 10
175689.6066592547
 20
417304.3838846768
 42
-1.0
  0
LWPOLYLINE
  5
334
330
1F
100
AcDbEntity
  8
OsuMH_check
100
AcDbPolyline
 90
        2
 70
   129
 43
0.3
 10
175640.1647479907
 20
417344.6941380028
 42
-1.0
 10
175645.1647479906
 20
417344.6941380028
 42
-1.0
  0
LWPOLYLINE
  5
335
330
1F
100
AcDbEntity
  8
OsuMH_check
100
AcDbPolyline
 90
        2
 70
   129
 43
0.3
 10
175986.1385507308
 20
417579.1279064362
 42
-1.0
 10
175991.1385507308
 20
417579.1279064362
 42
-1.0
  0
LWPOLYLINE
  5
336
330
1F
100
AcDbEntity
  8
OsuMH_check
100
AcDbPolyline
 90
        2
 70
   129
 43
0.3
 10
176016.7760204678
 20
417611.4171530701
 42
-1.0
 10
176021.7760204678
 20
417611.4171530701
 42
-1.0
  0
LWPOLYLINE
  5
337
330
1F
100
AcDbEntity
  8
OsuMH_check
100
AcDbPolyline
 90
        2
 70
   129
 43
0.3
 10
175642.1891520493
 20
417947.1293476214
 42
-1.0
 10
175647.1891520492
 20
417947.1293476214
 42
-1.0
  0
LWPOLYLINE
  5
338
330
1F
100
AcDbEntity
  8
OsuMH_check
100
AcDbPolyline
 90
        2
 70
   129
 43
0.3
 10
175587.0623555993
 20
417997.1311379818
 42
-1.0
 10
175592.0623555993
 20
417997.1311379818
 42
-1.0
  0
LWPOLYLINE
  5
339
330
1F
100
AcDbEntity
  8
OsuMH_check
100
AcDbPolyline
 90
        2
 70
   129
 43
0.3
 10
175574.2638978454
 20
418012.7899846544
 42
-1.0
 10
175579.2638978453
 20
418012.7899846544
 42
-1.0
  0
LWPOLYLINE
  5
33A
330
1F
100
AcDbEntity
  8
OsuMH_check
100
AcDbPolyline
 90
        2
 70
   129
 43
0.3
 10
175526.1184939789
 20
418056.4594257607
 42
-1.0
 10
175531.1184939788
 20
418056.4594257607
 42
-1.0
  0
LWPOLYLINE
  5
33B
330
1F
100
AcDbEntity
  8
OsuMH_check
100
AcDbPolyline
 90
        2
 70
   129
 43
0.3
 10
174716.5642456264
 20
417504.1339803928
 42
-1.0
 10
174715.7165951031
 20
417509.0616054383
 42
-1.0
  0
LWPOLYLINE
  5
33C
330
1F
100
AcDbEntity
  8
OsuMH_check
100
AcDbPolyline
 90
        2
 70
   129
 43
0.3
 10
176402.9047355135
 20
418135.3607238553
 42
-1.0
 10
176407.9047355135
 20
418135.3607238553
 42
-1.0
  0
LWPOLYLINE
  5
33D
330
1F
100
AcDbEntity
  8
OsuMH_check
100
AcDbPolyline
 90
        2
 70
   129
 43
0.3
 10
176786.9799619654
 20
418541.6850653385
 42
-1.0
 10
176791.9799619653
 20
418541.6850653385
 42
-1.0
  0
LWPOLYLINE
  5
33E
330
1F
100
AcDbEntity
  8
OsuMH_check
100
AcDbPolyline
 90
        2
 70
   129
 43
0.3
 10
176055.2393833685
 20
418409.7743029977
 42
-1.0
 10
176060.2393833685
 20
418409.7743029977
 42
-1.0
  0
LWPOLYLINE
  5
33F
330
1F
100
AcDbEntity
  8
OsuMH_check
100
AcDbPolyline
 90
        2
 70
   129
 43
0.3
 10
176624.2126148652
 20
418213.800225256
 42
-1.0
 10
176629.2126148651
 20
418213.800225256
 42
-1.0
  0
LWPOLYLINE
  5
340
330
1F
100
AcDbEntity
  8
OsuMH_check
100
AcDbPolyline
 90
        2
 70
   129
 43
0.3
 10
176245.8407005121
 20
418651.7942072014
 42
1.0
 10
176245.3543575199
 20
418656.7704980381
 42
1.0
  0
LWPOLYLINE
  5
341
330
1F
100
AcDbEntity
  8
OsuMH_check
100
AcDbPolyline
 90
        2
 70
   129
 43
0.3
 10
176187.7227658931
 20
418609.7106595306
 42
-1.0
 10
176192.722765893
 20
418609.7106595306
 42
-1.0
  0
LWPOLYLINE
  5
342
330
1F
100
AcDbEntity
  8
OsuMH_check
100
AcDbPolyline
 90
        2
 70
   129
 43
0.3
 10
176138.8366635054
 20
418654.0519381924
 42
-1.0
 10
176143.8366635054
 20
418654.0519381924
 42
-1.0
  0
LWPOLYLINE
  5
343
330
1F
100
AcDbEntity
  8
OsuMH_check
100
AcDbPolyline
 90
        2
 70
   129
 43
0.3
 10
176085.5590097549
 20
418702.3764962161
 42
-1.0
 10
176090.5590097548
 20
418702.3764962161
 42
-1.0
  0
LWPOLYLINE
  5
344
330
1F
100
AcDbEntity
  8
OsuMH_check
100
AcDbPolyline
 90
        2
 70
   129
 43
0.3
 10
175938.8480628289
 20
418835.4480781717
 42
-1.0
 10
175943.8480628288
 20
418835.4480781717
 42
-1.0
  0
LWPOLYLINE
  5
345
330
1F
100
AcDbEntity
  8
OsuMH_check
100
AcDbPolyline
 90
        2
 70
   129
 43
0.3
 10
176517.6431467941
 20
418261.859415206
 42
-1.0
 10
176522.643146794
 20
418261.859415206
 42
-1.0
  0
LWPOLYLINE
  5
346
330
1F
100
AcDbEntity
  8
OsuMH_check
100
AcDbPolyline
 90
        2
 70
   129
 43
0.3
 10
176622.4519874336
 20
418166.7944011831
 42
-1.0
 10
176627.4519874335
 20
418166.7944011831
 42
-1.0
  0
LWPOLYLINE
  5
347
330
1F
100
AcDbEntity
  8
OsuMH_check
100
AcDbPolyline
 90
        2
 70
   129
 43
0.3
 10
176570.603090962
 20
418213.8230300664
 42
-1.0
 10
176575.6030909619
 20
418213.8230300664
 42
-1.0
  0
LWPOLYLINE
  5
348
330
1F
100
AcDbEntity
  8
OsuMH_check
100
AcDbPolyline
 90
        2
 70
   129
 43
0.3
 10
176443.2149888349
 20
418179.8026351235
 42
-1.0
 10
176448.2149888348
 20
418179.8026351235
 42
-1.0
  0
LWPOLYLINE
  5
349
330
1F
100
AcDbEntity
  8
OsuMH_check
100
AcDbPolyline
 90
        2
 70
   129
 43
0.3
 10
176483.5252421551
 20
418224.2445463927
 42
-1.0
 10
176488.525242155
 20
418224.2445463927
 42
-1.0
  0
LWPOLYLINE
  5
34A
330
1F
100
AcDbEntity
  8
OsuMH_check
100
AcDbPolyline
 90
        2
 70
   129
 43
0.3
 10
176171.7369374566
 20
418575.6075536327
 42
-1.0
 10
176176.7369374566
 20
418575.6075536327
 42
-1.0
  0
LWPOLYLINE
  5
34B
330
1F
100
AcDbEntity
  8
OsuMH_check
100
AcDbPolyline
 90
        2
 70
   129
 43
0.3
 10
176116.1845483747
 20
418625.9953702982
 42
-1.0
 10
176121.1845483746
 20
418625.9953702982
 42
-1.0
  0
LWPOLYLINE
  5
34C
330
1F
100
AcDbEntity
  8
OsuMH_check
100
AcDbPolyline
 90
        2
 70
   129
 43
0.3
 10
176015.1346047916
 20
418717.6509429115
 42
-1.0
 10
176020.1346047915
 20
418717.6509429115
 42
-1.0
  0
LWPOLYLINE
  5
34D
330
1F
100
AcDbEntity
  8
OsuMH_check
100
AcDbPolyline
 90
        2
 70
   129
 43
0.3
 10
176363.4499264526
 20
417899.1070085304
 42
-1.0
 10
176368.4499264525
 20
417899.1070085304
 42
-1.0
  0
LWPOLYLINE
  5
34E
330
1F
100
AcDbEntity
  8
OsuMH_check
100
AcDbPolyline
 90
        2
 70
   129
 43
0.3
 10
176307.8975373758
 20
417949.4948251913
 42
-1.0
 10
176312.8975373757
 20
417949.4948251913
 42
-1.0
  0
LWPOLYLINE
  5
34F
330
1F
100
AcDbEntity
  8
OsuMH_check
100
AcDbPolyline
 90
        2
 70
   129
 43
0.3
 10
175943.8442144022
 20
418279.7029836097
 42
-1.0
 10
175948.8442144022
 20
418279.7029836097
 42
-1.0
  0
LWPOLYLINE
  5
350
330
1F
100
AcDbEntity
  8
OsuMH_check
100
AcDbPolyline
 90
        2
 70
   129
 43
0.3
 10
175888.2918253254
 20
418330.0908002709
 42
-1.0
 10
175893.2918253253
 20
418330.0908002709
 42
-1.0
  0
LWPOLYLINE
  5
351
330
1F
100
AcDbEntity
  8
OsuMH_check
100
AcDbPolyline
 90
        2
 70
   129
 43
0.3
 10
175832.7394362486
 20
418380.4786169317
 42
-1.0
 10
175837.7394362485
 20
418380.4786169317
 42
-1.0
  0
LWPOLYLINE
  5
352
330
1F
100
AcDbEntity
  8
OsuMH_check
100
AcDbPolyline
 90
        2
 70
   129
 43
0.3
 10
175777.1870471717
 20
418430.8664335929
 42
-1.0
 10
175782.1870471717
 20
418430.8664335929
 42
-1.0
  0
LWPOLYLINE
  5
353
330
1F
100
AcDbEntity
  8
OsuMH_check
100
AcDbPolyline
 90
        2
 70
   129
 43
0.3
 10
175732.7451357999
 20
418471.1766870218
 42
-1.0
 10
175737.7451357999
 20
418471.1766870218
 42
-1.0
  0
LWPOLYLINE
  5
354
330
1F
100
AcDbEntity
  8
OsuMH_check
100
AcDbPolyline
 90
        2
 70
   129
 43
0.3
 10
176756.4475562369
 20
418565.3287156195
 42
-1.0
 10
176761.4475562368
 20
418565.3287156195
 42
-1.0
  0
LWPOLYLINE
  5
355
330
1F
100
AcDbEntity
  8
OsuMH_check
100
AcDbPolyline
 90
        2
 70
   129
 43
0.3
 10
176702.0614582757
 20
418614.6586684507
 42
-1.0
 10
176707.0614582756
 20
418614.6586684507
 42
-1.0
  0
LWPOLYLINE
  5
356
330
1F
100
AcDbEntity
  8
OsuMH_check
100
AcDbPolyline
 90
        2
 70
   129
 43
0.3
 10
176689.2630005212
 20
418630.317515123
 42
-1.0
 10
176694.2630005211
 20
418630.317515123
 42
-1.0
  0
LWPOLYLINE
  5
357
330
1F
100
AcDbEntity
  8
OsuMH_check
100
AcDbPolyline
 90
        2
 70
   129
 43
0.3
 10
176312.4975439362
 20
418971.5564598021
 42
-1.0
 10
176313.1309323692
 20
418976.5161794606
 42
-1.0
  0
LWPOLYLINE
  5
358
330
1F
100
AcDbEntity
  8
OsuMH_check
100
AcDbPolyline
 90
        2
 70
   129
 43
0.3
 10
176633.710611443
 20
418680.7053317823
 42
-1.0
 10
176638.7106114429
 20
418680.7053317823
 42
-1.0
  0
LWPOLYLINE
  5
359
330
1F
100
AcDbEntity
  8
OsuMH_check
100
AcDbPolyline
 90
        2
 70
   129
 43
0.3
 10
176578.1582223648
 20
418731.0931484418
 42
-1.0
 10
176583.1582223648
 20
418731.0931484418
 42
-1.0
  0
LWPOLYLINE
  5
35A
330
1F
100
AcDbEntity
  8
OsuMH_check
100
AcDbPolyline
 90
        2
 70
   129
 43
0.3
 10
176522.6058332866
 20
418781.4809651014
 42
-1.0
 10
176527.6058332866
 20
418781.4809651014
 42
-1.0
  0
LWPOLYLINE
  5
35B
330
1F
100
AcDbEntity
  8
OsuMH_check
100
AcDbPolyline
 90
        2
 70
   129
 43
0.3
 10
176467.0534442085
 20
418831.8687817608
 42
-1.0
 10
176472.0534442084
 20
418831.8687817608
 42
-1.0
  0
LWPOLYLINE
  5
35C
330
1F
100
AcDbEntity
  8
OsuMH_check
100
AcDbPolyline
 90
        2
 70
   129
 43
0.3
 10
176411.5010551302
 20
418882.2565984202
 42
-1.0
 10
176416.5010551302
 20
418882.2565984202
 42
-1.0
  0
LWPOLYLINE
  5
35D
330
1F
100
AcDbEntity
  8
OsuMH_check
100
AcDbPolyline
 90
        2
 70
   129
 43
0.3
 10
176359.6521586572
 20
418929.2852273021
 42
-1.0
 10
176364.6521586572
 20
418929.2852273021
 42
-1.0
  0
LWPOLYLINE
  5
35E
330
1F
100
AcDbEntity
  8
OsuMH_check
100
AcDbPolyline
 90
        2
 70
   129
 43
0.3
 10
176264.3521400684
 20
419015.225900907
 42
-1.0
 10
176264.9855285015
 20
419020.1856205655
 42
-1.0
  0
LWPOLYLINE
  5
35F
330
1F
100
AcDbEntity
  8
OsuMH_check
100
AcDbPolyline
 90
        2
 70
   129
 43
0.3
 10
176219.9102288059
 20
419055.5361542346
 42
-1.0
 10
176220.5436172389
 20
419060.4958738932
 42
-1.0
  0
LWPOLYLINE
  5
360
330
1F
100
AcDbEntity
  8
OsuMH_check
100
AcDbPolyline
 90
        2
 70
   129
 43
0.3
 10
176175.4683175433
 20
419095.846407562
 42
-1.0
 10
176176.1017059764
 20
419100.8061272206
 42
-1.0
  0
LWPOLYLINE
  5
361
330
1F
100
AcDbEntity
  8
OsuMH_check
100
AcDbPolyline
 90
        2
 70
   129
 43
0.3
 10
176801.6403246291
 20
418574.9652961628
 42
-1.0
 10
176806.6403246291
 20
418574.9652961628
 42
-1.0
  0
LWPOLYLINE
  5
362
330
1F
100
AcDbEntity
  8
OsuMH_check
100
AcDbPolyline
 90
        2
 70
   129
 43
0.3
 10
176475.7329753514
 20
418870.5738205842
 42
-1.0
 10
176480.7329753514
 20
418870.5738205842
 42
-1.0
  0
LWPOLYLINE
  5
363
330
1F
100
AcDbEntity
  8
OsuMH_check
100
AcDbPolyline
 90
        2
 70
   129
 43
0.3
 10
176690.5355464731
 20
418675.7409294822
 42
-1.0
 10
176695.535546473
 20
418675.7409294822
 42
-1.0
  0
LWPOLYLINE
  5
364
330
1F
100
AcDbEntity
  8
OsuMH_check
100
AcDbPolyline
 90
        2
 70
   129
 43
0.3
 10
176746.0879355511
 20
418625.3531128225
 42
-1.0
 10
176751.0879355511
 20
418625.3531128225
 42
-1.0
  0
LWPOLYLINE
  5
365
330
1F
100
AcDbEntity
  8
OsuMH_check
100
AcDbPolyline
 90
        2
 70
   129
 43
0.3
 10
176527.5818718442
 20
418823.5451916837
 42
-1.0
 10
176532.5818718442
 20
418823.5451916837
 42
-1.0
  0
LWPOLYLINE
  5
366
330
1F
100
AcDbEntity
  8
OsuMH_check
100
AcDbPolyline
 90
        2
 70
   129
 43
0.3
 10
176634.9831573952
 20
418726.1287461418
 42
-1.0
 10
176639.9831573951
 20
418726.1287461418
 42
-1.0
  0
LWPOLYLINE
  5
367
330
1F
100
AcDbEntity
  8
OsuMH_check
100
AcDbPolyline
 90
        2
 70
   129
 43
0.3
 10
176579.4307683171
 20
418776.5165628014
 42
-1.0
 10
176584.430768317
 20
418776.5165628014
 42
-1.0
  0
LWPOLYLINE
  5
368
330
1F
100
AcDbEntity
  8
OsuMH_check
100
AcDbPolyline
 90
        2
 70
   129
 43
0.3
 10
176424.532332576
 20
418919.2820433553
 42
-1.0
 10
176420.8288399708
 20
418922.6412311326
 42
-1.0
  0
LWPOLYLINE
  5
369
330
1F
100
AcDbEntity
  8
OsuMH_check
100
AcDbPolyline
 90
        2
 70
   129
 43
0.3
 10
176368.9799434979
 20
418969.669860015
 42
-1.0
 10
176365.2764508928
 20
418973.0290477923
 42
-1.0
  0
LWPOLYLINE
  5
36A
330
1F
100
AcDbEntity
  8
OsuMH_check
100
AcDbPolyline
 90
        2
 70
   129
 43
0.3
 10
176320.0938410956
 20
419014.0111386879
 42
-1.0
 10
176316.3903484905
 20
419017.370326465
 42
-1.0
  0
LWPOLYLINE
  5
36B
330
1F
100
AcDbEntity
  8
OsuMH_check
100
AcDbPolyline
 90
        2
 70
   129
 43
0.3
 10
176264.5414520173
 20
419064.3989553471
 42
-1.0
 10
176260.8379594121
 20
419067.7581431244
 42
-1.0
  0
LWPOLYLINE
  5
36C
330
1F
100
AcDbEntity
  8
OsuMH_check
100
AcDbPolyline
 90
        2
 70
   129
 43
0.3
 10
176208.9890629389
 20
419114.7867720064
 42
-1.0
 10
176205.2855703337
 20
419118.1459597836
 42
-1.0
  0
LWPOLYLINE
  5
36D
330
1F
100
AcDbEntity
  8
OsuMH_check
100
AcDbPolyline
 90
        2
 70
   129
 43
0.3
 10
176269.7515635582
 20
417984.094459318
 42
-1.0
 10
176274.7515635583
 20
417984.094459318
 42
-1.0
  0
LWPOLYLINE
  5
36E
330
1F
100
AcDbEntity
  8
OsuMH_check
100
AcDbPolyline
 90
        2
 70
   129
 43
0.3
 10
176189.7382785594
 20
418611.9327550936
 42
-1.0
 10
176194.7382785594
 20
418611.9327550936
 42
-1.0
  0
LWPOLYLINE
  5
36F
330
1F
100
AcDbEntity
  8
OsuMH_check
100
AcDbPolyline
 90
        2
 70
   129
 43
0.3
 10
176108.5206639068
 20
418681.5495319962
 42
-1.0
 10
176113.5206639067
 20
418681.5495319962
 42
-1.0
  0
LWPOLYLINE
  5
370
330
1F
100
AcDbEntity
  8
OsuMH_check
100
AcDbPolyline
 90
        2
 70
   129
 43
0.3
 10
176110.5361724307
 20
418683.7716313166
 42
-1.0
 10
176115.5361724306
 20
418683.7716313166
 42
-1.0
  0
LWPOLYLINE
  5
371
330
1F
100
AcDbEntity
  8
OsuMH_check
100
AcDbPolyline
 90
        2
 70
   129
 43
0.3
 10
176090.1629041556
 20
418464.595231613
 42
-1.0
 10
176095.1629041555
 20
418464.595231613
 42
-1.0
  0
LWPOLYLINE
  5
372
330
1F
100
AcDbEntity
  8
OsuMH_check
100
AcDbPolyline
 90
        2
 70
   129
 43
0.3
 10
176125.4684240566
 20
418519.1596054915
 42
-1.0
 10
176130.4684240566
 20
418519.1596054915
 42
-1.0
  0
LWPOLYLINE
  5
373
330
1F
100
AcDbEntity
  8
OsuMH_check
100
AcDbPolyline
 90
        2
 70
   129
 43
0.3
 10
176432.5557196086
 20
418863.159335607
 42
-1.0
 10
176437.5557196085
 20
418863.159335607
 42
-1.0
  0
LWPOLYLINE
  5
374
330
1F
100
AcDbEntity
  8
OsuMH_check
100
AcDbPolyline
 90
        2
 70
   129
 43
0.3
 10
176289.51014161
 20
418699.9396110753
 42
1.0
 10
176289.0237986178
 20
418704.9159019122
 42
1.0
  0
LWPOLYLINE
  5
375
330
1F
100
AcDbEntity
  8
OsuMH_check
100
AcDbPolyline
 90
        2
 70
   129
 43
0.3
 10
176339.8979582538
 20
418755.4920001677
 42
1.0
 10
176339.4116152616
 20
418760.4682910047
 42
1.0
  0
LWPOLYLINE
  5
376
330
1F
100
AcDbEntity
  8
OsuMH_check
100
AcDbPolyline
 90
        2
 70
   129
 43
0.3
 10
176390.2857748975
 20
418811.04438926
 42
1.0
 10
176389.7994319053
 20
418816.020680097
 42
1.0
  0
LWPOLYLINE
  5
377
330
1F
100
AcDbEntity
  8
OsuMH_check
100
AcDbPolyline
 90
        2
 70
   129
 43
0.3
 10
176268.705561663
 20
418535.8442443646
 42
-1.0
 10
176273.7055616629
 20
418535.8442443646
 42
-1.0
  0
LWPOLYLINE
  5
378
330
1F
100
AcDbEntity
  8
OsuMH_check
100
AcDbPolyline
 90
        2
 70
   129
 43
0.3
 10
176215.7600946207
 20
418583.8675059161
 42
-1.0
 10
176220.7600946206
 20
418583.8675059161
 42
-1.0
  0
LWPOLYLINE
  5
379
330
1F
100
AcDbEntity
  8
OsuMH_check
100
AcDbPolyline
 90
        2
 70
   129
 43
0.3
 10
176195.7323279746
 20
418602.0333391557
 42
-1.0
 10
176200.7323279745
 20
418602.0333391557
 42
-1.0
  0
LWPOLYLINE
  5
37A
330
1F
100
AcDbEntity
  8
OsuMH_check
100
AcDbPolyline
 90
        2
 70
   129
 43
0.3
 10
176276.5108406471
 20
418484.8870962222
 42
-1.0
 10
176281.510840647
 20
418484.8870962222
 42
-1.0
  0
LWPOLYLINE
  5
37B
330
1F
100
AcDbEntity
  8
OsuMH_check
100
AcDbPolyline
 90
        2
 70
   129
 43
0.3
 10
176222.6464305641
 20
418529.6936286021
 42
-1.0
 10
176227.646430564
 20
418529.6936286021
 42
-1.0
  0
LWPOLYLINE
  5
37C
330
1F
100
AcDbEntity
  8
OsuMH_check
100
AcDbPolyline
 90
        2
 70
   129
 43
0.3
 10
176191.8520374097
 20
418557.6251408586
 42
-1.0
 10
176196.8520374096
 20
418557.6251408586
 42
-1.0
  0
LWPOLYLINE
  5
37D
330
1F
100
AcDbEntity
  8
OsuMH_check
100
AcDbPolyline
 90
        2
 70
   129
 43
0.3
 10
176587.8443739618
 20
418383.880623121
 42
-1.0
 10
176592.8443739618
 20
418383.880623121
 42
-1.0
  0
LWPOLYLINE
  5
37E
330
1F
100
AcDbEntity
  8
OsuMH_check
100
AcDbPolyline
 90
        2
 70
   129
 43
0.3
 10
176620.7388464419
 20
418420.1466623226
 42
-1.0
 10
176625.7388464419
 20
418420.1466623226
 42
-1.0
  0
LWPOLYLINE
  5
37F
330
1F
100
AcDbEntity
  8
OsuMH_check
100
AcDbPolyline
 90
        2
 70
   129
 43
0.3
 10
176661.0490997633
 20
418464.5885735906
 42
-1.0
 10
176666.0490997632
 20
418464.5885735906
 42
-1.0
  0
LWPOLYLINE
  5
380
330
1F
100
AcDbEntity
  8
OsuMH_check
100
AcDbPolyline
 90
        2
 70
   129
 43
0.3
 10
176716.9832758147
 20
418521.8359542125
 42
-1.0
 10
176721.9832758146
 20
418521.8359542125
 42
-1.0
  0
LWPOLYLINE
  5
381
330
1F
100
AcDbEntity
  8
OsuMH_check
100
AcDbPolyline
 90
        2
 70
   129
 43
0.3
 10
176579.770542371
 20
418254.110624828
 42
-1.0
 10
176584.7705423709
 20
418254.110624828
 42
-1.0
  0
LWPOLYLINE
  5
382
330
1F
100
AcDbEntity
  8
OsuMH_check
100
AcDbPolyline
 90
        2
 70
   129
 43
0.3
 10
176550.0296223404
 20
418281.0866028321
 42
-1.0
 10
176555.0296223403
 20
418281.0866028321
 42
-1.0
  0
LWPOLYLINE
  5
383
330
1F
100
AcDbEntity
  8
OsuMH_check
100
AcDbPolyline
 90
        2
 70
   129
 43
0.3
 10
176521.6624416044
 20
418306.478959668
 42
-1.0
 10
176526.6624416044
 20
418306.478959668
 42
-1.0
  0
LWPOLYLINE
  5
384
330
1F
100
AcDbEntity
  8
OsuMH_check
100
AcDbPolyline
 90
        2
 70
   129
 43
0.3
 10
176497.8122841517
 20
418280.1842452191
 42
-1.0
 10
176502.8122841516
 20
418280.1842452191
 42
-1.0
  0
LWPOLYLINE
  5
385
330
1F
100
AcDbEntity
  8
OsuMH_check
100
AcDbPolyline
 90
        2
 70
   129
 43
0.3
 10
176444.9075828895
 20
418328.1705232481
 42
-1.0
 10
176449.9075828895
 20
418328.1705232481
 42
-1.0
  0
LWPOLYLINE
  5
386
330
1F
100
AcDbEntity
  8
OsuMH_check
100
AcDbPolyline
 90
        2
 70
   129
 43
0.3
 10
176468.2795079222
 20
418354.8990100081
 42
-1.0
 10
176473.2795079221
 20
418354.8990100081
 42
-1.0
  0
LWPOLYLINE
  5
387
330
1F
100
AcDbEntity
  8
OsuMH_check
100
AcDbPolyline
 90
        2
 70
   129
 43
0.3
 10
175994.5679748485
 20
418340.0620577685
 42
-1.0
 10
175999.5679748484
 20
418340.0620577685
 42
-1.0
  0
LWPOLYLINE
  5
388
330
1F
100
AcDbEntity
  8
OsuMH_check
100
AcDbPolyline
 90
        2
 70
   129
 43
0.3
 10
175428.5223779148
 20
417809.4129242997
 42
-1.0
 10
175433.5223779147
 20
417809.4129242997
 42
-1.0
  0
LWPOLYLINE
  5
389
330
1F
100
AcDbEntity
  8
OsuMH_check
100
AcDbPolyline
 90
        2
 70
   129
 43
0.3
 10
175479.4232374883
 20
417763.2441941432
 42
-1.0
 10
175484.4232374882
 20
417763.2441941432
 42
-1.0
  0
LWPOLYLINE
  5
38A
330
1F
100
AcDbEntity
  8
OsuMH_check
100
AcDbPolyline
 90
        2
 70
   129
 43
0.3
 10
175795.4203189165
 20
417544.0537234306
 42
-1.0
 10
175800.4203189165
 20
417544.0537234306
 42
-1.0
  0
LWPOLYLINE
  5
38B
330
1F
100
AcDbEntity
  8
OsuMH_check
100
AcDbPolyline
 90
        2
 70
   129
 43
0.3
 10
175886.0065003376
 20
417465.9393529497
 42
-1.0
 10
175891.0065003375
 20
417465.9393529497
 42
-1.0
  0
LWPOLYLINE
  5
38C
330
1F
100
AcDbEntity
  8
OsuMH_check
100
AcDbPolyline
 90
        2
 70
   129
 43
0.3
 10
175937.8553968093
 20
417418.9107240663
 42
-1.0
 10
175942.8553968093
 20
417418.9107240663
 42
-1.0
  0
LWPOLYLINE
  5
38D
330
1F
100
AcDbEntity
  8
OsuMH_check
100
AcDbPolyline
 90
        2
 70
   129
 43
0.3
 10
175432.3907770534
 20
417711.3620184008
 42
-1.0
 10
175437.3907770533
 20
417711.3620184008
 42
-1.0
  0
LWPOLYLINE
  5
38E
330
1F
100
AcDbEntity
  8
OsuMH_check
100
AcDbPolyline
 90
        2
 70
   129
 43
0.3
 10
175382.0107639788
 20
417655.8182327315
 42
-1.0
 10
175387.0107639788
 20
417655.8182327315
 42
-1.0
  0
LWPOLYLINE
  5
38F
330
1F
100
AcDbEntity
  8
OsuMH_check
100
AcDbPolyline
 90
        2
 70
   129
 43
0.3
 10
175967.8899182387
 20
417655.7584315883
 42
-1.0
 10
175972.8899182386
 20
417655.7584315883
 42
-1.0
  0
LWPOLYLINE
  5
390
330
1F
100
AcDbEntity
  8
OsuMH_check
100
AcDbPolyline
 90
        2
 70
   129
 43
0.3
 10
175937.993147019
 20
417622.7973474017
 42
-1.0
 10
175942.993147019
 20
417622.7973474017
 42
-1.0
  0
LWPOLYLINE
  5
391
330
1F
100
AcDbEntity
  8
OsuMH_check
100
AcDbPolyline
 90
        2
 70
   129
 43
0.3
 10
175901.0420815386
 20
417582.0589288234
 42
-1.0
 10
175906.0420815386
 20
417582.0589288234
 42
-1.0
  0
LWPOLYLINE
  5
392
330
1F
100
AcDbEntity
  8
OsuMH_check
100
AcDbPolyline
 90
        2
 70
   129
 43
0.3
 10
175867.4502036941
 20
417545.0240026935
 42
-1.0
 10
175872.4502036941
 20
417545.0240026935
 42
-1.0
  0
LWPOLYLINE
  5
393
330
1F
100
AcDbEntity
  8
OsuMH_check
100
AcDbPolyline
 90
        2
 70
   129
 43
0.3
 10
175834.455545081
 20
417508.6475086488
 42
-1.0
 10
175839.455545081
 20
417508.6475086488
 42
-1.0
  0
LWPOLYLINE
  5
394
330
1F
100
AcDbEntity
  8
OsuMH_check
100
AcDbPolyline
 90
        2
 70
   129
 43
0.3
 10
175737.6553965662
 20
417401.9256883876
 42
-1.0
 10
175742.6553965661
 20
417401.9256883876
 42
-1.0
  0
LWPOLYLINE
  5
395
330
1F
100
AcDbEntity
  8
OsuMH_check
100
AcDbPolyline
 90
        2
 70
   129
 43
0.3
 10
175703.4661183221
 20
417364.2321304377
 42
-1.0
 10
175708.466118322
 20
417364.2321304377
 42
-1.0
  0
LWPOLYLINE
  5
396
330
1F
100
AcDbEntity
  8
OsuMH_check
100
AcDbPolyline
 90
        2
 70
   129
 43
0.3
 10
175804.3182634585
 20
417341.4603083946
 42
-1.0
 10
175809.3182634584
 20
417341.4603083946
 42
-1.0
  0
LWPOLYLINE
  5
397
330
1F
100
AcDbEntity
  8
OsuMH_check
100
AcDbPolyline
 90
        2
 70
   129
 43
0.3
 10
175776.1717196597
 20
417366.9901355026
 42
-1.0
 10
175781.1717196597
 20
417366.9901355026
 42
-1.0
  0
LWPOLYLINE
  5
398
330
1F
100
AcDbEntity
  8
OsuMH_check
100
AcDbPolyline
 90
        2
 70
   129
 43
0.3
 10
175806.4044096563
 20
417400.3215689487
 42
-1.0
 10
175811.4044096562
 20
417400.3215689487
 42
-1.0
  0
LWPOLYLINE
  5
399
330
1F
100
AcDbEntity
  8
OsuMH_check
100
AcDbPolyline
 90
        2
 70
   129
 43
0.3
 10
175254.6459112918
 20
417688.9719049589
 42
-1.0
 10
175259.6459112917
 20
417688.9719049589
 42
-1.0
  0
LWPOLYLINE
  5
39A
330
1F
100
AcDbEntity
  8
OsuMH_check
100
AcDbPolyline
 90
        2
 70
   129
 43
0.3
 10
175304.0656749218
 20
417644.1465782676
 42
-1.0
 10
175309.0656749217
 20
417644.1465782676
 42
-1.0
  0
LWPOLYLINE
  5
39B
330
1F
100
AcDbEntity
  8
OsuMH_check
100
AcDbPolyline
 90
        2
 70
   129
 43
0.3
 10
175416.653670174
 20
417551.4761576454
 42
-1.0
 10
175421.6536701739
 20
417551.4761576454
 42
-1.0
  0
LWPOLYLINE
  5
39C
330
1F
100
AcDbEntity
  8
OsuMH_check
100
AcDbPolyline
 90
        2
 70
   129
 43
0.3
 10
175472.2060592373
 20
417501.088341003
 42
-1.0
 10
175477.2060592373
 20
417501.088341003
 42
-1.0
  0
LWPOLYLINE
  5
39D
330
1F
100
AcDbEntity
  8
OsuMH_check
100
AcDbPolyline
 90
        2
 70
   129
 43
0.3
 10
175527.7584482899
 20
417450.7005243706
 42
-1.0
 10
175532.7584482898
 20
417450.7005243706
 42
-1.0
  0
LWPOLYLINE
  5
39E
330
1F
100
AcDbEntity
  8
OsuMH_check
100
AcDbPolyline
 90
        2
 70
   129
 43
0.3
 10
175581.1057654275
 20
417402.3127794037
 42
-1.0
 10
175586.1057654274
 20
417402.3127794037
 42
-1.0
  0
LWPOLYLINE
  5
39F
330
1F
100
AcDbEntity
  8
OsuMH_check
100
AcDbPolyline
 90
        2
 70
   129
 43
0.3
 10
175913.0730544096
 20
418806.0989242282
 42
-1.0
 10
175918.0730544095
 20
418806.0989242282
 42
-1.0
  0
LWPOLYLINE
  5
3A0
330
1F
100
AcDbEntity
  8
OsuMH_check
100
AcDbPolyline
 90
        2
 70
   129
 43
0.3
 10
175850.2367597487
 20
417494.3334356703
 42
-1.0
 10
175855.2367597486
 20
417494.3334356703
 42
-1.0
  0
LWPOLYLINE
  5
3A1
330
1F
100
AcDbEntity
  8
OsuMH_check
100
AcDbPolyline
 90
        2
 70
   129
 43
0.3
 10
175867.0662428358
 20
417483.1187801242
 42
-1.0
 10
175872.0662428357
 20
417483.1187801242
 42
-1.0
  0
LWPOLYLINE
  5
3A2
330
1F
100
AcDbEntity
  8
OsuMH_check
100
AcDbPolyline
 90
        2
 70
   129
 43
0.3
 10
175553.9325991482
 20
417703.2516807592
 42
-1.0
 10
175558.9325991482
 20
417703.2516807592
 42
-1.0
  0
LWPOLYLINE
  5
3A3
330
1F
100
AcDbEntity
  8
OsuMH_check
100
AcDbPolyline
 90
        2
 70
   129
 43
0.3
 10
175892.2053483759
 20
418825.1015302532
 42
-1.0
 10
175897.2053483758
 20
418825.1015302532
 42
-1.0
  0
LWPOLYLINE
  5
3A4
330
1F
100
AcDbEntity
  8
OsuMH_check
100
AcDbPolyline
 90
        2
 70
   129
 43
0.3
 10
175879.4068906221
 20
418840.7603769258
 42
-1.0
 10
175884.4068906221
 20
418840.7603769258
 42
-1.0
  0
LWPOLYLINE
  5
3A5
330
1F
100
AcDbEntity
  8
OsuMH_check
100
AcDbPolyline
 90
        2
 70
   129
 43
0.3
 10
175964.2999507422
 20
418306.7497726528
 42
-1.0
 10
175969.2999507422
 20
418306.7497726528
 42
-1.0
  0
LWPOLYLINE
  5
3A6
330
1F
100
AcDbEntity
  8
OsuMH_check
100
AcDbPolyline
 90
        2
 70
   129
 43
0.3
 10
175953.0852951985
 20
418289.9202895643
 42
-1.0
 10
175958.0852951985
 20
418289.9202895643
 42
-1.0
  0
LWPOLYLINE
  5
3A7
330
1F
100
AcDbEntity
  8
OsuMH_check
100
AcDbPolyline
 90
        2
 70
   129
 43
0.3
 10
176024.5668025846
 20
418373.9142411899
 42
-1.0
 10
176029.5668025846
 20
418373.9142411899
 42
-1.0
  0
LWPOLYLINE
  5
3A8
330
1F
100
AcDbEntity
  8
OsuMH_check
100
AcDbPolyline
 90
        2
 70
   129
 43
0.3
 10
176039.3387755279
 20
418387.6819190802
 42
-1.0
 10
176044.3387755278
 20
418387.6819190802
 42
-1.0
  0
LWPOLYLINE
  5
3A9
330
1F
100
AcDbEntity
  8
OsuMH_check
100
AcDbPolyline
 90
        2
 70
   129
 43
0.3
 10
176701.3821771289
 20
418509.0846956627
 42
-1.0
 10
176706.3821771289
 20
418509.0846956627
 42
-1.0
  0
LWPOLYLINE
  5
3AA
330
1F
100
AcDbEntity
  8
OsuMH_check
100
AcDbPolyline
 90
        2
 70
   129
 43
0.3
 10
176536.2615716423
 20
418322.6611721718
 42
-1.0
 10
176541.2615716422
 20
418322.6611721718
 42
-1.0
  0
LWPOLYLINE
  5
3AB
330
1F
100
AcDbEntity
  8
OsuMH_check
100
AcDbPolyline
 90
        2
 70
   129
 43
0.3
 10
176547.4762271651
 20
418339.4906552376
 42
-1.0
 10
176552.476227165
 20
418339.4906552376
 42
-1.0
  0
LWPOLYLINE
  5
3AC
330
1F
100
AcDbEntity
  8
OsuMH_check
100
AcDbPolyline
 90
        2
 70
   129
 43
0.3
 10
176261.4908244065
 20
418498.5107381375
 42
-1.0
 10
176266.4908244065
 20
418498.5107381375
 42
-1.0
  0
LWPOLYLINE
  5
3AD
330
1F
100
AcDbEntity
  8
OsuMH_check
100
AcDbPolyline
 90
        2
 70
   129
 43
0.3
 10
176244.6613314821
 20
418509.7254002385
 42
-1.0
 10
176249.6613314821
 20
418509.7254002385
 42
-1.0
  0
LWPOLYLINE
  5
3AE
330
1F
100
AcDbEntity
  8
OsuMH_check
100
AcDbPolyline
 90
        2
 70
   129
 43
0.3
 10
176086.7749573704
 20
417831.6660152257
 42
-1.0
 10
176091.7749573703
 20
417831.6660152257
 42
-1.0
  0
LWPOLYLINE
  5
3AF
330
1F
100
AcDbEntity
  8
OsuMH_check
100
AcDbPolyline
 90
        2
 70
   129
 43
0.3
 10
176147.4661525443
 20
417898.5778425757
 42
-1.0
 10
176152.4661525442
 20
417898.5778425757
 42
-1.0
  0
LWPOLYLINE
  5
3B0
330
1F
100
AcDbEntity
  8
OsuMH_check
100
AcDbPolyline
 90
        2
 70
   129
 43
0.3
 10
176163.2163632949
 20
417911.2934301524
 42
-1.0
 10
176168.2163632948
 20
417911.2934301524
 42
-1.0
  0
LWPOLYLINE
  5
3B1
330
1F
100
AcDbEntity
  8
OsuMH_check
100
AcDbPolyline
 90
        2
 70
   129
 43
0.3
 10
176284.2614028801
 20
418000.0750381085
 42
-1.0
 10
176289.26140288
 20
418000.0750381085
 42
-1.0
  0
LWPOLYLINE
  5
3B2
330
1F
100
AcDbEntity
  8
OsuMH_check
100
AcDbPolyline
 90
        2
 70
   129
 43
0.3
 10
175755.8063483964
 20
417578.7364368559
 42
-1.0
 10
175760.8063483964
 20
417578.7364368559
 42
-1.0
  0
LWPOLYLINE
  5
3B3
330
1F
100
AcDbEntity
  8
OsuMH_check
100
AcDbPolyline
 90
        2
 70
   129
 43
0.3
 10
175741.8431902472
 20
417593.2980958882
 42
-1.0
 10
175746.8431902471
 20
417593.2980958882
 42
-1.0
  0
LWPOLYLINE
  5
3B4
330
1F
100
AcDbEntity
  8
OsuMH_check
100
AcDbPolyline
 90
        2
 70
   129
 43
0.3
 10
175415.7239201607
 20
417825.0717709722
 42
-1.0
 10
175420.7239201607
 20
417825.0717709722
 42
-1.0
  0
LWPOLYLINE
  5
3B5
330
1F
100
AcDbEntity
  8
OsuMH_check
100
AcDbPolyline
 90
        2
 70
   129
 43
0.3
 10
176552.0451350064
 20
418283.3086983956
 42
-1.0
 10
176557.0451350064
 20
418283.3086983956
 42
-1.0
  0
LWPOLYLINE
  5
3B6
330
1F
100
AcDbEntity
  8
OsuMH_check
100
AcDbPolyline
 90
        2
 70
   129
 43
0.3
 10
176626.189156059
 20
418215.9826421711
 42
-1.0
 10
176631.189156059
 20
418215.9826421711
 42
-1.0
  0
LWPOLYLINE
  5
3B7
330
1F
100
AcDbEntity
  8
OsuMH_check
100
AcDbPolyline
 90
        2
 70
   129
 43
0.3
 10
176620.4593505609
 20
418164.626462408
 42
-1.0
 10
176625.4593505609
 20
418164.626462408
 42
-1.0
  0
LWPOLYLINE
  5
3B8
330
1F
100
AcDbEntity
  8
OsuMH_check
100
AcDbPolyline
 90
        2
 70
   129
 43
0.3
 10
176568.5875782959
 20
418211.6009345032
 42
-1.0
 10
176573.5875782959
 20
418211.6009345032
 42
-1.0
  0
LWPOLYLINE
  5
3B9
330
1F
100
AcDbEntity
  8
OsuMH_check
100
AcDbPolyline
 90
        2
 70
   129
 43
0.3
 10
176060.632159303
 20
418676.3831869547
 42
-1.0
 10
176065.6321593029
 20
418676.3831869547
 42
-1.0
  0
LWPOLYLINE
  5
3BA
330
1F
100
AcDbEntity
  8
OsuMH_check
100
AcDbPolyline
 90
        2
 70
   129
 43
0.3
 10
176013.1190921251
 20
418715.4288473486
 42
-1.0
 10
176018.119092125
 20
418715.4288473486
 42
-1.0
  0
LWPOLYLINE
  5
3BB
330
1F
100
AcDbEntity
  8
OsuMH_check
100
AcDbPolyline
 90
        2
 70
   129
 43
0.3
 10
176058.5938430634
 20
418674.1068609785
 42
-1.0
 10
176063.5938430634
 20
418674.1068609785
 42
-1.0
  0
LWPOLYLINE
  5
3BC
330
1F
100
AcDbEntity
  8
OsuMH_check
100
AcDbPolyline
 90
        2
 70
     0
 43
0.0
 10
175786.9774425528
 20
417458.012193089
 10
175789.1995381157
 20
417455.9966804227
  0
LWPOLYLINE
  5
3BD
330
1F
100
AcDbEntity
  8
OsuMH_check
100
AcDbPolyline
 90
        2
 70
   129
 43
0.3
 10
175786.6995381966
 20
417455.9966805111
 42
-1.0
 10
175791.6995381965
 20
417455.9966805111
 42
-1.0
  0
LWPOLYLINE
  5
3BE
330
1F
100
AcDbEntity
  8
OsuMH_check
100
AcDbPolyline
 90
        2
 70
   129
 43
0.3
 10
175764.4785824852
 20
417476.1518070869
 42
-1.0
 10
175769.4785824851
 20
417476.1518070869
 42
-1.0
  0
LWPOLYLINE
  5
3BF
330
1F
100
AcDbEntity
  8
OsuMH_check
100
AcDbPolyline
 90
        2
 70
   129
 43
0.3
 10
175778.8910434163
 20
417559.021949686
 42
-1.0
 10
175783.8910434162
 20
417559.021949686
 42
-1.0
  0
LWPOLYLINE
  5
3C0
330
1F
100
AcDbEntity
  8
OsuMH_check
100
AcDbPolyline
 90
        2
 70
   129
 43
0.3
 10
175721.8496380431
 20
417607.3904906386
 42
-1.0
 10
175726.849638043
 20
417607.3904906386
 42
-1.0
  0
LWPOLYLINE
  5
3C1
330
1F
100
AcDbEntity
  8
OsuMH_check
100
AcDbPolyline
 90
        2
 70
   129
 43
0.3
 10
176322.4908115278
 20
418042.2392933065
 42
-1.0
 10
176327.4908115277
 20
418042.2392933065
 42
-1.0
  0
LWPOLYLINE
  5
3C2
330
1F
100
AcDbEntity
  8
OsuMH_check
100
AcDbPolyline
 90
        2
 70
   129
 43
0.3
 10
175375.1257337849
 20
417861.8209120736
 42
-1.0
 10
175380.1257337849
 20
417861.8209120736
 42
-1.0
  0
LWPOLYLINE
  5
3C3
330
1F
100
AcDbEntity
  8
OsuMH_check
100
AcDbPolyline
 90
        2
 70
   129
 43
0.3
 10
175656.7412976171
 20
417644.4896407285
 42
-1.0
 10
175661.7412976171
 20
417644.4896407285
 42
-1.0
  0
LWPOLYLINE
  5
3C4
330
1F
100
AcDbEntity
  8
OsuMH_check
100
AcDbPolyline
 90
        2
 70
   129
 43
0.3
 10
176118.0240673897
 20
417865.9344493975
 42
-1.0
 10
176123.0240673896
 20
417865.9344493975
 42
-1.0
  0
LWPOLYLINE
  5
3C5
330
1F
100
AcDbEntity
  8
OsuMH_check
100
AcDbPolyline
 90
        2
 70
   129
 43
0.3
 10
175590.2458235336
 20
417679.1162853841
 42
-1.0
 10
175595.2458235335
 20
417679.1162853841
 42
-1.0
  0
LWPOLYLINE
  5
3C6
330
1F
100
AcDbEntity
  8
OsuMH_check
100
AcDbPolyline
 90
        2
 70
   129
 43
0.3
 10
175507.3017452572
 20
417741.9329874735
 42
-1.0
 10
175512.3017452571
 20
417741.9329874735
 42
-1.0
  0
LWPOLYLINE
  5
3C8
330
1F
100
AcDbEntity
  8
OsuMH_check
100
AcDbPolyline
 90
        2
 70
   129
 43
0.3
 10
176375.581169161
 20
418105.2201211523
 42
-1.0
 10
176380.5811691609
 20
418105.2201211523
 42
-1.0
  0
LWPOLYLINE
  5
3C9
330
1F
100
AcDbEntity
  8
OsuMH_check
100
AcDbPolyline
 90
        2
 70
   129
 43
0.3
 10
176364.3665141799
 20
418088.3906389134
 42
-1.0
 10
176369.3665141798
 20
418088.3906389134
 42
-1.0
  0
LWPOLYLINE
  5
3CA
330
1F
100
AcDbEntity
  8
OsuMH_check
100
AcDbPolyline
 90
        2
 70
   129
 43
0.3
 10
175363.6351703955
 20
417599.5656546136
 42
-1.0
 10
175368.6351703955
 20
417599.5656546136
 42
-1.0
  0
LWPOLYLINE
  5
3CB
330
1F
100
AcDbEntity
  8
OsuMH_check
100
AcDbPolyline
 90
        2
 70
   129
 43
0.3
 10
175224.1495878358
 20
417722.0333661383
 42
-1.0
 10
175229.1495878357
 20
417722.0333661383
 42
-1.0
  0
LWPOLYLINE
  5
3CC
330
1F
100
AcDbEntity
  8
OsuMH_check
100
AcDbPolyline
 90
        2
 70
   129
 43
0.3
 10
175752.2234583873
 20
417237.6529494457
 42
-1.0
 10
175757.2234583873
 20
417237.6529494457
 42
-1.0
  0
LWPOLYLINE
  5
3CD
330
1F
100
AcDbEntity
  8
OsuMH_check
100
AcDbPolyline
 90
        2
 70
   129
 43
0.3
 10
175735.6940795746
 20
417258.0459393393
 42
-1.0
 10
175740.6940795745
 20
417258.0459393393
 42
-1.0
  0
LWPOLYLINE
  5
3CE
330
1F
100
AcDbEntity
  8
OsuMH_check
100
AcDbPolyline
 90
        2
 70
   129
 43
0.3
 10
175339.6741459606
 20
417611.8485414085
 42
-1.0
 10
175344.6741459606
 20
417611.8485414085
 42
-1.0
  0
TEXT
  5
64C
330
1F
100
AcDbEntity
  8
오수맨홀좌표(2공구)
 62
     7
100
AcDbText
 10
176291.9327731584
 20
417889.3097635314
 30
0.0
 40
3.6
  1
(H = 5.38m)
 50
317.7909528828025
 72
     1
 11
176301.8176121798
 21
417880.3438942937
 31
0.0
100
AcDbText
  0
LWPOLYLINE
  5
64D
330
1F
100
AcDbEntity
  8
오수맨홀(2공구)
 62
     1
100
AcDbPolyline
 90
        3
 70
     0
 43
0.0
 10
175781.4030433832
 20
417559.0352011396
 10
175801.3935328953
 20
417567.5941737206
 10
175824.028973152
 20
417547.0630963653
  0
LWPOLYLINE
  5
64E
330
1F
100
AcDbEntity
  8
오수맨홀(2공구)
 62
     1
100
AcDbPolyline
 90
        2
 70
     0
 43
0.0
 10
176295.9521434612
 20
417904.5439566268
 10
176293.5824208485
 20
417894.007910032
  0
TEXT
  5
64F
330
1F
100
AcDbEntity
  8
오수맨홀(2공구)
 62
     7
100
AcDbText
 10
176219.9763133711
 20
417943.1164129514
 30
0.0
 40
3.6
  1
M2-212
 50
317.7909528828025
 72
     1
 11
176226.2915514026
 21
417937.3882874581
 31
0.0
100
AcDbText
1001
Dream_TTE
1000
공구별 오수관로연장|2공구
1070
   126
1071
        8
  0
TEXT
  5
650
330
1F
100
AcDbEntity
  8
오수맨홀(2공구)
 62
     7
100
AcDbText
 10
176161.2514522949
 20
417940.7387230932
 30
0.0
 40
3.6
  1
M2-235
 50
47.79095231702146
 72
     1
 11
176166.9795778506
 21
417947.0539610681
 31
0.0
100
AcDbText
1001
Dream_TTE
1000
공구별 오수관로연장|2공구
1070
   125
1071
        8
  0
TEXT
  5
651
330
1F
100
AcDbEntity
  8
오수맨홀좌표(2공구)
 62
     7
100
AcDbText
 10
176162.7516469477
 20
417932.8716583937
 30
0.0
 40
3.6
  1
(H = 3.40m)
 50
47.79095231702146
 72
     1
 11
176171.7175162831
 21
417942.7564973265
 31
0.0
100
AcDbText
  0
LWPOLYLINE
  5
652
330
1F
100
AcDbEntity
  8
오수맨홀(2공구)
 62
     1
100
AcDbPolyline
 90
        3
 70
     0
 43
0.0
 10
176165.7163632947
 20
417911.2934301522
 10
176158.0535004634
 20
417934.5213061298
 10
176178.5845782025
 20
417957.1567460384
  0
TEXT
  5
653
330
1F
100
AcDbEntity
  8
오수맨홀(2공구)
 62
     7
100
AcDbText
 10
176116.0591564584
 20
417895.379742414
 30
0.0
 40
3.6
  1
M2-234
 50
47.79095231702146
 72
     1
 11
176121.7872820141
 21
417901.694980389
 31
0.0
100
AcDbText
1001
Dream_TTE
1000
공구별 오수관로연장|2공구
1070
   130
1071
        8
  0
TEXT
  5
654
330
1F
100
AcDbEntity
  8
오수맨홀좌표(2공구)
 62
     7
100
AcDbText
 10
176117.5593511112
 20
417887.5126777144
 30
0.0
 40
3.6
  1
(H = 3.00m)
 50
47.79095231702146
 72
     1
 11
176126.5252204466
 21
417897.3975166472
 31
0.0
100
AcDbText
  0
LWPOLYLINE
  5
655
330
1F
100
AcDbEntity
  8
오수맨홀(2공구)
 62
     1
100
AcDbPolyline
 90
        3
 70
     0
 43
0.0
 10
176120.5240674582
 20
417865.9344494731
 10
176112.8612046269
 20
417889.1623254506
 10
176133.392282366
 20
417911.7977653592
  0
TEXT
  5
656
330
1F
100
AcDbEntity
  8
오수맨홀(2공구)
 62
     7
100
AcDbText
 10
176071.2526231469
 20
417841.5153332684
 30
0.0
 40
3.6
  1
M2-233
 50
47.79095231702146
 72
     1
 11
176076.9807487026
 21
417847.8305712433
 31
0.0
100
AcDbText
1001
Dream_TTE
1000
공구별 오수관로연장|2공구
1070
   135
1071
        8
  0
TEXT
  5
657
330
1F
100
AcDbEntity
  8
오수맨홀좌표(2공구)
 62
     7
100
AcDbText
 10
176072.7528177998
 20
417833.6482685686
 30
0.0
 40
3.6
  1
(H = 2.57m)
 50
47.79095231702146
 72
     1
 11
176081.7186871352
 21
417843.5331075015
 31
0.0
100
AcDbText
  0
LWPOLYLINE
  5
658
330
1F
100
AcDbEntity
  8
오수맨홀(2공구)
 62
     1
100
AcDbPolyline
 90
        3
 70
     0
 43
0.0
 10
176075.7175341467
 20
417812.0700403272
 10
176068.0546713154
 20
417835.297916305
 10
176088.5857490545
 20
417857.9333562135
  0
TEXT
  5
659
330
1F
100
AcDbEntity
  8
오수맨홀좌표(2공구)
 62
     7
100
AcDbText
 10
175635.6479161806
 20
417316.1329023513
 30
0.0
 40
3.6
  1
(H = 3.83m)
 50
317.7909528828025
 72
     1
 11
175645.532755202
 21
417307.1670331135
 31
0.0
100
AcDbText
  0
TEXT
  5
65A
330
1F
100
AcDbEntity
  8
오수맨홀(2공구)
 62
     7
100
AcDbText
 10
176299.7998378433
 20
417890.809958262
 30
0.0
 40
3.6
  1
M2-210
 50
317.7909528828025
 72
     1
 11
176306.1150758748
 21
417885.0818327687
 31
0.0
100
AcDbText
1001
Dream_TTE
1000
공구별 오수관로연장|2공구
1070
   131
1071
        8
  0
TEXT
  5
65B
330
1F
100
AcDbEntity
  8
오수맨홀(2공구)
 62
     7
100
AcDbText
 10
176247.2282155814
 20
417922.4482855977
 30
0.0
 40
3.6
  1
M2-211
 50
317.7909528828025
 72
     1
 11
176253.5434536129
 21
417916.7201601044
 31
0.0
100
AcDbText
1001
Dream_TTE
1000
공구별 오수관로연장|2공구
1070
   127
1071
        8
  0
TEXT
  5
65C
330
1F
100
AcDbEntity
  8
오수맨홀좌표(2공구)
 62
     7
100
AcDbText
 10
176239.3611508966
 20
417920.9480908673
 30
0.0
 40
3.6
  1
(H = 5.75m)
 50
317.7909528828025
 72
     1
 11
176249.245989918
 21
417911.9822216295
 31
0.0
100
AcDbText
  0
LWPOLYLINE
  5
65D
330
1F
100
AcDbEntity
  8
오수맨홀(2공구)
 62
     1
100
AcDbPolyline
 90
        3
 70
     0
 43
0.0
 10
176246.3779827066
 20
417949.5093265187
 10
176241.0107985864
 20
417925.6462373678
 10
176263.6462386977
 20
417905.1151598522
  0
TEXT
  5
65E
330
1F
100
AcDbEntity
  8
오수맨홀좌표(2공구)
 62
     7
100
AcDbText
 10
175703.7104977324
 20
417919.1848996572
 30
0.0
 40
3.6
  1
(H = 2.34m)
 50
317.7909532877367
 72
     1
 11
175713.5953368171
 21
417910.2190304894
 31
0.0
100
AcDbText
  0
TEXT
  5
65F
330
1F
100
AcDbEntity
  8
오수맨홀(2공구)
 62
     7
100
AcDbText
 10
175711.5775624063
 20
417920.6850944437
 30
0.0
 40
3.6
  1
M2-314
 50
317.7909532877367
 72
     1
 11
175717.8928004783
 21
417914.956968995
 31
0.0
100
AcDbText
1001
Dream_TTE
1000
공구별 오수관로연장|2공구
1070
   128
1071
        8
  0
LWPOLYLINE
  5
660
330
1F
100
AcDbEntity
  8
오수맨홀(2공구)
 62
     1
100
AcDbPolyline
 90
        3
 70
     0
 43
0.0
 10
175682.6285420379
 20
417916.7673216189
 10
175705.8564178855
 20
417924.4301848441
 10
175728.4918581422
 20
417903.8991074889
  0
TEXT
  5
661
330
1F
100
AcDbEntity
  8
오수맨홀좌표(2공구)
 62
     7
100
AcDbText
 10
175665.771106948
 20
417949.5469253975
 30
0.0
 40
3.6
  1
(H = 2.15m)
 50
317.7909532877367
 72
     1
 11
175675.6559460328
 21
417940.5810562296
 31
0.0
100
AcDbText
  0
TEXT
  5
662
330
1F
100
AcDbEntity
  8
오수맨홀(2공구)
 62
     7
100
AcDbText
 10
175673.638171622
 20
417951.0471201838
 30
0.0
 40
3.6
  1
M2-316
 50
317.7909532877367
 72
     1
 11
175679.953409694
 21
417945.3189947351
 31
0.0
100
AcDbText
1001
Dream_TTE
1000
공구별 오수관로연장|2공구
1070
   124
1071
        8
  0
LWPOLYLINE
  5
663
330
1F
100
AcDbEntity
  8
오수맨홀(2공구)
 62
     1
100
AcDbPolyline
 90
        3
 70
     0
 43
0.0
 10
175644.6891512535
 20
417947.1293473588
 10
175667.9170271011
 20
417954.792210584
 10
175690.5524673579
 20
417934.2611332289
  0
TEXT
  5
664
330
1F
100
AcDbEntity
  8
오수맨홀좌표(2공구)
 62
     7
100
AcDbText
 10
175613.3019174368
 20
417998.7193895732
 30
0.0
 40
3.6
  1
(H = 1.57m)
 50
317.7909532877367
 72
     1
 11
175623.1867565215
 21
417989.7535204054
 31
0.0
100
AcDbText
  0
TEXT
  5
665
330
1F
100
AcDbEntity
  8
오수맨홀(2공구)
 62
     7
100
AcDbText
 10
175621.1689821108
 20
418000.2195843598
 30
0.0
 40
3.6
  1
M2-317
 50
317.7909532877367
 72
     1
 11
175627.4842201828
 21
417994.491458911
 31
0.0
100
AcDbText
1001
Dream_TTE
1000
공구별 오수관로연장|2공구
1070
   119
1071
        8
  0
TEXT
  5
666
330
1F
100
AcDbEntity
  8
오수맨홀좌표(2공구)
 62
     7
100
AcDbText
 10
175611.1299139782
 20
418019.5972111127
 30
0.0
 40
3.6
  1
(H = 1.96m)
 50
317.7909532877367
 72
     1
 11
175621.0147530629
 21
418010.6313419447
 31
0.0
100
AcDbText
  0
TEXT
  5
667
330
1F
100
AcDbEntity
  8
오수맨홀(2공구)
 62
     7
100
AcDbText
 10
175618.9969786522
 20
418021.0974058988
 30
0.0
 40
3.6
  1
M2-318
 50
317.7909532877367
 72
     1
 11
175625.3122167242
 21
418015.3692804501
 31
0.0
100
AcDbText
1001
Dream_TTE
1000
공구별 오수관로연장|2공구
1070
   116
1071
        8
  0
TEXT
  5
668
330
1F
100
AcDbEntity
  8
오수맨홀좌표(2공구)
 62
     7
100
AcDbText
 10
175549.7004488962
 20
418058.87700352
 30
0.0
 40
3.6
  1
(H = 1.50m)
 50
317.7909532877367
 72
     1
 11
175559.5852879809
 21
418049.9111343521
 31
0.0
100
AcDbText
  0
TEXT
  5
669
330
1F
100
AcDbEntity
  8
오수맨홀(2공구)
 62
     7
100
AcDbText
 10
175557.5675135702
 20
418060.3771983058
 30
0.0
 40
3.6
  1
M2-319
 50
317.7909532877367
 72
     1
 11
175563.8827516422
 21
418054.6490728572
 31
0.0
100
AcDbText
1001
Dream_TTE
1000
공구별 오수관로연장|2공구
1070
   111
1071
        8
  0
LWPOLYLINE
  5
66A
330
1F
100
AcDbEntity
  8
오수맨홀(2공구)
 62
     1
100
AcDbPolyline
 90
        3
 70
     0
 43
0.0
 10
175528.6184932016
 20
418056.4594254813
 10
175551.8463690493
 20
418064.1222887063
 10
175574.481809306
 20
418043.5912113511
  0
TEXT
  5
66B
330
1F
100
AcDbEntity
  8
오수맨홀좌표(2공구)
 62
     7
100
AcDbText
 10
176040.3579746232
 20
417613.8347305779
 30
0.0
 40
3.6
  1
(H = 2.19m)
 50
317.7909532877367
 72
     1
 11
176050.242813708
 21
417604.86886141
 31
0.0
100
AcDbText
  0
TEXT
  5
66C
330
1F
100
AcDbEntity
  8
오수맨홀(2공구)
 62
     7
100
AcDbText
 10
176048.2250392972
 20
417615.3349253642
 30
0.0
 40
3.6
  1
M2-294
 50
317.7909532877367
 72
     1
 11
176054.5402773692
 21
417609.6067999155
 31
0.0
100
AcDbText
1001
Dream_TTE
1000
공구별 오수관로연장|2공구
1070
   154
1071
        8
  0
LWPOLYLINE
  5
66D
330
1F
100
AcDbEntity
  8
오수맨홀(2공구)
 62
     1
100
AcDbPolyline
 90
        3
 70
     0
 43
0.0
 10
176019.2760189287
 20
417611.4171525393
 10
176042.5038947764
 20
417619.0800157645
 10
176065.1393350331
 20
417598.5489384092
  0
TEXT
  5
66E
330
1F
100
AcDbEntity
  8
오수맨홀좌표(2공구)
 62
     7
100
AcDbText
 10
175989.2497768126
 20
417660.1915217793
 30
0.0
 40
3.6
  1
(H = 2.69m)
 50
317.7909532877367
 72
     1
 11
175999.1346158973
 21
417651.2256526115
 31
0.0
100
AcDbText
  0
TEXT
  5
66F
330
1F
100
AcDbEntity
  8
오수맨홀(2공구)
 62
     7
100
AcDbText
 10
175997.1168414865
 20
417661.6917165657
 30
0.0
 40
3.6
  1
M2-295
 50
317.7909532877367
 72
     1
 11
176003.4320795585
 21
417655.963591117
 31
0.0
100
AcDbText
1001
Dream_TTE
1000
공구별 오수관로연장|2공구
1070
   148
1071
        8
  0
LWPOLYLINE
  5
670
330
1F
100
AcDbEntity
  8
오수맨홀(2공구)
 62
     1
100
AcDbPolyline
 90
        3
 70
     0
 43
0.0
 10
175970.3899182387
 20
417655.7584315882
 10
175991.3956969657
 20
417665.4368069661
 10
176014.0311372224
 20
417644.9057296107
  0
TEXT
  5
671
330
1F
100
AcDbEntity
  8
오수맨홀좌표(2공구)
 62
     7
100
AcDbText
 10
175909.5174810294
 20
417466.0412025501
 30
0.0
 40
3.6
  1
(H = 3.23m)
 50
317.7909532877367
 72
     1
 11
175919.4023201141
 21
417457.0753333823
 31
0.0
100
AcDbText
  0
TEXT
  5
672
330
1F
100
AcDbEntity
  8
오수맨홀(2공구)
 62
     7
100
AcDbText
 10
175917.3845457034
 20
417467.5413973366
 30
0.0
 40
3.6
  1
M2-303
 50
317.7909532877367
 72
     1
 11
175923.6997837754
 21
417461.8132718879
 31
0.0
100
AcDbText
1001
Dream_TTE
1000
공구별 오수관로연장|2공구
1070
   169
1071
        8
  0
LWPOLYLINE
  5
673
330
1F
100
AcDbEntity
  8
오수맨홀(2공구)
 62
     1
100
AcDbPolyline
 90
        3
 70
     0
 43
0.0
 10
175888.5978644174
 20
417465.8564827693
 10
175911.6634011825
 20
417471.2864877368
 10
175934.2988414393
 20
417450.7554103814
  0
TEXT
  5
674
330
1F
100
AcDbEntity
  8
오수맨홀좌표(2공구)
 62
     7
100
AcDbText
 10
175961.5287165915
 20
417421.245431927
 30
0.0
 40
3.6
  1
(H = 2.79m)
 50
317.7909532877367
 72
     1
 11
175971.4135556762
 21
417412.2795627591
 31
0.0
100
AcDbText
  0
TEXT
  5
675
330
1F
100
AcDbEntity
  8
오수맨홀(2공구)
 62
     7
100
AcDbText
 10
175969.3957812654
 20
417422.7456267134
 30
0.0
 40
3.6
  1
M2-302
 50
317.7909532877367
 72
     1
 11
175975.7110193374
 21
417417.0175012647
 31
0.0
100
AcDbText
1001
Dream_TTE
1000
공구별 오수관로연장|2공구
1070
   175
1071
        8
  0
LWPOLYLINE
  5
676
330
1F
100
AcDbEntity
  8
오수맨홀(2공구)
 62
     1
100
AcDbPolyline
 90
        3
 70
     0
 43
0.0
 10
175940.4467608969
 20
417418.8278538884
 10
175963.6746367445
 20
417426.4907171136
 10
175986.3100770013
 20
417405.9596397582
  0
TEXT
  5
677
330
1F
100
AcDbEntity
  8
오수맨홀좌표(2공구)
 62
     7
100
AcDbText
 10
175799.2476127421
 20
417562.348888534
 30
0.0
 40
3.6
  1
(H = 4.86m)
 50
317.7909532877367
 72
     1
 11
175809.1324518269
 21
417553.3830193661
 31
0.0
100
AcDbText
  0
TEXT
  5
678
330
1F
100
AcDbEntity
  8
오수맨홀(2공구)
100
AcDbText
 10
175807.1146774162
 20
417563.8490833201
 30
0.0
 40
3.6
  1
M2-281
 50
317.7909532877367
 72
     1
 11
175813.4299154882
 21
417558.1209578715
 31
0.0
100
AcDbText
1001
Dream_TTE
1000
공구별 오수관로연장|2공구
1070
   159
1071
        8
  0
TEXT
  5
679
330
1F
100
AcDbEntity
  8
오수맨홀좌표(2공구)
 62
     7
100
AcDbText
 10
175566.4342692204
 20
417710.8316818489
 30
0.0
 40
3.6
  1
(H = 5.69m)
 50
325.7760143986189
 72
     1
 11
175577.4687609157
 21
417703.3258943023
 31
0.0
100
AcDbText
  0
TEXT
  5
67A
330
1F
100
AcDbEntity
  8
오수맨홀(2공구)
 62
     7
100
AcDbText
 10
175574.0166579591
 20
417713.410183739
 30
0.0
 40
3.6
  1
M2-285
 50
325.7760143986189
 72
     1
 11
175581.0663874956
 21
417708.6148770204
 31
0.0
100
AcDbText
1001
Dream_TTE
1000
공구별 오수관로연장|2공구
1070
   142
1071
        8
  0
LWPOLYLINE
  5
67B
330
1F
100
AcDbEntity
  8
오수맨홀(2공구)
 62
     1
100
AcDbPolyline
 90
        3
 70
     0
 43
0.0
 10
175556.4325991482
 20
417703.2516807592
 10
175567.8307349512
 20
417716.324210725
 10
175593.0987818449
 20
417699.1365960225
  0
TEXT
  5
67C
330
1F
100
AcDbEntity
  8
오수맨홀좌표(2공구)
 62
     7
100
AcDbText
 10
175499.752612381
 20
417766.5121241616
 30
0.0
 40
3.6
  1
(H = 5.51m)
 50
317.7909532877367
 72
     1
 11
175509.6374514658
 21
417757.5462549937
 31
0.0
100
AcDbText
  0
TEXT
  5
67D
330
1F
100
AcDbEntity
  8
오수맨홀(2공구)
 62
     7
100
AcDbText
 10
175507.619677055
 20
417768.012318948
 30
0.0
 40
3.6
  1
M2-286
 50
317.7909532877367
 72
     1
 11
175513.934915127
 21
417762.2841934993
 31
0.0
100
AcDbText
1001
Dream_TTE
1000
공구별 오수관로연장|2공구
1070
   138
1071
        8
  0
LWPOLYLINE
  5
67E
330
1F
100
AcDbEntity
  8
오수맨홀(2공구)
 62
     1
100
AcDbPolyline
 90
        3
 70
     0
 43
0.0
 10
175481.9005093784
 20
417763.190081501
 10
175501.8985325342
 20
417771.7574093484
 10
175524.5339727909
 20
417751.2263319932
  0
TEXT
  5
67F
330
1F
100
AcDbEntity
  8
오수맨홀좌표(2공구)
 62
     7
100
AcDbText
 10
175453.0150103692
 20
417811.5034955875
 30
0.0
 40
3.6
  1
(H = 6.12m)
 50
317.7909532877367
 72
     1
 11
175462.8998494539
 21
417802.5376264196
 31
0.0
100
AcDbText
  0
TEXT
  5
680
330
1F
100
AcDbEntity
  8
오수맨홀(2공구)
 62
     7
100
AcDbText
 10
175460.8820750431
 20
417813.0036903738
 30
0.0
 40
3.6
  1
M2-287
 50
317.7909532877367
 72
     1
 11
175467.1973131151
 21
417807.2755649251
 31
0.0
100
AcDbText
1001
Dream_TTE
1000
공구별 오수관로연장|2공구
1070
   136
1071
        8
  0
TEXT
  5
681
330
1F
100
AcDbEntity
  8
오수맨홀좌표(2공구)
 62
     7
100
AcDbText
 10
175398.7076886835
 20
417864.2384898497
 30
0.0
 40
3.6
  1
(H = 6.33m)
 50
317.7909532877367
 72
     1
 11
175408.5925277682
 21
417855.2726206818
 31
0.0
100
AcDbText
  0
TEXT
  5
682
330
1F
100
AcDbEntity
  8
오수맨홀(2공구)
 62
     7
100
AcDbText
 10
175406.5747533574
 20
417865.7386846359
 30
0.0
 40
3.6
  1
M2-288
 50
317.7909532877367
 72
     1
 11
175412.8899914294
 21
417860.0105591873
 31
0.0
100
AcDbText
1001
Dream_TTE
1000
공구별 오수관로연장|2공구
1070
   134
1071
        8
  0
LWPOLYLINE
  5
683
330
1F
100
AcDbEntity
  8
오수맨홀(2공구)
 62
     1
100
AcDbPolyline
 90
        3
 70
     0
 43
0.0
 10
175377.6257329889
 20
417861.8209118111
 10
175400.8536088366
 20
417869.4837750363
 10
175423.4890490933
 20
417848.952697681
  0
TEXT
  5
684
330
1F
100
AcDbEntity
  8
오수맨홀좌표(2공구)
 62
     7
100
AcDbText
 10
175739.5278473732
 20
417610.2626485326
 30
0.0
 40
3.6
  1
(H = 5.52m)
 50
323.7520540697228
 72
     1
 11
175750.2903700544
 21
417602.3718336695
 31
0.0
100
AcDbText
  0
TEXT
  5
685
330
1F
100
AcDbEntity
  8
오수맨홀(2공구)
 62
     7
100
AcDbText
 10
175747.1965718501
 20
417612.5717513619
 30
0.0
 40
3.6
  1
M2-282
 50
323.7520540697228
 72
     1
 11
175754.0725454906
 21
417607.5304579211
 31
0.0
100
AcDbText
1001
Dream_TTE
1000
공구별 오수관로연장|2공구
1070
   155
1071
        8
  0
LWPOLYLINE
  5
686
330
1F
100
AcDbEntity
  8
오수맨홀(2공구)
 62
     1
100
AcDbPolyline
 90
        3
 70
     0
 43
0.0
 10
175724.3496380431
 20
417607.3904906385
 10
175741.1174238914
 20
417615.7024312932
 10
175765.762684889
 20
417597.6331368038
  0
TEXT
  5
687
330
1F
100
AcDbEntity
  8
오수맨홀좌표(2공구)
 62
     7
100
AcDbText
 10
175673.1078985311
 20
417650.309233713
 30
0.0
 40
3.6
  1
(H = 5.83m)
 50
333.3565789409484
 72
     1
 11
175685.0361172068
 21
417644.324715947
 31
0.0
100
AcDbText
  0
TEXT
  5
688
330
1F
100
AcDbEntity
  8
오수맨홀(2공구)
 62
     7
100
AcDbText
 10
175680.2838634624
 20
417653.865470247
 30
0.0
 40
3.6
  1
M2-283
 50
333.3565789409484
 72
     1
 11
175687.9045783842
 21
417650.0420742248
 31
0.0
100
AcDbText
1001
Dream_TTE
1000
공구별 오수관로연장|2공구
1070
   149
1071
        8
  0
LWPOLYLINE
  5
689
330
1F
100
AcDbEntity
  8
오수맨홀(2공구)
 62
     1
100
AcDbPolyline
 90
        3
 70
     0
 43
0.0
 10
175659.2412976177
 20
417644.4896407295
 10
175673.7675844033
 20
417655.9379817568
 10
175701.0821900218
 20
417642.2339453845
  0
TEXT
  5
68A
330
1F
100
AcDbEntity
  8
오수맨홀좌표(2공구)
 62
     7
100
AcDbText
 10
175607.0954066506
 20
417684.4378465543
 30
0.0
 40
3.6
  1
(H = 5.71m)
 50
331.0070431508367
 72
     1
 11
175618.7682584167
 21
417677.9693548202
 31
0.0
100
AcDbText
  0
TEXT
  5
68B
330
1F
100
AcDbEntity
  8
오수맨홀(2공구)
 62
     7
100
AcDbText
 10
175614.4111291346
 20
417687.6969101496
 30
0.0
 40
3.6
  1
M2-284
 50
331.0070431508367
 72
     1
 11
175621.8686949331
 21
417683.5643122472
 31
0.0
100
AcDbText
1001
Dream_TTE
1000
공구별 오수관로연장|2공구
1070
   145
1071
        8
  0
LWPOLYLINE
  5
68C
330
1F
100
AcDbEntity
  8
오수맨홀(2공구)
 62
     1
100
AcDbPolyline
 90
        3
 70
     0
 43
0.0
 10
175592.7458235335
 20
417679.1162853842
 10
175607.9852920899
 20
417690.0348184049
 10
175634.7151292184
 20
417675.2225228343
  0
LWPOLYLINE
  5
68D
330
1F
100
AcDbEntity
  8
오수맨홀(2공구)
 62
     1
100
AcDbPolyline
 90
        2
 70
     0
 43
0.0
 10
176293.5824208484
 20
417894.007910032
 10
176316.2178609597
 20
417873.4768325164
  0
TEXT
  5
68E
330
1F
100
AcDbEntity
  8
오수맨홀좌표(2공구)
 62
     7
100
AcDbText
 10
176212.1092486863
 20
417941.6162182209
 30
0.0
 40
3.6
  1
(H = 5.47m)
 50
317.7909528828025
 72
     1
 11
176221.9940877077
 21
417932.6503489831
 31
0.0
100
AcDbText
  0
LWPOLYLINE
  5
68F
330
1F
100
AcDbEntity
  8
오수맨홀(2공구)
 62
     1
100
AcDbPolyline
 90
        3
 70
     0
 43
0.0
 10
176219.1260804964
 20
417970.1774538724
 10
176213.7588963762
 20
417946.3143647215
 10
176236.3943364874
 20
417925.7832872059
  0
TEXT
  5
690
330
1F
100
AcDbEntity
  8
오수맨홀(2공구)
 62
     7
100
AcDbText
 10
176167.4626494089
 20
418004.7364775945
 30
0.0
 40
3.6
  1
M2-213
 50
317.7909528828025
 72
     1
 11
176173.7778874404
 21
417999.0083521012
 31
0.0
100
AcDbText
1001
Dream_TTE
1000
공구별 오수관로연장|2공구
1070
   117
1071
        8
  0
TEXT
  5
691
330
1F
100
AcDbEntity
  8
오수맨홀좌표(2공구)
 62
     7
100
AcDbText
 10
176159.5955847241
 20
418003.2362828639
 30
0.0
 40
3.6
  1
(H = 6.01m)
 50
317.7909528828025
 72
     1
 11
176169.4804237455
 21
417994.2704136261
 31
0.0
100
AcDbText
  0
TEXT
  5
692
330
1F
100
AcDbEntity
  8
오수맨홀(2공구)
 62
     7
100
AcDbText
 10
176149.6891786729
 20
417998.2758709718
 30
0.0
 40
3.6
  1
M2-214
 50
317.7909528828025
 72
     1
 11
176156.0044167044
 21
417992.5477454786
 31
0.0
100
AcDbText
1001
Dream_TTE
1000
공구별 오수관로연장|2공구
1070
   120
1071
        8
  0
TEXT
  5
693
330
1F
100
AcDbEntity
  8
오수맨홀좌표(2공구)
 62
     7
100
AcDbText
 10
176141.8221139883
 20
417996.7756762414
 30
0.0
 40
3.6
  1
(H = 6.33m)
 50
317.7909528828025
 72
     1
 11
176151.7069530096
 21
417987.8098070036
 31
0.0
100
AcDbText
  0
TEXT
  5
694
330
1F
100
AcDbEntity
  8
오수맨홀(2공구)
 62
     7
100
AcDbText
 10
176096.4986699607
 20
418059.1648667625
 30
0.0
 40
3.6
  1
M2-215
 50
317.7909528828025
 72
     1
 11
176102.8139079922
 21
418053.4367412692
 31
0.0
100
AcDbText
1001
Dream_TTE
1000
공구별 오수관로연장|2공구
1070
   112
1071
        8
  0
TEXT
  5
695
330
1F
100
AcDbEntity
  8
오수맨홀좌표(2공구)
 62
     7
100
AcDbText
 10
176088.6316052759
 20
418057.6646720322
 30
0.0
 40
3.6
  1
(H = 7.98m)
 50
317.7909528828025
 72
     1
 11
176098.5164442973
 21
418048.6988027944
 31
0.0
100
AcDbText
  0
LWPOLYLINE
  5
696
330
1F
100
AcDbEntity
  8
오수맨홀(2공구)
 62
     1
100
AcDbPolyline
 90
        3
 70
     0
 43
0.0
 10
176095.648437086
 20
418086.2259076836
 10
176090.2812529658
 20
418062.3628185328
 10
176112.9166930771
 20
418041.8317410171
  0
TEXT
  5
697
330
1F
100
AcDbEntity
  8
오수맨홀(2공구)
 62
     7
100
AcDbText
 10
176040.9462808839
 20
418109.5526834237
 30
0.0
 40
3.6
  1
M2-216
 50
317.7909528828025
 72
     1
 11
176047.2615189154
 21
418103.8245579304
 31
0.0
100
AcDbText
1001
Dream_TTE
1000
공구별 오수관로연장|2공구
1070
   106
1071
        8
  0
TEXT
  5
698
330
1F
100
AcDbEntity
  8
오수맨홀좌표(2공구)
 62
     7
100
AcDbText
 10
176033.0792161991
 20
418108.0524886931
 30
0.0
 40
3.6
  1
(H = 7.50m)
 50
317.7909528828025
 72
     1
 11
176042.9640552205
 21
418099.0866194554
 31
0.0
100
AcDbText
  0
LWPOLYLINE
  5
699
330
1F
100
AcDbEntity
  8
오수맨홀(2공구)
 62
     1
100
AcDbPolyline
 90
        3
 70
     0
 43
0.0
 10
176040.0960480091
 20
418136.6137243446
 10
176034.728863889
 20
418112.7506351937
 10
176057.3643040003
 20
418092.2195576783
  0
TEXT
  5
69A
330
1F
100
AcDbEntity
  8
오수맨홀(2공구)
 62
     7
100
AcDbText
 10
175989.0973844179
 20
418156.5813123018
 30
0.0
 40
3.6
  1
M2-217
 50
317.7909528828025
 72
     1
 11
175995.4126224494
 21
418150.8531868085
 31
0.0
100
AcDbText
1001
Dream_TTE
1000
공구별 오수관로연장|2공구
1070
   101
1071
        8
  0
TEXT
  5
69B
330
1F
100
AcDbEntity
  8
오수맨홀좌표(2공구)
 62
     7
100
AcDbText
 10
175981.2303197332
 20
418155.0811175713
 30
0.0
 40
3.6
  1
(H = 5.88m)
 50
317.7909528828025
 72
     1
 11
175991.1151587546
 21
418146.1152483335
 31
0.0
100
AcDbText
  0
LWPOLYLINE
  5
69C
330
1F
100
AcDbEntity
  8
오수맨홀(2공구)
 62
     1
100
AcDbPolyline
 90
        3
 70
     0
 43
0.0
 10
175988.2471515431
 20
418183.642353223
 10
175982.879967423
 20
418159.7792640721
 10
176005.5154075343
 20
418139.2481865565
  0
TEXT
  5
69D
330
1F
100
AcDbEntity
  8
오수맨홀(2공구)
 62
     7
100
AcDbText
 10
175938.3042924698
 20
418202.6522922773
 30
0.0
 40
3.6
  1
M2-218
 50
317.7909528828025
 72
     1
 11
175944.6195305013
 21
418196.9241667839
 31
0.0
100
AcDbText
1001
Dream_TTE
1000
공구별 오수관로연장|2공구
1070
    96
1071
        8
  0
TEXT
  5
69E
330
1F
100
AcDbEntity
  8
오수맨홀좌표(2공구)
 62
     7
100
AcDbText
 10
175930.437227785
 20
418201.1520975466
 30
0.0
 40
3.6
  1
(H = 6.00m)
 50
317.7909528828025
 72
     1
 11
175940.3220668064
 21
418192.1862283088
 31
0.0
100
AcDbText
  0
LWPOLYLINE
  5
69F
330
1F
100
AcDbEntity
  8
오수맨홀(2공구)
 62
     1
100
AcDbPolyline
 90
        3
 70
     0
 43
0.0
 10
175937.454059595
 20
418229.7133331981
 10
175932.0868754749
 20
418205.8502440471
 10
175954.7223155862
 20
418185.3191665314
  0
TEXT
  5
6A0
330
1F
100
AcDbEntity
  8
오수맨홀(2공구)
 62
     7
100
AcDbText
 10
175892.5688654137
 20
418257.0367545547
 30
0.0
 40
3.6
  1
M3-219
 50
317.7909528828025
 72
     1
 11
175898.8841034452
 21
418251.3086290614
 31
0.0
100
AcDbText
1001
Dream_TTE
1000
공구별 오수관로연장|2공구
1070
    88
1071
        8
  0
TEXT
  5
6A1
330
1F
100
AcDbEntity
  8
오수맨홀좌표(2공구)
 62
     7
100
AcDbText
 10
175884.7018007289
 20
418255.5365598243
 30
0.0
 40
3.6
  1
(H = 6.23m)
 50
317.7909528828025
 72
     1
 11
175894.5866397503
 21
418246.5706905865
 31
0.0
100
AcDbText
  0
TEXT
  5
6A2
330
1F
100
AcDbEntity
  8
오수맨홀(2공구)
 62
     7
100
AcDbText
 10
175842.0134847367
 20
418289.9911744894
 30
0.0
 40
3.6
  1
M3-220
 50
317.7909528828025
 72
     1
 11
175848.3287227682
 21
418284.2630489961
 31
0.0
100
AcDbText
1001
Dream_TTE
1000
공구별 오수관로연장|2공구
1070
    82
1071
        8
  0
TEXT
  5
6A3
330
1F
100
AcDbEntity
  8
오수맨홀좌표(2공구)
 62
     7
100
AcDbText
 10
175834.1464200519
 20
418288.4909797588
 30
0.0
 40
3.6
  1
(H = 6.28m)
 50
317.7909528828025
 72
     1
 11
175844.0312590733
 21
418279.525110521
 31
0.0
100
AcDbText
  0
LWPOLYLINE
  5
6A4
330
1F
100
AcDbEntity
  8
오수맨홀(2공구)
 62
     1
100
AcDbPolyline
 90
        3
 70
     0
 43
0.0
 10
175841.163251862
 20
418317.0522154104
 10
175835.7960677418
 20
418293.1891262596
 10
175858.4315078531
 20
418272.6580487439
  0
TEXT
  5
6A5
330
1F
100
AcDbEntity
  8
오수맨홀(2공구)
 62
     7
100
AcDbText
 10
175793.8680808645
 20
418333.6606156007
 30
0.0
 40
3.6
  1
M3-221
 50
317.7909528828025
 72
     1
 11
175800.183318896
 21
418327.9324901074
 31
0.0
100
AcDbText
1001
Dream_TTE
1000
공구별 오수관로연장|2공구
1070
    78
1071
        8
  0
TEXT
  5
6A6
330
1F
100
AcDbEntity
  8
오수맨홀좌표(2공구)
 62
     7
100
AcDbText
 10
175786.0010161798
 20
418332.1604208702
 30
0.0
 40
3.6
  1
(H = 6.06m)
 50
317.7909528828025
 72
     1
 11
175795.8858552012
 21
418323.1945516324
 31
0.0
100
AcDbText
  0
LWPOLYLINE
  5
6A7
330
1F
100
AcDbEntity
  8
오수맨홀(2공구)
 62
     1
100
AcDbPolyline
 90
        3
 70
     0
 43
0.0
 10
175793.0178479898
 20
418360.7216565217
 10
175787.6506638696
 20
418336.8585673708
 10
175810.2861039809
 20
418316.3274898553
  0
TEXT
  5
6A8
330
1F
100
AcDbEntity
  8
오수맨홀(2공구)
 62
     7
100
AcDbText
 10
175749.4261696031
 20
418373.9708689294
 30
0.0
 40
3.6
  1
M3-222
 50
317.7909528828025
 72
     1
 11
175755.7414076346
 21
418368.2427434361
 31
0.0
100
AcDbText
1001
Dream_TTE
1000
공구별 오수관로연장|2공구
1070
    73
1071
        8
  0
TEXT
  5
6A9
330
1F
100
AcDbEntity
  8
오수맨홀좌표(2공구)
 62
     7
100
AcDbText
 10
175741.5591049183
 20
418372.470674199
 30
0.0
 40
3.6
  1
(H = 6.84m)
 50
317.7909528828025
 72
     1
 11
175751.4439439397
 21
418363.5048049612
 31
0.0
100
AcDbText
  0
LWPOLYLINE
  5
6AA
330
1F
100
AcDbEntity
  8
오수맨홀(2공구)
 62
     1
100
AcDbPolyline
 90
        3
 70
     0
 43
0.0
 10
175748.5759367283
 20
418401.0319098503
 10
175743.2087526082
 20
418377.1688206995
 10
175765.8441927195
 20
418356.6377431839
  0
TEXT
  5
6AB
330
1F
100
AcDbEntity
  8
오수맨홀(2공구)
 62
     7
100
AcDbText
 10
175708.8622349979
 20
418403.9924252227
 30
0.0
 40
3.6
  1
M3-223
 50
317.7909528828025
 72
     1
 11
175715.1774730294
 21
418398.2642997293
 31
0.0
100
AcDbText
1001
Dream_TTE
1000
공구별 오수관로연장|2공구
1070
    69
1071
        8
  0
TEXT
  5
6AC
330
1F
100
AcDbEntity
  8
오수맨홀좌표(2공구)
 62
     7
100
AcDbText
 10
175700.9951703131
 20
418402.492230492
 30
0.0
 40
3.6
  1
(H = 6.86m)
 50
317.7909528828025
 72
     1
 11
175710.8800093345
 21
418393.5263612543
 31
0.0
100
AcDbText
  0
LWPOLYLINE
  5
6AD
330
1F
100
AcDbEntity
  8
오수맨홀(2공구)
 62
     1
100
AcDbPolyline
 90
        3
 70
     0
 43
0.0
 10
175706.3561209143
 20
418439.3266506178
 10
175702.6448180029
 20
418407.1903769927
 10
175725.2802581142
 20
418386.659299477
  0
TEXT
  5
6AE
330
1F
100
AcDbEntity
  8
오수맨홀(2공구)
 62
     7
100
AcDbText
 10
175669.2855944738
 20
418461.7442976262
 30
0.0
 40
3.6
  1
M3-224
 50
317.7909528828025
 72
     1
 11
175675.6008325053
 21
418456.0161721329
 31
0.0
100
AcDbText
1001
Dream_TTE
1000
공구별 오수관로연장|2공구
1070
    60
1071
        8
  0
TEXT
  5
6AF
330
1F
100
AcDbEntity
  8
오수맨홀좌표(2공구)
 62
     7
100
AcDbText
 10
175661.418529789
 20
418460.2441028956
 30
0.0
 40
3.6
  1
(H = 7.24m)
 50
317.7909528828025
 72
     1
 11
175671.3033688104
 21
418451.2782336579
 31
0.0
100
AcDbText
  0
TEXT
  5
6B0
330
1F
100
AcDbEntity
  8
오수맨홀(2공구)
 62
     7
100
AcDbText
 10
175629.4330090872
 20
418482.808553017
 30
0.0
 40
3.6
  1
M3-225
 50
317.7909528828025
 72
     1
 11
175635.7482471187
 21
418477.0804275236
 31
0.0
100
AcDbText
1001
Dream_TTE
1000
공구별 오수관로연장|2공구
1070
    59
1071
        8
  0
TEXT
  5
6B1
330
1F
100
AcDbEntity
  8
오수맨홀좌표(2공구)
 62
     7
100
AcDbText
 10
175621.5659444025
 20
418481.3083582864
 30
0.0
 40
3.6
  1
(H = 7.31m)
 50
317.7909528828025
 72
     1
 11
175631.4507834239
 21
418472.3424890486
 31
0.0
100
AcDbText
  0
LWPOLYLINE
  5
6B2
330
1F
100
AcDbEntity
  8
오수맨홀(2공구)
 62
     1
100
AcDbPolyline
 90
        3
 70
     0
 43
0.0
 10
175628.5827762124
 20
418509.8695939379
 10
175623.2155920923
 20
418486.0065047869
 10
175645.8510322036
 20
418465.4754272713
  0
TEXT
  5
6B3
330
1F
100
AcDbEntity
  8
오수맨홀(2공구)
 62
     7
100
AcDbText
 10
175774.1283384661
 20
418084.0151466123
 30
0.0
 40
3.6
  1
M2-236
 50
47.79095231702146
 72
     1
 11
175779.8564640218
 21
418090.3303845872
 31
0.0
100
AcDbText
1001
Dream_TTE
1000
공구별 오수관로연장|2공구
1070
   108
1071
        8
  0
TEXT
  5
6B4
330
1F
100
AcDbEntity
  8
오수맨홀좌표(2공구)
 62
     7
100
AcDbText
 10
175775.6285331189
 20
418076.1480819128
 30
0.0
 40
3.6
  1
(H = 2.84m)
 50
47.79095231702146
 72
     1
 11
175784.5944024543
 21
418086.0329208456
 31
0.0
100
AcDbText
  0
LWPOLYLINE
  5
6B5
330
1F
100
AcDbEntity
  8
오수맨홀(2공구)
 62
     1
100
AcDbPolyline
 90
        3
 70
     0
 43
0.0
 10
175778.5932494659
 20
418054.5698536713
 10
175770.9303866346
 20
418077.7977296489
 10
175791.4614643737
 20
418100.4331695574
  0
TEXT
  5
6B6
330
1F
100
AcDbEntity
  8
오수맨홀(2공구)
 62
     7
100
AcDbText
 10
175814.4385917757
 20
418128.4570578674
 30
0.0
 40
3.6
  1
M2-237
 50
47.79095231702146
 72
     1
 11
175820.1667173314
 21
418134.7722958424
 31
0.0
100
AcDbText
1001
Dream_TTE
1000
공구별 오수관로연장|2공구
1070
   104
1071
        8
  0
TEXT
  5
6B7
330
1F
100
AcDbEntity
  8
오수맨홀좌표(2공구)
 62
     7
100
AcDbText
 10
175815.9387864286
 20
418120.5899931678
 30
0.0
 40
3.6
  1
(H = 2.83m)
 50
47.79095231702146
 72
     1
 11
175824.904655764
 21
418130.4748321006
 31
0.0
100
AcDbText
  0
LWPOLYLINE
  5
6B8
330
1F
100
AcDbEntity
  8
오수맨홀(2공구)
 62
     1
100
AcDbPolyline
 90
        3
 70
     0
 43
0.0
 10
175818.9035027755
 20
418099.0117649264
 10
175811.2406399442
 20
418122.2396409039
 10
175831.7717176834
 20
418144.8750808127
  0
TEXT
  5
6B9
330
1F
100
AcDbEntity
  8
오수맨홀(2공구)
 62
     7
100
AcDbText
 10
175854.7488451087
 20
418172.8989691485
 30
0.0
 40
3.6
  1
M2-238
 50
47.79095231702146
 72
     1
 11
175860.4769706644
 21
418179.2142071235
 31
0.0
100
AcDbText
1001
Dream_TTE
1000
공구별 오수관로연장|2공구
1070
    99
1071
        8
  0
TEXT
  5
6BA
330
1F
100
AcDbEntity
  8
오수맨홀좌표(2공구)
 62
     7
100
AcDbText
 10
175856.2490397616
 20
418165.0319044489
 30
0.0
 40
3.6
  1
(H = 2.82m)
 50
47.79095231702146
 72
     1
 11
175865.214909097
 21
418174.9167433818
 31
0.0
100
AcDbText
  0
LWPOLYLINE
  5
6BB
330
1F
100
AcDbEntity
  8
오수맨홀(2공구)
 62
     1
100
AcDbPolyline
 90
        3
 70
     0
 43
0.0
 10
175859.2137561085
 20
418143.4536762075
 10
175851.5508932773
 20
418166.6815521852
 10
175872.0819710164
 20
418189.3169920938
  0
TEXT
  5
6BC
330
1F
100
AcDbEntity
  8
오수맨홀(2공구)
 62
     7
100
AcDbText
 10
175895.0590984184
 20
418217.3408804038
 30
0.0
 40
3.6
  1
M2-239
 50
47.79095231702146
 72
     1
 11
175900.7872239741
 21
418223.6561183787
 31
0.0
100
AcDbText
1001
Dream_TTE
1000
공구별 오수관로연장|2공구
1070
    93
1071
        8
  0
TEXT
  5
6BD
330
1F
100
AcDbEntity
  8
오수맨홀좌표(2공구)
 62
     7
100
AcDbText
 10
175896.5592930712
 20
418209.4738157043
 30
0.0
 40
3.6
  1
(H = 2.81m)
 50
47.79095231702146
 72
     1
 11
175905.5251624066
 21
418219.3586546371
 31
0.0
100
AcDbText
  0
LWPOLYLINE
  5
6BE
330
1F
100
AcDbEntity
  8
오수맨홀(2공구)
 62
     1
100
AcDbPolyline
 90
        3
 70
     0
 43
0.0
 10
175899.5240094182
 20
418187.8955874629
 10
175891.8611465869
 20
418211.1234634404
 10
175912.392224326
 20
418233.7589033489
  0
LWPOLYLINE
  5
6BF
330
1F
100
AcDbEntity
  8
오수맨홀(2공구)
 62
     1
100
AcDbPolyline
 90
        3
 70
     0
 43
0.0
 10
175889.3086557285
 20
418273.3827743041
 10
175886.3514484188
 20
418260.2347063249
 10
175908.9868885301
 20
418239.7036288093
  0
LWPOLYLINE
  5
6C0
330
1F
100
AcDbEntity
  8
오수맨홀(2공구)
 62
     1
100
AcDbPolyline
 90
        3
 70
     0
 43
0.0
 10
175665.6177022636
 20
418476.277716164
 10
175663.0681774789
 20
418464.942249396
 10
175685.7036175902
 20
418444.4111718806
  0
TEXT
  5
6C1
330
1F
100
AcDbEntity
  8
오수맨홀(2공구)
 62
     7
100
AcDbText
 10
175746.1810609457
 20
417220.8481823203
 30
0.0
 40
3.6
  1
M2-131
 50
317.7909528828025
 72
     1
 11
175752.4962989772
 21
417215.1200568271
 31
0.0
100
AcDbText
1001
Dream_TTE
1000
공구별 오수관로연장|2공구
1070
   185
1071
        8
  0
TEXT
  5
6C2
330
1F
100
AcDbEntity
  8
오수맨홀좌표(2공구)
 62
     7
100
AcDbText
 10
175738.3139962609
 20
417219.3479875899
 30
0.0
 40
3.6
  1
(H = 4.00m)
 50
317.7909528828025
 72
     1
 11
175748.1988352823
 21
417210.3821183521
 31
0.0
100
AcDbText
  0
TEXT
  5
6C3
330
1F
100
AcDbEntity
  8
오수맨홀(2공구)
 62
     7
100
AcDbText
 10
175714.8161020408
 20
417248.0134094472
 30
0.0
 40
3.6
  1
M2-132
 50
317.7909528828025
 72
     1
 11
175721.1313400723
 21
417242.2852839539
 31
0.0
100
AcDbText
1001
Dream_TTE
1000
공구별 오수관로연장|2공구
1070
   186
1071
        8
  0
TEXT
  5
6C4
330
1F
100
AcDbEntity
  8
오수맨홀좌표(2공구)
 62
     7
100
AcDbText
 10
175706.949037356
 20
417246.5132147165
 30
0.0
 40
3.6
  1
(H = 4.04m)
 50
317.7909528828025
 72
     1
 11
175716.8338763774
 21
417237.5473454788
 31
0.0
100
AcDbText
  0
LWPOLYLINE
  5
6C5
330
1F
100
AcDbEntity
  8
오수맨홀(2공구)
 62
     1
100
AcDbPolyline
 90
        3
 70
     0
 43
0.0
 10
175738.1940795768
 20
417258.0459393418
 10
175709.2742915425
 20
417250.8262905875
 10
175731.9097316538
 20
417230.2952130719
  0
TEXT
  5
6C6
330
1F
100
AcDbEntity
  8
오수맨홀(2공구)
 62
     7
100
AcDbText
 10
175687.9568921295
 20
417277.3228437558
 30
0.0
 40
3.6
  1
M2-133
 50
317.7909528828025
 72
     1
 11
175694.272130161
 21
417271.5947182625
 31
0.0
100
AcDbText
1001
Dream_TTE
1000
공구별 오수관로연장|2공구
1070
   184
1071
        8
  0
TEXT
  5
6C7
330
1F
100
AcDbEntity
  8
오수맨홀좌표(2공구)
 62
     7
100
AcDbText
 10
175680.0898274447
 20
417275.8226490254
 30
0.0
 40
3.6
  1
(H = 4.07m)
 50
317.7909528828025
 72
     1
 11
175689.9746664661
 21
417266.8567797876
 31
0.0
100
AcDbText
  0
LWPOLYLINE
  5
6C8
330
1F
100
AcDbEntity
  8
오수맨홀(2공구)
 62
     1
100
AcDbPolyline
 90
        3
 70
     0
 43
0.0
 10
175687.1066592547
 20
417304.3838846768
 10
175681.7394751346
 20
417280.520795526
 10
175704.3749152459
 20
417259.9897180104
  0
TEXT
  5
6C9
330
1F
100
AcDbEntity
  8
오수맨홀(2공구)
 62
     7
100
AcDbText
 10
175643.5149808654
 20
417317.6330970819
 30
0.0
 40
3.6
  1
M2-134
 50
317.7909528828025
 72
     1
 11
175649.8302188969
 21
417311.9049715886
 31
0.0
100
AcDbText
1001
Dream_TTE
1000
공구별 오수관로연장|2공구
1070
   182
1071
        8
  0
LWPOLYLINE
  5
6CA
330
1F
100
AcDbEntity
  8
오수맨홀(2공구)
 62
     1
100
AcDbPolyline
 90
        3
 70
     0
 43
0.0
 10
175642.6647479906
 20
417344.6941380029
 10
175637.2975638705
 20
417320.831048852
 10
175659.9330039818
 20
417300.2999713363
  0
TEXT
  5
6CB
330
1F
100
AcDbEntity
  8
오수맨홀(2공구)
 62
     7
100
AcDbText
 10
175602.462435813
 20
417370.6764765682
 30
0.0
 40
3.6
  1
M2-135
 50
317.7909528828025
 72
     1
 11
175608.7776738445
 21
417364.9483510749
 31
0.0
100
AcDbText
1001
Dream_TTE
1000
공구별 오수관로연장|2공구
1070
   178
1071
        8
  0
TEXT
  5
6CC
330
1F
100
AcDbEntity
  8
오수맨홀좌표(2공구)
 62
     7
100
AcDbText
 10
175594.5953711282
 20
417369.1762818378
 30
0.0
 40
3.6
  1
(H = 4.46m)
 50
317.7909528828025
 72
     1
 11
175604.4802101496
 21
417360.2104126
 31
0.0
100
AcDbText
  0
TEXT
  5
6CD
330
1F
100
AcDbEntity
  8
오수맨홀(2공구)
 62
     7
100
AcDbText
 10
175584.2079360693
 20
417369.08741797
 30
0.0
 40
3.6
  1
M2-136
 50
317.7909528828025
 72
     1
 11
175590.5231741008
 21
417363.3592924767
 31
0.0
100
AcDbText
1001
Dream_TTE
1000
공구별 오수관로연장|2공구
1070
   180
1071
        8
  0
TEXT
  5
6CE
330
1F
100
AcDbEntity
  8
오수맨홀좌표(2공구)
 62
     7
100
AcDbText
 10
175576.3408713846
 20
417367.5872232395
 30
0.0
 40
3.6
  1
(H = 4.55m)
 50
317.7909528828025
 72
     1
 11
175586.2257104059
 21
417358.6213540017
 31
0.0
100
AcDbText
  0
TEXT
  5
6CF
330
1F
100
AcDbEntity
  8
오수맨홀(2공구)
 62
     7
100
AcDbText
 10
175532.2288075005
 20
417424.9661925911
 30
0.0
 40
3.6
  1
M2-137
 50
317.7909528828025
 72
     1
 11
175538.544045532
 21
417419.2380670977
 31
0.0
100
AcDbText
1001
Dream_TTE
1000
공구별 오수관로연장|2공구
1070
   173
1071
        8
  0
TEXT
  5
6D0
330
1F
100
AcDbEntity
  8
오수맨홀좌표(2공구)
 62
     7
100
AcDbText
 10
175524.3617428157
 20
417423.4659978605
 30
0.0
 40
3.6
  1
(H = 4.78m)
 50
317.7909528828025
 72
     1
 11
175534.2465818371
 21
417414.5001286227
 31
0.0
100
AcDbText
  0
LWPOLYLINE
  5
6D1
330
1F
100
AcDbEntity
  8
오수맨홀(2공구)
 62
     1
100
AcDbPolyline
 90
        3
 70
     0
 43
0.0
 10
175530.2584482899
 20
417450.7005243705
 10
175526.0113905056
 20
417428.1641443611
 10
175548.6468306169
 20
417407.6330668454
  0
TEXT
  5
6D2
330
1F
100
AcDbEntity
  8
오수맨홀(2공구)
 62
     7
100
AcDbText
 10
175475.5562921118
 20
417474.0273000819
 30
0.0
 40
3.6
  1
M2-138
 50
317.7909528828025
 72
     1
 11
175481.8715301433
 21
417468.2991745885
 31
0.0
100
AcDbText
1001
Dream_TTE
1000
공구별 오수관로연장|2공구
1070
   167
1071
        8
  0
TEXT
  5
6D3
330
1F
100
AcDbEntity
  8
오수맨홀좌표(2공구)
 62
     7
100
AcDbText
 10
175467.689227427
 20
417472.5271053513
 30
0.0
 40
3.6
  1
(H = 4.99m)
 50
317.7909528828025
 72
     1
 11
175477.5740664484
 21
417463.5612361135
 31
0.0
100
AcDbText
  0
LWPOLYLINE
  5
6D4
330
1F
100
AcDbEntity
  8
오수맨홀(2공구)
 62
     1
100
AcDbPolyline
 90
        3
 70
     0
 43
0.0
 10
175472.6905465701
 20
417498.8662454389
 10
175469.3388751169
 20
417477.2252518518
 10
175491.9743152282
 20
417456.6941743363
  0
TEXT
  5
6D5
330
1F
100
AcDbEntity
  8
오수맨홀(2공구)
 62
     7
100
AcDbText
 10
175420.0039029615
 20
417524.4151166285
 30
0.0
 40
3.6
  1
M2-139
 50
317.7909528828025
 72
     1
 11
175426.319140993
 21
417518.6869911351
 31
0.0
100
AcDbText
1001
Dream_TTE
1000
공구별 오수관로연장|2공구
1070
   164
1071
        8
  0
TEXT
  5
6D6
330
1F
100
AcDbEntity
  8
오수맨홀좌표(2공구)
 62
     7
100
AcDbText
 10
175412.1368382767
 20
417522.9149218981
 30
0.0
 40
3.6
  1
(H = 5.30m)
 50
317.7909528828025
 72
     1
 11
175422.0216772981
 21
417513.9490526603
 31
0.0
100
AcDbText
  0
LWPOLYLINE
  5
6D7
330
1F
100
AcDbEntity
  8
오수맨홀(2공구)
 62
     1
100
AcDbPolyline
 90
        3
 70
     0
 43
0.0
 10
175417.1381575068
 20
417549.2540620814
 10
175413.7864859666
 20
417527.6130683985
 10
175436.4219260779
 20
417507.0819908828
  0
TEXT
  5
6D8
330
1F
100
AcDbEntity
  8
오수맨홀(2공구)
 62
     7
100
AcDbText
 10
175368.1550065569
 20
417571.4437456193
 30
0.0
 40
3.6
  1
M2-140
 50
317.7909528828025
 72
     1
 11
175374.4702445884
 21
417565.715620126
 31
0.0
100
AcDbText
1001
Dream_TTE
1000
공구별 오수관로연장|2공구
1070
   158
1071
        8
  0
TEXT
  5
6D9
330
1F
100
AcDbEntity
  8
오수맨홀좌표(2공구)
 62
     7
100
AcDbText
 10
175360.2879418721
 20
417569.9435508888
 30
0.0
 40
3.6
  1
(H = 5.27m)
 50
317.7909528828025
 72
     1
 11
175370.1727808935
 21
417560.9776816511
 31
0.0
100
AcDbText
  0
LWPOLYLINE
  5
6DA
330
1F
100
AcDbEntity
  8
오수맨홀(2공구)
 62
     1
100
AcDbPolyline
 90
        3
 70
     0
 43
0.0
 10
175366.1351703961
 20
417599.5656546143
 10
175361.937589562
 20
417574.6416973896
 10
175384.5730296733
 20
417554.1106198738
  0
TEXT
  5
6DB
330
1F
100
AcDbEntity
  8
오수맨홀(2공구)
 62
     7
100
AcDbText
 10
175309.4314204629
 20
417619.3076329098
 30
0.0
 40
3.6
  1
M2-141
 50
317.7909528828025
 72
     1
 11
175315.7466584944
 21
417613.5795074165
 31
0.0
100
AcDbText
1001
Dream_TTE
1000
공구별 오수관로연장|2공구
1070
   153
1071
        8
  0
TEXT
  5
6DC
330
1F
100
AcDbEntity
  8
오수맨홀좌표(2공구)
 62
     7
100
AcDbText
 10
175301.5643557782
 20
417617.8074381796
 30
0.0
 40
3.6
  1
(H = 5.14m)
 50
317.7909528828025
 72
     1
 11
175311.4491947996
 21
417608.8415689418
 31
0.0
100
AcDbText
  0
LWPOLYLINE
  5
6DD
330
1F
100
AcDbEntity
  8
오수맨홀(2공구)
 62
     1
100
AcDbPolyline
 90
        3
 70
     0
 43
0.0
 10
175306.5656749217
 20
417644.1465782676
 10
175303.2140034681
 20
417622.5055846801
 10
175325.8494435793
 20
417601.9745071646
  0
TEXT
  5
6DE
330
1F
100
AcDbEntity
  8
오수맨홀(2공구)
 62
     7
100
AcDbText
 10
175265.8194541238
 20
417664.2654070979
 30
0.0
 40
3.6
  1
M2-458
 50
317.7909528828025
 72
     1
 11
175272.1346921553
 21
417658.5372816046
 31
0.0
100
AcDbText
1001
Dream_TTE
1000
공구별 오수관로연장|2공구
1070
   147
1071
        8
  0
TEXT
  5
6DF
330
1F
100
AcDbEntity
  8
오수맨홀좌표(2공구)
 62
     7
100
AcDbText
 10
175257.952389439
 20
417662.7652123674
 30
0.0
 40
3.6
  1
(H = 5.03m)
 50
317.7909528828025
 72
     1
 11
175267.8372284604
 21
417653.7993431296
 31
0.0
100
AcDbText
  0
LWPOLYLINE
  5
6E0
330
1F
100
AcDbEntity
  8
오수맨홀(2공구)
 62
     1
100
AcDbPolyline
 90
        3
 70
     0
 43
0.0
 10
175257.1459112917
 20
417688.9719049588
 10
175259.6020371289
 20
417667.463358868
 10
175282.2374772402
 20
417646.9322813523
  0
TEXT
  5
6E1
330
1F
100
AcDbEntity
  8
오수맨홀(2공구)
 62
     7
100
AcDbText
 10
175377.8159538385
 20
417687.2704349227
 30
0.0
 40
3.6
  1
M2-312
 50
47.79095231702146
 72
     1
 11
175383.5440793942
 21
417693.5856728976
 31
0.0
100
AcDbText
1001
Dream_TTE
1000
공구별 오수관로연장|2공구
1070
   146
1071
        8
  0
TEXT
  5
6E2
330
1F
100
AcDbEntity
  8
오수맨홀좌표(2공구)
 62
     7
100
AcDbText
 10
175379.3161484914
 20
417679.4033702229
 30
0.0
 40
3.6
  1
(H = 2.34m)
 50
47.79095231702146
 72
     1
 11
175388.2820178268
 21
417689.2882091558
 31
0.0
100
AcDbText
  0
LWPOLYLINE
  5
6E3
330
1F
100
AcDbEntity
  8
오수맨홀(2공구)
 62
     1
100
AcDbPolyline
 90
        3
 70
     0
 43
0.0
 10
175384.50296039
 20
417655.8096293025
 10
175374.618002007
 20
417681.0530179593
 10
175395.1490797461
 20
417703.6884578677
  0
TEXT
  5
6E4
330
1F
100
AcDbEntity
  8
오수맨홀(2공구)
 62
     7
100
AcDbText
 10
175428.2037704901
 20
417742.8228240078
 30
0.0
 40
3.6
  1
M2-313
 50
47.79095231702146
 72
     1
 11
175433.9318960458
 21
417749.1380619827
 31
0.0
100
AcDbText
1001
Dream_TTE
1000
공구별 오수관로연장|2공구
1070
   141
1071
        8
  0
TEXT
  5
6E5
330
1F
100
AcDbEntity
  8
오수맨홀좌표(2공구)
 62
     7
100
AcDbText
 10
175429.703965143
 20
417734.9557593082
 30
0.0
 40
3.6
  1
(H = 2.92m)
 50
47.79095231702146
 72
     1
 11
175438.6698344784
 21
417744.840598241
 31
0.0
100
AcDbText
  0
LWPOLYLINE
  5
6E6
330
1F
100
AcDbEntity
  8
오수맨홀(2공구)
 62
     1
100
AcDbPolyline
 90
        3
 70
     0
 43
0.0
 10
175434.8907770534
 20
417711.3620184007
 10
175425.0058186587
 20
417736.6054070443
 10
175445.5368963977
 20
417759.2408469529
  0
TEXT
  5
6E7
330
1F
100
AcDbEntity
  8
오수맨홀좌표(2공구)
 62
     7
100
AcDbText
 10
175732.8523968833
 20
417358.7345386071
 30
0.0
 40
3.6
  1
(H = 2.45m)
 50
47.79095225364197
 72
     1
 11
175741.8182662297
 21
417368.61937753
 31
0.0
100
AcDbText
  0
TEXT
  5
6E8
330
1F
100
AcDbEntity
  8
오수맨홀(2공구)
 62
     7
100
AcDbText
 10
175731.341550383
 20
417366.6112648872
 30
0.0
 40
3.6
  1
M2-308
 50
47.79095225364197
 72
     1
 11
175737.0696759457
 21
417372.9265028558
 31
0.0
100
AcDbText
1001
Dream_TTE
1000
공구별 오수관로연장|2공구
1070
   179
1071
        8
  0
TEXT
  5
6E9
330
1F
100
AcDbEntity
  8
오수맨홀좌표(2공구)
 62
     7
100
AcDbText
 10
175767.7135126728
 20
417397.1687950671
 30
0.0
 40
3.6
  1
(H = 3.01m)
 50
47.79095225364197
 72
     1
 11
175776.6793820192
 21
417407.0536339899
 31
0.0
100
AcDbText
  0
TEXT
  5
6EA
330
1F
100
AcDbEntity
  8
오수맨홀(2공구)
 62
     7
100
AcDbText
 10
175766.2026661725
 20
417405.0455213472
 30
0.0
 40
3.6
  1
M2-309
 50
47.79095225364197
 72
     1
 11
175771.9307917352
 21
417411.3607593158
 31
0.0
100
AcDbText
1001
Dream_TTE
1000
공구별 오수관로연장|2공구
1070
   177
1071
        8
  0
LWPOLYLINE
  5
6EB
330
1F
100
AcDbEntity
  8
오수맨홀(2공구)
 62
     1
100
AcDbPolyline
 90
        3
 70
     0
 43
0.0
 10
175740.1553965658
 20
417401.9256883879
 10
175762.4682275249
 20
417399.314715315
 10
175782.9993052893
 20
417421.9501552006
  0
TEXT
  5
6EC
330
1F
100
AcDbEntity
  8
오수맨홀좌표(2공구)
 62
     7
100
AcDbText
 10
175816.0858166769
 20
417450.4990885914
 30
0.0
 40
3.6
  1
(H = 3.91m)
 50
47.79095225364197
 72
     1
 11
175825.0516860233
 21
417460.3839275143
 31
0.0
100
AcDbText
  0
TEXT
  5
6ED
330
1F
100
AcDbEntity
  8
오수맨홀(2공구)
 62
     7
100
AcDbText
 10
175814.5749701766
 20
417458.3758148716
 30
0.0
 40
3.6
  1
M2-311
 50
47.79095225364197
 72
     1
 11
175820.3030957393
 21
417464.6910528402
 31
0.0
100
AcDbText
1001
Dream_TTE
1000
공구별 오수관로연장|2공구
1070
   171
1071
        8
  0
LWPOLYLINE
  5
6EE
330
1F
100
AcDbEntity
  8
오수맨홀(2공구)
 62
     1
100
AcDbPolyline
 90
        3
 70
     0
 43
0.0
 10
175789.1995381157
 20
417455.9966804227
 10
175810.8405315289
 20
417452.6450088396
 10
175831.3716092933
 20
417475.280448725
  0
TEXT
  5
6EF
330
1F
100
AcDbEntity
  8
오수맨홀좌표(2공구)
 62
     7
100
AcDbText
 10
175860.3459218905
 20
417501.7956975404
 30
0.0
 40
3.6
  1
(H = 4.86m)
 50
47.79095225364197
 72
     1
 11
175869.3117912368
 21
417511.6805364633
 31
0.0
100
AcDbText
  0
TEXT
  5
6F0
330
1F
100
AcDbEntity
  8
오수맨홀(2공구)
 62
     7
100
AcDbText
 10
175858.8350753902
 20
417509.6724238204
 30
0.0
 40
3.6
  1
M2-280
 50
47.79095225364197
 72
     1
 11
175864.5632009529
 21
417515.9876617891
 31
0.0
100
AcDbText
1001
Dream_TTE
1000
공구별 오수관로연장|2공구
1070
   166
1071
        8
  0
LWPOLYLINE
  5
6F1
330
1F
100
AcDbEntity
  8
오수맨홀(2공구)
 62
     1
100
AcDbPolyline
 90
        3
 70
     0
 43
0.0
 10
175836.955545081
 20
417508.6475086488
 10
175855.1006367426
 20
417503.9416177884
 10
175875.631714507
 20
417526.5770576738
  0
TEXT
  5
6F2
330
1F
100
AcDbEntity
  8
오수맨홀좌표(2공구)
 62
     7
100
AcDbText
 10
175896.8364822548
 20
417539.5264108628
 30
0.0
 40
3.6
  1
(H = 4.09m)
 50
47.79095225364197
 72
     1
 11
175905.8023516011
 21
417549.4112497857
 31
0.0
100
AcDbText
  0
TEXT
  5
6F3
330
1F
100
AcDbEntity
  8
오수맨홀(2공구)
 62
     7
100
AcDbText
 10
175895.3256357545
 20
417547.4031371429
 30
0.0
 40
3.6
  1
M2-279
 50
47.79095225364197
 72
     1
 11
175901.0537613172
 21
417553.7183751115
 31
0.0
100
AcDbText
1001
Dream_TTE
1000
공구별 오수관로연장|2공구
1070
   161
1071
        8
  0
LWPOLYLINE
  5
6F4
330
1F
100
AcDbEntity
  8
오수맨홀(2공구)
 62
     1
100
AcDbPolyline
 90
        3
 70
     0
 43
0.0
 10
175867.728108015
 20
417547.0395154932
 10
175891.5911971068
 20
417541.6723311108
 10
175912.1222748713
 20
417564.3077709962
  0
TEXT
  5
6F5
330
1F
100
AcDbEntity
  8
오수맨홀좌표(2공구)
 62
     7
100
AcDbText
 10
175930.4283600191
 20
417576.5613369036
 30
0.0
 40
3.6
  1
(H = 4.18m)
 50
47.79095225364197
 72
     1
 11
175939.3942293655
 21
417586.4461758265
 31
0.0
100
AcDbText
  0
TEXT
  5
6F6
330
1F
100
AcDbEntity
  8
오수맨홀(2공구)
 62
     7
100
AcDbText
 10
175928.9175135188
 20
417584.4380631836
 30
0.0
 40
3.6
  1
M2-278
 50
47.79095225364197
 72
     1
 11
175934.6456390815
 21
417590.7533011523
 31
0.0
100
AcDbText
1001
Dream_TTE
1000
공구별 오수관로연장|2공구
1070
   157
1071
        8
  0
LWPOLYLINE
  5
6F7
330
1F
100
AcDbEntity
  8
오수맨홀(2공구)
 62
     1
100
AcDbPolyline
 90
        3
 70
     0
 43
0.0
 10
175903.5420815386
 20
417582.0589288234
 10
175925.1830748712
 20
417578.7072571515
 10
175945.7141526356
 20
417601.3426970371
  0
TEXT
  5
6F8
330
1F
100
AcDbEntity
  8
오수맨홀(2공구)
 62
     7
100
AcDbText
 10
175939.7347488283
 20
417649.2185626601
 30
0.0
 40
3.6
  1
M2-277
 50
47.79095231702146
 72
     1
 11
175945.462874384
 21
417655.533800635
 31
0.0
100
AcDbText
1001
Dream_TTE
1000
공구별 오수관로연장|2공구
1070
   150
1071
        8
  0
TEXT
  5
6F9
330
1F
100
AcDbEntity
  8
오수맨홀좌표(2공구)
 62
     7
100
AcDbText
 10
175941.2349434811
 20
417641.3514979604
 30
0.0
 40
3.6
  1
(H = 4.04m)
 50
47.79095231702146
 72
     1
 11
175950.2008128165
 21
417651.2363368932
 31
0.0
100
AcDbText
  0
LWPOLYLINE
  5
6FA
330
1F
100
AcDbEntity
  8
오수맨홀(2공구)
 62
     1
100
AcDbPolyline
 90
        3
 70
     0
 43
0.0
 10
175940.493147019
 20
417622.7973474015
 10
175935.4716099749
 20
417642.1004646996
 10
175956.0026877139
 20
417664.7359046081
  0
TEXT
  5
6FB
330
1F
100
AcDbEntity
  8
오수맨홀(2공구)
 62
     7
100
AcDbText
 10
175989.4887836055
 20
417552.0668655152
 30
0.0
 40
3.6
  1
M2-276
 50
317.7909528828025
 72
     1
 11
175995.804021637
 21
417546.3387400218
 31
0.0
100
AcDbText
1001
Dream_TTE
1000
공구별 오수관로연장|2공구
1070
   160
1071
        8
  0
TEXT
  5
6FC
330
1F
100
AcDbEntity
  8
오수맨홀좌표(2공구)
 62
     7
100
AcDbText
 10
175981.6217189208
 20
417550.5666707846
 30
0.0
 40
3.6
  1
(H = 4.25m)
 50
317.7909528828025
 72
     1
 11
175991.5065579422
 21
417541.6008015468
 31
0.0
100
AcDbText
  0
LWPOLYLINE
  5
6FD
330
1F
100
AcDbEntity
  8
오수맨홀(2공구)
 62
     1
100
AcDbPolyline
 90
        3
 70
     0
 43
0.0
 10
175988.6385507307
 20
417579.1279064362
 10
175983.2713666107
 20
417555.2648172851
 10
176005.906806722
 20
417534.7337397695
  0
TEXT
  5
6FE
330
1F
100
AcDbEntity
  8
오수맨홀(2공구)
 62
     7
100
AcDbText
 10
174531.9012779344
 20
417281.5291136797
 30
0.0
 40
3.6
  1
M2-177
 50
78.01566150085744
 72
     1
 11
174533.6716652323
 21
417289.8693404078
 31
0.0
100
AcDbText
1001
Dream_TTE
1000
공구별 오수관로연장|2공구
1070
   183
1071
        8
  0
TEXT
  5
6FF
330
1F
100
AcDbEntity
  8
오수맨홀좌표(2공구)
 62
     7
100
AcDbText
 10
174537.1577551549
 20
417275.4867020573
 30
0.0
 40
3.6
  1
(H = 1.34m)
 50
78.01566150085744
 72
     1
 11
174539.9288293976
 21
417288.5411266409
 31
0.0
100
AcDbText
  0
LWPOLYLINE
  5
700
330
1F
100
AcDbEntity
  8
오수맨홀(2공구)
 62
     1
100
AcDbPolyline
 90
        3
 70
     0
 43
0.0
 10
174558.2117525874
 20
417255.2615306012
 10
174532.2678645797
 20
417274.547080749
 10
174538.6133887633
 20
417304.4406020507
  0
TEXT
  5
701
330
1F
100
AcDbEntity
  8
오수맨홀(2공구)
 62
     7
100
AcDbText
 10
174561.0266180541
 20
417359.8756751799
 30
0.0
 40
3.6
  1
M2-178
 50
63.17215108431071
 72
     1
 11
174564.8745243428
 21
417367.4840436158
 31
0.0
100
AcDbText
1001
Dream_TTE
1000
공구별 오수관로연장|2공구
1070
   181
1071
        8
  0
TEXT
  5
702
330
1F
100
AcDbEntity
  8
오수맨홀좌표(2공구)
 62
     7
100
AcDbText
 10
174564.5597376826
 20
417352.6883003691
 30
0.0
 40
3.6
  1
(H = 1.71m)
 50
63.17215108431071
 72
     1
 11
174570.582619804
 21
417364.5971938785
 31
0.0
100
AcDbText
  0
LWPOLYLINE
  5
703
330
1F
100
AcDbEntity
  8
오수맨홀(2공구)
 62
     1
100
AcDbPolyline
 90
        3
 70
     0
 43
0.0
 10
174582.4862395211
 20
417326.0030167329
 10
174559.5923149544
 20
417353.0327266758
 10
174573.384202436
 20
417380.303079308
  0
TEXT
  5
704
330
1F
100
AcDbEntity
  8
오수맨홀(2공구)
 62
     7
100
AcDbText
 10
174620.2625383485
 20
417411.7516167973
 30
0.0
 40
3.6
  1
M2-179
 50
51.50280552332753
 72
     1
 11
174625.5698070773
 21
417418.4244386668
 31
0.0
100
AcDbText
1001
Dream_TTE
1000
공구별 오수관로연장|2공구
1070
   176
1071
        8
  0
TEXT
  5
705
330
1F
100
AcDbEntity
  8
오수맨홀좌표(2공구)
 62
     7
100
AcDbText
 10
174622.2688899225
 20
417403.9981759904
 30
0.0
 40
3.6
  1
(H = 2.17m)
 50
51.50280552332753
 72
     1
 11
174630.5760189279
 21
417414.4427181707
 31
0.0
100
AcDbText
  0
LWPOLYLINE
  5
706
330
1F
100
AcDbEntity
  8
오수맨홀(2공구)
 62
     1
100
AcDbPolyline
 90
        3
 70
     0
 43
0.0
 10
174623.7283865077
 20
417388.4452813114
 10
174617.4738028533
 20
417405.3402110271
 10
174636.4964212986
 20
417429.2573237388
  0
TEXT
  5
707
330
1F
100
AcDbEntity
  8
오수맨홀(2공구)
 62
     7
100
AcDbText
 10
174667.1072747736
 20
417470.6550499141
 30
0.0
 40
3.6
  1
M2-180
 50
51.50277709468773
 72
     1
 11
174672.4145468133
 21
417477.3278691503
 31
0.0
100
AcDbText
1001
Dream_TTE
1000
공구별 오수관로연장|2공구
1070
   168
1071
        8
  0
TEXT
  5
708
330
1F
100
AcDbEntity
  8
오수맨홀좌표(2공구)
 62
     7
100
AcDbText
 10
174669.1136225005
 20
417462.9016081119
 30
0.0
 40
3.6
  1
(H = 2.62m)
 50
51.50277709468773
 72
     1
 11
174677.4207566882
 21
417473.3461461704
 31
0.0
100
AcDbText
  0
LWPOLYLINE
  5
709
330
1F
100
AcDbEntity
  8
오수맨홀(2공구)
 62
     1
100
AcDbPolyline
 90
        3
 70
     0
 43
0.0
 10
174669.9344144726
 20
417447.5215284654
 10
174664.3185360971
 20
417464.2436455278
 10
174683.3411664094
 20
417488.160748801
  0
TEXT
  5
70A
330
1F
100
AcDbEntity
  8
오수맨홀(2공구)
 62
     7
100
AcDbText
 10
174713.1933439202
 20
417529.6376973725
 30
0.0
 40
3.6
  1
M2-181
 50
51.50278731050818
 72
     1
 11
174718.5006147701
 21
417536.3105175549
 31
0.0
100
AcDbText
1001
Dream_TTE
1000
공구별 오수관로연장|2공구
1070
   162
1071
        8
  0
TEXT
  5
70B
330
1F
100
AcDbEntity
  8
오수맨홀좌표(2공구)
 62
     7
100
AcDbText
 10
174715.1996930296
 20
417521.8842559278
 30
0.0
 40
3.6
  1
(H = 3.06m)
 50
51.50278731050818
 72
     1
 11
174723.506825355
 21
417532.3287954674
 31
0.0
100
AcDbText
  0
LWPOLYLINE
  5
70C
330
1F
100
AcDbEntity
  8
오수맨홀(2공구)
 62
     1
100
AcDbPolyline
 90
        3
 70
     0
 43
0.0
 10
174716.1404203648
 20
417506.5977929157
 10
174710.4046063869
 20
417523.2262924887
 10
174729.4272324349
 20
417547.1433991535
  0
TEXT
  5
70D
330
1F
100
AcDbEntity
  8
오수맨홀(2공구)
 62
     7
100
AcDbText
 10
174759.4900706
 20
417590.0611781433
 30
0.0
 40
3.6
  1
M2-182
 50
51.50275884804567
 72
     1
 11
174764.7973447647
 21
417596.7339956893
 31
0.0
100
AcDbText
1001
Dream_TTE
1000
공구별 오수관로연장|2공구
1070
   156
1071
        8
  0
TEXT
  5
70E
330
1F
100
AcDbEntity
  8
오수맨홀좌표(2공구)
 62
     7
100
AcDbText
 10
174761.4964158578
 20
417582.3077357021
 30
0.0
 40
3.6
  1
(H = 3.54m)
 50
51.50275884804567
 72
     1
 11
174769.8035533717
 21
417592.752271115
 31
0.0
100
AcDbText
  0
LWPOLYLINE
  5
70F
330
1F
100
AcDbEntity
  8
오수맨홀(2공구)
 62
     1
100
AcDbPolyline
 90
        3
 70
     0
 43
0.0
 10
174762.3464483396
 20
417565.6740400618
 10
174756.7013298818
 20
417583.6497746451
 10
174775.7239678109
 20
417607.5668718602
  0
TEXT
  5
710
330
1F
100
AcDbEntity
  8
오수맨홀(2공구)
 62
     7
100
AcDbText
 10
174801.2829894655
 20
417645.889354222
 30
0.0
 40
3.6
  1
M2-183
 50
51.50280552332753
 72
     1
 11
174806.5902581943
 21
417652.5621760915
 31
0.0
100
AcDbText
1001
Dream_TTE
1000
공구별 오수관로연장|2공구
1070
   151
1071
        8
  0
TEXT
  5
711
330
1F
100
AcDbEntity
  8
오수맨홀좌표(2공구)
 62
     7
100
AcDbText
 10
174803.2893410395
 20
417638.135913415
 30
0.0
 40
3.6
  1
(H = 3.54m)
 50
51.50280552332753
 72
     1
 11
174811.5964700449
 21
417648.5804555954
 31
0.0
100
AcDbText
  0
LWPOLYLINE
  5
712
330
1F
100
AcDbEntity
  8
오수맨홀(2공구)
 62
     1
100
AcDbPolyline
 90
        3
 70
     0
 43
0.0
 10
174805.4720593525
 20
417620.8118726804
 10
174798.4942539702
 20
417639.4779484518
 10
174817.5168724155
 20
417663.3950611636
  0
TEXT
  5
713
330
1F
100
AcDbEntity
  8
오수맨홀(2공구)
 62
     7
100
AcDbText
 10
174840.899315876
 20
417697.4709880016
 30
0.0
 40
3.6
  1
M2-166
 50
51.95859442129123
 72
     1
 11
174846.1533348263
 21
417704.1858177039
 31
0.0
100
AcDbText
1001
Dream_TTE
1000
공구별 오수관로연장|2공구
1070
   144
1071
        8
  0
TEXT
  5
714
330
1F
100
AcDbEntity
  8
오수맨홀좌표(2공구)
 62
     7
100
AcDbText
 10
174842.9672820698
 20
417689.7337529137
 30
0.0
 40
3.6
  1
(H = 4.51m)
 50
51.95859442129123
 72
     1
 11
174851.1910625955
 21
417700.2440472736
 31
0.0
100
AcDbText
  0
TEXT
  5
715
330
1F
100
AcDbEntity
  8
오수맨홀(2공구)
 62
     7
100
AcDbText
 10
174885.8912986549
 20
417755.0812396904
 30
0.0
 40
3.6
  1
M2-167
 50
47.79095231702146
 72
     1
 11
174891.6194242106
 21
417761.3964776653
 31
0.0
100
AcDbText
1001
Dream_TTE
1000
공구별 오수관로연장|2공구
1070
   139
1071
        8
  0
TEXT
  5
716
330
1F
100
AcDbEntity
  8
오수맨홀좌표(2공구)
 62
     7
100
AcDbText
 10
174887.3914933078
 20
417747.2141749906
 30
0.0
 40
3.6
  1
(H = 4.31m)
 50
47.79095231702146
 72
     1
 11
174896.3573626432
 21
417757.0990139235
 31
0.0
100
AcDbText
  0
LWPOLYLINE
  5
717
330
1F
100
AcDbEntity
  8
오수맨홀(2공구)
 62
     1
100
AcDbPolyline
 90
        3
 70
     0
 43
0.0
 10
174890.3562096547
 20
417725.6359467493
 10
174882.6933468235
 20
417748.8638227269
 10
174903.2244245626
 20
417771.4992626355
  0
TEXT
  5
718
330
1F
100
AcDbEntity
  8
오수맨홀(2공구)
 62
     7
100
AcDbText
 10
174927.681835308
 20
417809.4207876207
 30
0.0
 40
3.6
  1
M2-168
 50
51.50280546362526
 72
     1
 11
174932.9891040438
 21
417816.0936094847
 31
0.0
100
AcDbText
1001
Dream_TTE
1000
공구별 오수관로연장|2공구
1070
   137
1071
        8
  0
TEXT
  5
719
330
1F
100
AcDbEntity
  8
오수맨홀좌표(2공구)
 62
     7
100
AcDbText
 10
174929.6881868739
 20
417801.6673468117
 30
0.0
 40
3.6
  1
(H = 4.15m)
 50
51.50280546362526
 72
     1
 11
174937.9953158902
 21
417812.1118889833
 31
0.0
100
AcDbText
  0
LWPOLYLINE
  5
71A
330
1F
100
AcDbEntity
  8
오수맨홀(2공구)
 62
     1
100
AcDbPolyline
 90
        3
 70
     0
 43
0.0
 10
174934.0436315462
 20
417780.3263164062
 10
174924.893099806
 20
417803.0093818533
 10
174943.9157182763
 20
417826.9264945452
  0
TEXT
  5
71B
330
1F
100
AcDbEntity
  8
오수맨홀(2공구)
 62
     7
100
AcDbText
 10
174963.9071058669
 20
417880.8597382392
 30
0.0
 40
3.6
  1
M2-169
 50
51.50280557896088
 72
     1
 11
174969.2143745892
 21
417887.5325601139
 31
0.0
100
AcDbText
1001
Dream_TTE
1000
공구별 오수관로연장|2공구
1070
   132
1071
        8
  0
TEXT
  5
71C
330
1F
100
AcDbEntity
  8
오수맨홀좌표(2공구)
 62
     7
100
AcDbText
 10
174965.9134574485
 20
417873.1062974344
 30
0.0
 40
3.6
  1
(H = 4.01m)
 50
51.50280557896088
 72
     1
 11
174974.2205864437
 21
417883.5508396227
 31
0.0
100
AcDbText
  0
TEXT
  5
71D
330
1F
100
AcDbEntity
  8
오수맨홀(2공구)
 62
     7
100
AcDbText
 10
174988.3078769508
 20
417876.7302239419
 30
0.0
 40
3.6
  1
M2-170
 50
52.56585162300234
 72
     1
 11
174993.4904340949
 21
417883.5003609058
 31
0.0
100
AcDbText
1001
Dream_TTE
1000
공구별 오수관로연장|2공구
1070
   133
1071
        8
  0
TEXT
  5
71E
330
1F
100
AcDbEntity
  8
오수맨홀좌표(2공구)
 62
     7
100
AcDbText
 10
174990.4577296122
 20
417869.0153406298
 30
0.0
 40
3.6
  1
(H = 3.85m)
 50
52.56585162300234
 72
     1
 11
174998.5696555339
 21
417879.6122039162
 31
0.0
100
AcDbText
  0
LWPOLYLINE
  5
71F
330
1F
100
AcDbEntity
  8
오수맨홀(2공구)
 62
     1
100
AcDbPolyline
 90
        3
 70
     0
 43
0.0
 10
174978.9255184786
 20
417837.7096186122
 10
174961.1183703778
 20
417874.4483324664
 10
174980.1409887998
 20
417898.3654451966
  0
LWPOLYLINE
  5
720
330
1F
100
AcDbEntity
  8
오수맨홀(2공구)
 62
     1
100
AcDbPolyline
 90
        2
 70
     0
 43
0.0
 10
174993.5834228051
 20
417851.5808446575
 10
174985.6385696191
 20
417870.2681833986
  0
LWPOLYLINE
  5
721
330
1F
100
AcDbEntity
  8
오수맨홀(2공구)
 62
     1
100
AcDbPolyline
 90
        2
 70
     0
 43
0.0
 10
174985.6385696191
 20
417870.2681833986
 10
175004.2141896155
 20
417894.5340984799
  0
LWPOLYLINE
  5
722
330
1F
100
AcDbEntity
  8
오수맨홀(2공구)
 62
     1
100
AcDbPolyline
 90
        2
 70
     0
 43
0.0
 10
174846.2316562781
 20
417671.2942102319
 10
174838.1616709228
 20
417691.0376008903
  0
LWPOLYLINE
  5
723
330
1F
100
AcDbEntity
  8
오수맨홀(2공구)
 62
     1
100
AcDbPolyline
 90
        2
 70
     0
 43
0.0
 10
174838.1616709228
 20
417691.0376008903
 10
174856.9934284432
 20
417715.1052804975
  0
LWPOLYLINE
  5
724
330
1F
100
AcDbEntity
  8
오수맨홀(2공구)
 62
     1
100
AcDbPolyline
 90
        2
 70
     0
 43
0.0
 10
176151.2008261684
 20
418035.8380910176
 10
176143.4717616781
 20
418001.4738227421
  0
LWPOLYLINE
  5
725
330
1F
100
AcDbEntity
  8
오수맨홀(2공구)
 62
     1
100
AcDbPolyline
 90
        2
 70
     0
 43
0.0
 10
176163.999283917
 20
418020.17924435
 10
176161.245232414
 20
418007.9344293647
  0
LWPOLYLINE
  5
726
330
1F
100
AcDbEntity
  8
오수맨홀(2공구)
 62
     1
100
AcDbPolyline
 90
        2
 70
     0
 43
0.0
 10
176143.4717616781
 20
418001.4738227421
 10
176166.1072017893
 20
417980.9427452265
  0
LWPOLYLINE
  5
727
330
1F
100
AcDbEntity
  8
오수맨홀(2공구)
 62
     1
100
AcDbPolyline
 90
        2
 70
     0
 43
0.0
 10
176161.245232414
 20
418007.9344293647
 10
176183.8806725253
 20
417987.403351849
  0
LWPOLYLINE
  5
728
330
1F
100
AcDbEntity
  8
오수맨홀(2공구)
 62
     1
100
AcDbPolyline
 90
        2
 70
     0
 43
0.0
 10
175589.5623548035
 20
417997.1311377193
 10
175615.44783759
 20
418003.9646747601
  0
LWPOLYLINE
  5
729
330
1F
100
AcDbEntity
  8
오수맨홀(2공구)
 62
     1
100
AcDbPolyline
 90
        2
 70
     0
 43
0.0
 10
175615.44783759
 20
418003.9646747601
 10
175638.0832778467
 20
417983.4335974048
  0
LWPOLYLINE
  5
72A
330
1F
100
AcDbEntity
  8
오수맨홀(2공구)
 62
     1
100
AcDbPolyline
 90
        2
 70
     0
 43
0.0
 10
175613.2255095478
 20
418024.8881423263
 10
175635.911274388
 20
418004.3114189439
  0
LWPOLYLINE
  5
72B
330
1F
100
AcDbEntity
  8
오수맨홀(2공구)
 62
     1
100
AcDbPolyline
 90
        2
 70
     0
 43
0.0
 10
175576.7638970495
 20
418012.7899843919
 10
175613.2255095478
 20
418024.8881423263
  0
LWPOLYLINE
  5
72C
330
1F
100
AcDbEntity
  8
오수맨홀(2공구)
 62
     1
100
AcDbPolyline
 90
        2
 70
     0
 43
0.0
 10
175596.4514223886
 20
417386.5961847479
 10
175596.2450188181
 20
417373.8744283382
  0
LWPOLYLINE
  5
72D
330
1F
100
AcDbEntity
  8
오수맨홀(2공구)
 62
     1
100
AcDbPolyline
 90
        3
 70
     0
 43
0.0
 10
175754.7234583873
 20
417237.6529494457
 10
175739.6529572508
 20
417224.9799002589
 10
175762.288397362
 20
417204.4488227433
  0
LWPOLYLINE
  5
72E
330
1F
100
AcDbEntity
  8
오수맨홀(2공구)
 62
     1
100
AcDbPolyline
 90
        2
 70
     0
 43
0.0
 10
175596.2450188181
 20
417373.8744283382
 10
175618.8804589294
 20
417353.3433508228
  0
LWPOLYLINE
  5
72F
330
1F
100
AcDbEntity
  8
오수맨홀(2공구)
 62
     1
100
AcDbPolyline
 90
        3
 70
     0
 43
0.0
 10
175583.6057654274
 20
417402.3127794037
 10
175578.3039212088
 20
417372.0011038507
 10
175600.6259591857
 20
417351.7542922246
  0
TEXT
  5
730
330
1F
100
AcDbEntity
  8
오수맨홀좌표(2공구)
 62
     7
100
AcDbText
 10
175533.420032971
 20
417743.2395167726
 30
0.0
 40
3.6
  1
(H = 5.51m)
 50
317.7909532877367
 72
     1
 11
175543.3048720558
 21
417734.2736476048
 31
0.0
100
AcDbText
  0
TEXT
  5
731
330
1F
100
AcDbEntity
  8
오수맨홀(2공구)
 62
     7
100
AcDbText
 10
175538.5951182825
 20
417747.1814240196
 30
0.0
 40
3.6
  1
M2-286-01
 50
317.7909532877367
 72
     1
 11
175547.6023357169
 21
417739.01158611
 31
0.0
100
AcDbText
1001
Dream_TTE
1000
공구별 오수관로연장|2공구
1070
   140
1071
        8
  0
LWPOLYLINE
  5
732
330
1F
100
AcDbEntity
  8
오수맨홀(2공구)
 62
     1
100
AcDbPolyline
 90
        3
 70
     0
 43
0.0
 10
175509.8017452571
 20
417741.9329874735
 10
175535.5659531242
 20
417748.4848019592
 10
175558.2013933808
 20
417727.9537246039
  0
LWPOLYLINE
  5
733
330
1F
100
AcDbEntity
  8
오수맨홀(2공구)
 62
     1
100
AcDbPolyline
 90
        3
 70
     0
 43
0.0
 10
176582.2561303126
 20
418254.1236970318
 10
176605.4840061603
 20
418261.786560257
 10
176628.119446417
 20
418241.2554829016
  0
LWPOLYLINE
  5
734
330
1F
100
AcDbEntity
  8
오수맨홀(2공구)
 62
     1
100
AcDbPolyline
 90
        3
 70
     0
 43
0.0
 10
176279.0625780235
 20
418484.915089333
 10
176273.6953939034
 20
418461.0520001821
 10
176296.3308340147
 20
418440.5209226666
  0
LWPOLYLINE
  5
735
330
1F
100
AcDbEntity
  8
오수맨홀(2공구)
 62
     1
100
AcDbPolyline
 90
        3
 70
     0
 43
0.0
 10
176057.7393833685
 20
418409.7743029975
 10
176042.3346471078
 20
418435.7823646753
 10
176062.8657248469
 20
418458.4178045838
  0
TEXT
  5
736
330
1F
100
AcDbEntity
  8
오수맨홀(2공구)
 62
     7
100
AcDbText
 10
176611.3552976574
 20
418455.1872452372
 30
0.0
 40
3.6
  1
M3-15
 50
47.79095231702146
 72
     1
 11
176616.1438588399
 21
418460.4666168449
 31
0.0
100
AcDbText
1001
Dream_TTE
1000
공구별 오수관로연장|2공구
1070
    63
1071
        8
  0
TEXT
  5
737
330
1F
100
AcDbEntity
  8
오수맨홀좌표(2공구)
 62
     7
100
AcDbText
 10
176611.915927937
 20
418446.2843141703
 30
0.0
 40
3.6
  1
(H = 6.25m)
 50
47.79095231702146
 72
     1
 11
176620.8817972724
 21
418456.1691531032
 31
0.0
100
AcDbText
  0
LWPOLYLINE
  5
738
330
1F
100
AcDbEntity
  8
오수맨홀(2공구)
 62
     1
100
AcDbPolyline
 90
        3
 70
     0
 43
0.0
 10
176623.2616704862
 20
418420.2008731261
 10
176607.2177814527
 20
418447.9339619064
 10
176627.7488591918
 20
418470.5694018151
  0
TEXT
  5
739
330
1F
100
AcDbEntity
  8
오수맨홀(2공구)
 62
     7
100
AcDbText
 10
176660.0465771809
 20
418495.1239437023
 30
0.0
 40
3.6
  1
M3-16
 50
47.79095231702146
 72
     1
 11
176664.8351383634
 21
418500.4033153101
 31
0.0
100
AcDbText
1001
Dream_TTE
1000
공구별 오수관로연장|2공구
1070
    56
1071
        8
  0
TEXT
  5
73A
330
1F
100
AcDbEntity
  8
오수맨홀좌표(2공구)
 62
     7
100
AcDbText
 10
176660.6072074606
 20
418486.2210126357
 30
0.0
 40
3.6
  1
(H = 6.40m)
 50
47.79095231702146
 72
     1
 11
176669.573076796
 21
418496.1058515685
 31
0.0
100
AcDbText
  0
LWPOLYLINE
  5
73B
330
1F
100
AcDbEntity
  8
오수맨홀(2공구)
 62
     1
100
AcDbPolyline
 90
        3
 70
     0
 43
0.0
 10
176663.5719238075
 20
418464.6427843943
 10
176655.9090609763
 20
418487.8706603718
 10
176676.4401387153
 20
418510.5061002803
  0
TEXT
  5
73C
330
1F
100
AcDbEntity
  8
오수맨홀(2공구)
 62
     7
100
AcDbText
 10
176715.9579291881
 20
418552.3171135207
 30
0.0
 40
3.6
  1
M3-17
 50
47.79095231702146
 72
     1
 11
176720.7464903705
 21
418557.5964851284
 31
0.0
100
AcDbText
1001
Dream_TTE
1000
공구별 오수관로연장|2공구
1070
    48
1071
        8
  0
TEXT
  5
73D
330
1F
100
AcDbEntity
  8
오수맨홀좌표(2공구)
 62
     7
100
AcDbText
 10
176716.5185594677
 20
418543.4141824539
 30
0.0
 40
3.6
  1
(H = 6.39m)
 50
47.79095231702146
 72
     1
 11
176725.4844288031
 21
418553.2990213867
 31
0.0
100
AcDbText
  0
LWPOLYLINE
  5
73E
330
1F
100
AcDbEntity
  8
오수맨홀(2공구)
 62
     1
100
AcDbPolyline
 90
        3
 70
     0
 43
0.0
 10
176719.4832758146
 20
418521.8359542125
 10
176711.8204129834
 20
418545.0638301901
 10
176732.3514907225
 20
418567.6992700986
  0
TEXT
  5
73F
330
1F
100
AcDbEntity
  8
오수맨홀(2공구)
 62
     7
100
AcDbText
 10
176790.4645818865
 20
418567.9144981841
 30
0.0
 40
3.6
  1
M3-2
 50
317.7909528828025
 72
     1
 11
176794.7080871652
 21
418564.0655014168
 31
0.0
100
AcDbText
1001
Dream_TTE
1000
공구별 오수관로연장|2공구
1070
    45
1071
        8
  0
TEXT
  5
740
330
1F
100
AcDbEntity
  8
오수맨홀좌표(2공구)
 62
     7
100
AcDbText
 10
176780.5257844489
 20
418568.2934321795
 30
0.0
 40
3.6
  1
(H = 6.12m)
 50
317.7909528828025
 72
     1
 11
176790.4106234703
 21
418559.3275629418
 31
0.0
100
AcDbText
  0
LWPOLYLINE
  5
741
330
1F
100
AcDbEntity
  8
오수맨홀(2공구)
 62
     1
100
AcDbPolyline
 90
        3
 70
     0
 43
0.0
 10
176758.9475562368
 20
418565.3287156195
 10
176782.1754321388
 20
418572.9915786803
 10
176804.8108722501
 20
418552.4605011647
  0
TEXT
  5
742
330
1F
100
AcDbEntity
  8
오수맨홀(2공구)
 62
     7
100
AcDbText
 10
176792.4019275929
 20
418512.7448956912
 30
0.0
 40
3.6
  1
M2-1
 50
317.7909528828025
 72
     1
 11
176796.6454328716
 21
418508.8958989239
 31
0.0
100
AcDbText
1001
Dream_TTE
1000
공구별 오수관로연장|2공구
1070
    53
1071
        8
  0
TEXT
  5
743
330
1F
100
AcDbEntity
  8
오수맨홀좌표(2공구)
 62
     7
100
AcDbText
 10
176782.4631301553
 20
418513.1238296867
 30
0.0
 40
3.6
  1
(H = 5.68m)
 50
317.7909528828025
 72
     1
 11
176792.3479691767
 21
418504.1579604489
 31
0.0
100
AcDbText
  0
LWPOLYLINE
  5
744
330
1F
100
AcDbEntity
  8
오수맨홀(2공구)
 62
     1
100
AcDbPolyline
 90
        3
 70
     0
 43
0.0
 10
176789.4799619653
 20
418541.6850653385
 10
176784.1127778452
 20
418517.8219761874
 10
176806.7482179565
 20
418497.2908986718
  0
TEXT
  5
745
330
1F
100
AcDbEntity
  8
오수맨홀(2공구)
 62
     7
100
AcDbText
 10
176707.4834239032
 20
418585.7184988037
 30
0.0
 40
3.6
  1
M3-3
 50
317.7909528828025
 72
     1
 11
176711.7269291819
 21
418581.8695020365
 31
0.0
100
AcDbText
1001
Dream_TTE
1000
공구별 오수관로연장|2공구
1070
    43
1071
        8
  0
TEXT
  5
746
330
1F
100
AcDbEntity
  8
오수맨홀좌표(2공구)
 62
     7
100
AcDbText
 10
176697.5446264657
 20
418586.0974327993
 30
0.0
 40
3.6
  1
(H = 6.50m)
 50
317.7909528828025
 72
     1
 11
176707.4294654871
 21
418577.1315635615
 31
0.0
100
AcDbText
  0
LWPOLYLINE
  5
747
330
1F
100
AcDbEntity
  8
오수맨홀(2공구)
 62
     1
100
AcDbPolyline
 90
        3
 70
     0
 43
0.0
 10
176704.5614582756
 20
418614.6586684507
 10
176699.1942741555
 20
418590.7955792997
 10
176721.8297142668
 20
418570.264501784
  0
TEXT
  5
748
330
1F
100
AcDbEntity
  8
오수맨홀(2공구)
 62
     7
100
AcDbText
 10
176639.1325770569
 20
418651.7651621202
 30
0.0
 40
3.6
  1
M3-5
 50
317.790953087259
 72
     1
 11
176643.3760823493
 21
418647.9161653681
 31
0.0
100
AcDbText
1001
Dream_TTE
1000
공구별 오수관로연장|2공구
1070
    35
1071
        8
  0
TEXT
  5
749
330
1F
100
AcDbEntity
  8
오수맨홀좌표(2공구)
 62
     7
100
AcDbText
 10
176629.1937796011
 20
418652.1440960957
 30
0.0
 40
3.6
  1
(H = 8.07m)
 50
317.790953087259
 72
     1
 11
176639.0786186544
 21
418643.1782268932
 31
0.0
100
AcDbText
  0
LWPOLYLINE
  5
74A
330
1F
100
AcDbEntity
  8
오수맨홀(2공구)
 62
     1
100
AcDbPolyline
 90
        3
 70
     0
 43
0.0
 10
176636.210611443
 20
418680.7053317823
 10
176630.8434273228
 20
418656.8422426314
 10
176653.4788674341
 20
418636.3111651159
  0
TEXT
  5
74B
330
1F
100
AcDbEntity
  8
오수맨홀(2공구)
 62
     7
100
AcDbText
 10
176689.9322967153
 20
418580.2464560082
 30
0.0
 40
3.6
  1
M3-4
 50
317.7909528828025
 72
     1
 11
176694.175801994
 21
418576.397459241
 31
0.0
100
AcDbText
1001
Dream_TTE
1000
공구별 오수관로연장|2공구
1070
    44
1071
        8
  0
TEXT
  5
74C
330
1F
100
AcDbEntity
  8
오수맨홀좌표(2공구)
 62
     7
100
AcDbText
 10
176679.9934992777
 20
418580.625390004
 30
0.0
 40
3.6
  1
(H = 6.79m)
 50
317.7909528828025
 72
     1
 11
176689.8783382991
 21
418571.6595207662
 31
0.0
100
AcDbText
  0
LWPOLYLINE
  5
74D
330
1F
100
AcDbEntity
  8
오수맨홀(2공구)
 62
     1
100
AcDbPolyline
 90
        3
 70
     0
 43
0.0
 10
176691.7630005212
 20
418630.317515123
 10
176681.6431469677
 20
418585.3235365045
 10
176704.2785870789
 20
418564.7924589889
  0
TEXT
  5
74E
330
1F
100
AcDbEntity
  8
오수맨홀(2공구)
 62
     7
100
AcDbText
 10
176583.5801879786
 20
418702.1529787796
 30
0.0
 40
3.6
  1
M3-6
 50
317.790953087259
 72
     1
 11
176587.823693271
 21
418698.3039820275
 31
0.0
100
AcDbText
1001
Dream_TTE
1000
공구별 오수관로연장|2공구
1070
    28
1071
        8
  0
TEXT
  5
74F
330
1F
100
AcDbEntity
  8
오수맨홀좌표(2공구)
 62
     7
100
AcDbText
 10
176573.6413905228
 20
418702.531912755
 30
0.0
 40
3.6
  1
(H = 8.16m)
 50
317.790953087259
 72
     1
 11
176583.5262295762
 21
418693.5660435525
 31
0.0
100
AcDbText
  0
LWPOLYLINE
  5
750
330
1F
100
AcDbEntity
  8
오수맨홀(2공구)
 62
     1
100
AcDbPolyline
 90
        3
 70
     0
 43
0.0
 10
176580.6582223648
 20
418731.0931484418
 10
176575.2910382447
 20
418707.2300592909
 10
176597.9264783559
 20
418686.6989817754
  0
TEXT
  5
751
330
1F
100
AcDbEntity
  8
오수맨홀(2공구)
 62
     7
100
AcDbText
 10
176528.0277989059
 20
418752.5407954342
 30
0.0
 40
3.6
  1
M3-7
 50
317.790953087259
 72
     1
 11
176532.2713041983
 21
418748.691798682
 31
0.0
100
AcDbText
1001
Dream_TTE
1000
공구별 오수관로연장|2공구
1070
    22
1071
        8
  0
TEXT
  5
752
330
1F
100
AcDbEntity
  8
오수맨홀좌표(2공구)
 62
     7
100
AcDbText
 10
176518.0890014502
 20
418752.9197294096
 30
0.0
 40
3.6
  1
(H = 6.68m)
 50
317.790953087259
 72
     1
 11
176527.9738405035
 21
418743.953860207
 31
0.0
100
AcDbText
  0
LWPOLYLINE
  5
753
330
1F
100
AcDbEntity
  8
오수맨홀(2공구)
 62
     1
100
AcDbPolyline
 90
        3
 70
     0
 43
0.0
 10
176525.1058332921
 20
418781.4809650963
 10
176519.738649172
 20
418757.6178759454
 10
176542.3740892833
 20
418737.0867984298
  0
TEXT
  5
754
330
1F
100
AcDbEntity
  8
오수맨홀(2공구)
 62
     7
100
AcDbText
 10
176472.475409828
 20
418802.9286120936
 30
0.0
 40
3.6
  1
M3-8
 50
317.790953087259
 72
     1
 11
176476.7189151204
 21
418799.0796153416
 31
0.0
100
AcDbText
1001
Dream_TTE
1000
공구별 오수관로연장|2공구
1070
    18
1071
        8
  0
TEXT
  5
755
330
1F
100
AcDbEntity
  8
오수맨홀좌표(2공구)
 62
     7
100
AcDbText
 10
176462.5366123721
 20
418803.307546069
 30
0.0
 40
3.6
  1
(H = 6.29m)
 50
317.790953087259
 72
     1
 11
176472.4214514255
 21
418794.3416768666
 31
0.0
100
AcDbText
  0
LWPOLYLINE
  5
756
330
1F
100
AcDbEntity
  8
오수맨홀(2공구)
 62
     1
100
AcDbPolyline
 90
        3
 70
     0
 43
0.0
 10
176469.5534442141
 20
418831.8687817559
 10
176464.1862600941
 20
418808.0056926049
 10
176486.8217002053
 20
418787.4746150892
  0
TEXT
  5
757
330
1F
100
AcDbEntity
  8
오수맨홀(2공구)
 62
     7
100
AcDbText
 10
176390.3637037147
 20
418877.4065897556
 30
0.0
 40
3.6
  1
M3-9
 50
317.790953087259
 72
     1
 11
176394.6072090071
 21
418873.5575930034
 31
0.0
100
AcDbText
1001
Dream_TTE
1000
공구별 오수관로연장|2공구
1070
    15
1071
        8
  0
TEXT
  5
758
330
1F
100
AcDbEntity
  8
오수맨홀좌표(2공구)
 62
     7
100
AcDbText
 10
176380.4249062588
 20
418877.785523731
 30
0.0
 40
3.6
  1
(H = 6.85m)
 50
317.790953087259
 72
     1
 11
176390.3097453122
 21
418868.8196545284
 31
0.0
100
AcDbText
  0
LWPOLYLINE
  5
759
330
1F
100
AcDbEntity
  8
오수맨홀(2공구)
 62
     1
100
AcDbPolyline
 90
        3
 70
     0
 43
0.0
 10
176414.0010551302
 20
418882.2565984202
 10
176404.7099940949
 20
418861.9525927546
 10
176382.0745539777
 20
418882.4836702637
  0
TEXT
  5
75A
330
1F
100
AcDbEntity
  8
오수맨홀(2공구)
 62
     7
100
AcDbText
 10
176364.0382578913
 20
418901.2846219995
 30
0.0
 40
3.6
  1
M3-10
 50
317.790953087259
 72
     1
 11
176369.3176295635
 21
418896.496060888
 31
0.0
100
AcDbText
1001
Dream_TTE
1000
공구별 오수관로연장|2공구
1070
    12
1071
        8
  0
TEXT
  5
75B
330
1F
100
AcDbEntity
  8
오수맨홀좌표(2공구)
 62
     7
100
AcDbText
 10
176355.1353268152
 20
418900.7239916157
 30
0.0
 40
3.6
  1
(H = 7.08m)
 50
317.790953087259
 72
     1
 11
176365.0201658686
 21
418891.7581224131
 31
0.0
100
AcDbText
  0
LWPOLYLINE
  5
75C
330
1F
100
AcDbEntity
  8
오수맨홀(2공구)
 62
     1
100
AcDbPolyline
 90
        3
 70
     0
 43
0.0
 10
176362.1521586571
 20
418929.2852273021
 10
176356.7849745371
 20
418905.4221381514
 10
176379.4204146484
 20
418884.8910606358
  0
TEXT
  5
75D
330
1F
100
AcDbEntity
  8
오수맨홀(2공구)
 62
     7
100
AcDbText
 10
176314.7003373778
 20
418946.035714319
 30
0.0
 40
3.6
  1
M3-11
 50
317.790953087259
 72
     1
 11
176319.97970905
 21
418941.2471532075
 31
0.0
100
AcDbText
1001
Dream_TTE
1000
공구별 오수관로연장|2공구
1070
     9
1071
        8
  0
TEXT
  5
75E
330
1F
100
AcDbEntity
  8
오수맨홀좌표(2공구)
 62
     7
100
AcDbText
 10
176305.7974063018
 20
418945.475083935
 30
0.0
 40
3.6
  1
(H = 6.88m)
 50
317.790953087259
 72
     1
 11
176315.6822453552
 21
418936.5092147325
 31
0.0
100
AcDbText
  0
LWPOLYLINE
  5
75F
330
1F
100
AcDbEntity
  8
오수맨홀(2공구)
 62
     1
100
AcDbPolyline
 90
        3
 70
     0
 43
0.0
 10
176312.8142381438
 20
418974.0363196217
 10
176307.4470540237
 20
418950.1732304708
 10
176330.0824941349
 20
418929.6421529553
  0
TEXT
  5
760
330
1F
100
AcDbEntity
  8
오수맨홀(2공구)
 62
     7
100
AcDbText
 10
176266.5549335424
 20
418989.7051554582
 30
0.0
 40
3.6
  1
M3-12
 50
317.7909528828025
 72
     1
 11
176271.8343051975
 21
418984.9165943279
 31
0.0
100
AcDbText
1001
Dream_TTE
1000
공구별 오수관로연장|2공구
1070
     7
1071
        8
  0
TEXT
  5
761
330
1F
100
AcDbEntity
  8
오수맨홀좌표(2공구)
 62
     7
100
AcDbText
 10
176257.6520024812
 20
418989.1445250907
 30
0.0
 40
3.6
  1
(H = 6.89m)
 50
317.7909528828025
 72
     1
 11
176267.5368415026
 21
418980.1786558529
 31
0.0
100
AcDbText
  0
LWPOLYLINE
  5
762
330
1F
100
AcDbEntity
  8
오수맨홀(2공구)
 62
     1
100
AcDbPolyline
 90
        3
 70
     0
 43
0.0
 10
176264.6688342912
 20
419017.7057607422
 10
176259.3016501711
 20
418993.8426715911
 10
176281.9370902824
 20
418973.3115940756
  0
TEXT
  5
763
330
1F
100
AcDbEntity
  8
오수맨홀(2공구)
 62
     7
100
AcDbText
 10
176222.1130222798
 20
419030.0154087856
 30
0.0
 40
3.6
  1
M3-13
 50
317.7909528828025
 72
     1
 11
176227.3923939349
 21
419025.2268476553
 31
0.0
100
AcDbText
1001
Dream_TTE
1000
공구별 오수관로연장|2공구
1070
     5
1071
        8
  0
TEXT
  5
764
330
1F
100
AcDbEntity
  8
오수맨홀좌표(2공구)
 62
     7
100
AcDbText
 10
176213.2100912188
 20
419029.4547784183
 30
0.0
 40
3.6
  1
(H = 6.79m)
 50
317.7909528828025
 72
     1
 11
176223.0949302401
 21
419020.4889091805
 31
0.0
100
AcDbText
  0
LWPOLYLINE
  5
765
330
1F
100
AcDbEntity
  8
오수맨홀(2공구)
 62
     1
100
AcDbPolyline
 90
        3
 70
     0
 43
0.0
 10
176220.2269230287
 20
419058.0160140696
 10
176214.8597389085
 20
419034.1529249188
 10
176237.4951790198
 20
419013.6218474032
  0
TEXT
  5
766
330
1F
100
AcDbEntity
  8
오수맨홀(2공구)
 62
     7
100
AcDbText
 10
176177.6711110173
 20
419070.3256621133
 30
0.0
 40
3.6
  1
M3-14
 50
317.7909528828025
 72
     1
 11
176182.9504826724
 21
419065.537100983
 31
0.0
100
AcDbText
1001
Dream_TTE
1000
공구별 오수관로연장|2공구
1070
     4
1071
        8
  0
TEXT
  5
767
330
1F
100
AcDbEntity
  8
오수맨홀좌표(2공구)
 62
     7
100
AcDbText
 10
176168.7681799561
 20
419069.7650317457
 30
0.0
 40
3.6
  1
(H = 6.89m)
 50
317.7909528828025
 72
     1
 11
176178.6530189775
 21
419060.799162508
 31
0.0
100
AcDbText
  0
LWPOLYLINE
  5
768
330
1F
100
AcDbEntity
  8
오수맨홀(2공구)
 62
     1
100
AcDbPolyline
 90
        3
 70
     0
 43
0.0
 10
176175.7850117661
 20
419098.3262673973
 10
176170.417827646
 20
419074.4631782464
 10
176193.0532677573
 20
419053.9321007307
  0
TEXT
  5
769
330
1F
100
AcDbEntity
  8
오수맨홀(2공구)
 62
     7
100
AcDbText
 10
175917.5108910372
 20
418778.1263120552
 30
0.0
 40
3.6
  1
M2-96
 50
317.7909528828025
 72
     1
 11
175922.7902626923
 21
418773.3377509249
 31
0.0
100
AcDbText
1001
Dream_TTE
1000
공구별 오수관로연장|2공구
1070
    21
1071
        8
  0
TEXT
  5
76A
330
1F
100
AcDbEntity
  8
오수맨홀좌표(2공구)
 62
     7
100
AcDbText
 10
175908.607959976
 20
418777.5656816877
 30
0.0
 40
3.6
  1
(H = 5.47m)
 50
317.7909528828025
 72
     1
 11
175918.4927989974
 21
418768.5998124499
 31
0.0
100
AcDbText
  0
LWPOLYLINE
  5
76B
330
1F
100
AcDbEntity
  8
오수맨홀(2공구)
 62
     1
100
AcDbPolyline
 90
        3
 70
     0
 43
0.0
 10
175915.624791786
 20
418806.1269173391
 10
175910.2576076658
 20
418782.2638281882
 10
175932.8930477771
 20
418761.7327506726
  0
TEXT
  5
76C
330
1F
100
AcDbEntity
  8
오수맨홀(2공구)
 62
     7
100
AcDbText
 10
176120.570647631
 20
418597.9947650095
 30
0.0
 40
3.6
  1
M2-92
 50
317.7909528828025
 72
     1
 11
176125.8500192861
 21
418593.2062038793
 31
0.0
100
AcDbText
1001
Dream_TTE
1000
공구별 오수관로연장|2공구
1070
    39
1071
        8
  0
TEXT
  5
76D
330
1F
100
AcDbEntity
  8
오수맨홀좌표(2공구)
 62
     7
100
AcDbText
 10
176111.6677165698
 20
418597.4341346422
 30
0.0
 40
3.6
  1
(H = 4.73m)
 50
317.7909528828025
 72
     1
 11
176121.5525555912
 21
418588.4682654044
 31
0.0
100
AcDbText
  0
LWPOLYLINE
  5
76E
330
1F
100
AcDbEntity
  8
오수맨홀(2공구)
 62
     1
100
AcDbPolyline
 90
        3
 70
     0
 43
0.0
 10
176118.6845483798
 20
418625.9953702935
 10
176113.3173642597
 20
418602.1322811427
 10
176135.952804371
 20
418581.6012036271
  0
TEXT
  5
76F
330
1F
100
AcDbEntity
  8
오수맨홀(2공구)
 62
     7
100
AcDbText
 10
176175.0673934577
 20
418548.5644509768
 30
0.0
 40
3.6
  1
M2-91
 50
317.7909528828025
 72
     1
 11
176180.3467651128
 21
418543.7758898465
 31
0.0
100
AcDbText
1001
Dream_TTE
1000
공구별 오수관로연장|2공구
1070
    47
1071
        8
  0
TEXT
  5
770
330
1F
100
AcDbEntity
  8
오수맨홀좌표(2공구)
 62
     7
100
AcDbText
 10
176166.1644623966
 20
418548.0038206093
 30
0.0
 40
3.6
  1
(H = 4.95m)
 50
317.7909528828025
 72
     1
 11
176176.049301418
 21
418539.0379513715
 31
0.0
100
AcDbText
  0
LWPOLYLINE
  5
771
330
1F
100
AcDbEntity
  8
오수맨홀(2공구)
 62
     1
100
AcDbPolyline
 90
        3
 70
     0
 43
0.0
 10
176174.2369374566
 20
418575.6075536327
 10
176167.8141100865
 20
418552.7019671099
 10
176190.4495501978
 20
418532.1708895943
  0
TEXT
  5
772
330
1F
100
AcDbEntity
  8
오수맨홀(2공구)
 62
     7
100
AcDbText
 10
176226.9162899294
 20
418501.5358220932
 30
0.0
 40
3.6
  1
M2-90
 50
317.7909528828025
 72
     1
 11
176232.1956615845
 21
418496.7472609629
 31
0.0
100
AcDbText
1001
Dream_TTE
1000
공구별 오수관로연장|2공구
1070
    55
1071
        8
  0
TEXT
  5
773
330
1F
100
AcDbEntity
  8
오수맨홀좌표(2공구)
 62
     7
100
AcDbText
 10
176218.0133588682
 20
418500.9751917258
 30
0.0
 40
3.6
  1
(H = 4.68m)
 50
317.7909528828025
 72
     1
 11
176227.8981978896
 21
418492.009322488
 31
0.0
100
AcDbText
  0
LWPOLYLINE
  5
774
330
1F
100
AcDbEntity
  8
오수맨홀(2공구)
 62
     1
100
AcDbPolyline
 90
        3
 70
     0
 43
0.0
 10
176225.0301906782
 20
418529.5364273772
 10
176219.6630065581
 20
418505.6733382263
 10
176242.2984466694
 20
418485.1422607107
  0
TEXT
  5
775
330
1F
100
AcDbEntity
  8
오수맨홀좌표(2공구)
 62
     7
100
AcDbText
 10
176280.9486772747
 20
418456.9144840491
 30
0.0
 40
3.6
  1
M2-89
 50
317.7909528828025
 72
     1
 11
176286.2280489298
 21
418452.1259229188
 31
0.0
100
AcDbText
1001
Dream_TTE
1000
공구별 오수관로연장|2공구
1070
    61
1071
        8
  0
TEXT
  5
776
330
1F
100
AcDbEntity
  8
오수맨홀좌표(2공구)
 62
     7
100
AcDbText
 10
176272.0457462135
 20
418456.3538536816
 30
0.0
 40
3.6
  1
(H = 5.01m)
 50
317.7909528828025
 72
     1
 11
176281.9305852349
 21
418447.3879844438
 31
0.0
100
AcDbText
  0
TEXT
  5
777
330
1F
100
AcDbEntity
  8
오수맨홀(2공구)
 62
     7
100
AcDbText
 10
176626.8380866848
 20
418138.7937958991
 30
0.0
 40
3.6
  1
M2-78
 50
317.7909528828025
 72
     1
 11
176632.1174583399
 21
418134.0052347688
 31
0.0
100
AcDbText
1001
Dream_TTE
1000
공구별 오수관로연장|2공구
1070
   103
1071
        8
  0
TEXT
  5
778
330
1F
100
AcDbEntity
  8
오수맨홀좌표(2공구)
 62
     7
100
AcDbText
 10
176617.9351556236
 20
418138.2331655316
 30
0.0
 40
3.6
  1
(H = 4.07m)
 50
317.7909528828025
 72
     1
 11
176627.819994645
 21
418129.2672962938
 31
0.0
100
AcDbText
  0
LWPOLYLINE
  5
779
330
1F
100
AcDbEntity
  8
오수맨홀(2공구)
 62
     1
100
AcDbPolyline
 90
        3
 70
     0
 43
0.0
 10
176624.9519874336
 20
418166.7944011831
 10
176619.5848033135
 20
418142.9313120321
 10
176642.2202434248
 20
418122.4002345166
  0
LWPOLYLINE
  5
77A
330
1F
100
AcDbEntity
  8
오수맨홀(2공구)
 62
     1
100
AcDbPolyline
 90
        3
 70
     0
 43
0.0
 10
176571.0875782959
 20
418211.6009345032
 10
176575.064321598
 20
418197.2311895544
 10
176597.6997617093
 20
418176.7001120388
  0
LWPOLYLINE
  5
77B
330
1F
100
AcDbEntity
  8
오수맨홀(2공구)
 62
     1
100
AcDbPolyline
 90
        2
 70
     0
 43
0.0
 10
176500.3122841517
 20
418280.1842452191
 10
176456.800981996
 20
418269.8317068227
  0
TEXT
  5
77C
330
1F
100
AcDbEntity
  8
오수맨홀(2공구)
 62
     7
100
AcDbText
 10
176441.418825256
 20
418286.2252682053
 30
0.0
 40
3.6
  1
M2-84
 50
317.7909528828025
 72
     1
 11
176446.6981969111
 21
418281.436707075
 31
0.0
100
AcDbText
1001
Dream_TTE
1000
공구별 오수관로연장|2공구
1070
    84
1071
        8
  0
TEXT
  5
77D
330
1F
100
AcDbEntity
  8
오수맨홀좌표(2공구)
 62
     7
100
AcDbText
 10
176432.5158941948
 20
418285.6646378378
 30
0.0
 40
3.6
  1
(H = 5.34m)
 50
317.7909528828025
 72
     1
 11
176442.4007332162
 21
418276.6987686
 31
0.0
100
AcDbText
  0
LWPOLYLINE
  5
77E
330
1F
100
AcDbEntity
  8
오수맨홀(2공구)
 62
     1
100
AcDbPolyline
 90
        2
 70
     0
 43
0.0
 10
176434.1655418848
 20
418290.3627843383
 10
176456.800981996
 20
418269.8317068227
  0
TEXT
  5
77F
330
1F
100
AcDbEntity
  8
오수맨홀(2공구)
 62
     7
100
AcDbText
 10
176401.8793888755
 20
418165.8418831505
 30
0.0
 40
3.6
  1
M2-80
 50
47.79095231702146
 72
     1
 11
176406.667950058
 21
418171.1212547582
 31
0.0
100
AcDbText
1001
Dream_TTE
1000
공구별 오수관로연장|2공구
1070
   100
1071
        8
  0
TEXT
  5
780
330
1F
100
AcDbEntity
  8
오수맨홀좌표(2공구)
 62
     7
100
AcDbText
 10
176402.4400191551
 20
418156.9389520836
 30
0.0
 40
3.6
  1
(H = 5.31m)
 50
47.79095231702146
 72
     1
 11
176411.4058884905
 21
418166.8237910164
 31
0.0
100
AcDbText
  0
LWPOLYLINE
  5
781
330
1F
100
AcDbEntity
  8
오수맨홀(2공구)
 62
     1
100
AcDbPolyline
 90
        3
 70
     0
 43
0.0
 10
176405.4047355021
 20
418135.360723842
 10
176397.7418726708
 20
418158.5885998198
 10
176418.2729504099
 20
418181.2240397285
  0
TEXT
  5
782
330
1F
100
AcDbEntity
  8
오수맨홀(2공구)
 62
     7
100
AcDbText
 10
176442.1896422086
 20
418210.2837944315
 30
0.0
 40
3.6
  1
M2-81
 50
47.79095231702146
 72
     1
 11
176446.978203391
 21
418215.5631660392
 31
0.0
100
AcDbText
1001
Dream_TTE
1000
공구별 오수관로연장|2공구
1070
    95
1071
        8
  0
TEXT
  5
783
330
1F
100
AcDbEntity
  8
오수맨홀좌표(2공구)
 62
     7
100
AcDbText
 10
176442.7502724882
 20
418201.3808633647
 30
0.0
 40
3.6
  1
(H = 5.59m)
 50
47.79095231702146
 72
     1
 11
176451.7161418236
 21
418211.2657022975
 31
0.0
100
AcDbText
  0
LWPOLYLINE
  5
784
330
1F
100
AcDbEntity
  8
오수맨홀(2공구)
 62
     1
100
AcDbPolyline
 90
        3
 70
     0
 43
0.0
 10
176445.7149888351
 20
418179.8026351231
 10
176438.0521260039
 20
418203.0305111009
 10
176458.583203743
 20
418225.6659510096
  0
TEXT
  5
785
330
1F
100
AcDbEntity
  8
오수맨홀(2공구)
 62
     7
100
AcDbText
 10
176482.4998955299
 20
418254.7257056996
 30
0.0
 40
3.6
  1
M2-82
 50
47.79095231702146
 72
     1
 11
176487.2884567123
 21
418260.0050773074
 31
0.0
100
AcDbText
1001
Dream_TTE
1000
공구별 오수관로연장|2공구
1070
    89
1071
        8
  0
TEXT
  5
786
330
1F
100
AcDbEntity
  8
오수맨홀좌표(2공구)
 62
     7
100
AcDbText
 10
176483.0605258095
 20
418245.8227746329
 30
0.0
 40
3.6
  1
(H = 5.56m)
 50
47.79095231702146
 72
     1
 11
176492.0263951449
 21
418255.7076135657
 31
0.0
100
AcDbText
  0
LWPOLYLINE
  5
787
330
1F
100
AcDbEntity
  8
오수맨홀(2공구)
 62
     1
100
AcDbPolyline
 90
        3
 70
     0
 43
0.0
 10
176486.0252421564
 20
418224.2445463915
 10
176478.3623793251
 20
418247.472422369
 10
176498.8934570642
 20
418270.1078622776
  0
LWPOLYLINE
  5
788
330
1F
100
AcDbEntity
  8
오수맨홀(2공구)
 62
     1
100
AcDbPolyline
 90
        2
 70
     0
 43
0.0
 10
176463.6790403615
 20
418334.1325112254
 10
176447.2395857474
 20
418327.9853069836
  0
TEXT
  5
789
330
1F
100
AcDbEntity
  8
오수맨홀(2공구)
 62
     7
100
AcDbText
 10
176470.9323237158
 20
418329.9949950739
 30
0.0
 40
3.6
  1
M2-85
 50
317.7909530855707
 72
     1
 11
176476.2116953878
 21
418325.2064339622
 31
0.0
100
AcDbText
1001
Dream_TTE
1000
공구별 오수관로연장|2공구
1070
    79
1071
        8
  0
TEXT
  5
78A
330
1F
100
AcDbEntity
  8
오수맨홀좌표(2공구)
 62
     7
100
AcDbText
 10
176462.0293926399
 20
418329.4343646899
 30
0.0
 40
3.6
  1
(H = 5.53m)
 50
317.7909530855707
 72
     1
 11
176471.914231693
 21
418320.4684954871
 31
0.0
100
AcDbText
  0
LWPOLYLINE
  5
78B
330
1F
100
AcDbEntity
  8
오수맨홀(2공구)
 62
     1
100
AcDbPolyline
 90
        2
 70
     0
 43
0.0
 10
176463.6790403615
 20
418334.1325112254
 10
176486.3144804727
 20
418313.6014337097
  0
LWPOLYLINE
  5
78C
330
1F
100
AcDbEntity
  8
오수맨홀(2공구)
 62
     1
100
AcDbPolyline
 90
        3
 70
     0
 43
0.0
 10
176520.1431467575
 20
418261.85941517
 10
176520.7425813114
 20
418243.9629446931
 10
176543.3780214227
 20
418223.4318671776
  0
TEXT
  5
78D
330
1F
100
AcDbEntity
  8
오수맨홀좌표(2공구)
 62
     7
100
AcDbText
 10
175962.4300185234
 20
418837.8656562103
 30
0.0
 40
3.6
  1
(H = 5.35m)
 50
317.7909532877367
 72
     1
 11
175972.3148576082
 21
418828.8997870424
 31
0.0
100
AcDbText
  0
TEXT
  5
78E
330
1F
100
AcDbEntity
  8
오수맨홀(2공구)
 62
     7
100
AcDbText
 10
175971.3329495805
 20
418838.4262866408
 30
0.0
 40
3.6
  1
M2-67
 50
317.7909532877367
 72
     1
 11
175976.6123212694
 21
418833.6377255478
 31
0.0
100
AcDbText
1001
Dream_TTE
1000
공구별 오수관로연장|2공구
1070
    16
1071
        8
  0
LWPOLYLINE
  5
78F
330
1F
100
AcDbEntity
  8
오수맨홀(2공구)
 62
     1
100
AcDbPolyline
 90
        3
 70
     0
 43
0.0
 10
175941.3480628289
 20
418835.4480781717
 10
175964.5759386765
 20
418843.1109413969
 10
175987.2113789333
 20
418822.5798640416
  0
TEXT
  5
790
330
1F
100
AcDbEntity
  8
오수맨홀좌표(2공구)
 62
     7
100
AcDbText
 10
176079.7473790765
 20
418680.1778234872
 30
0.0
 40
3.6
  1
(H = 4.06m)
 50
317.7909532877367
 72
     1
 11
176089.6322181612
 21
418671.2119543193
 31
0.0
100
AcDbText
  0
TEXT
  5
791
330
1F
100
AcDbEntity
  8
오수맨홀(2공구)
 62
     7
100
AcDbText
 10
176088.6503101335
 20
418680.7384539178
 30
0.0
 40
3.6
  1
M2-64
 50
317.7909532877367
 72
     1
 11
176093.9296818224
 21
418675.9498928248
 31
0.0
100
AcDbText
1001
Dream_TTE
1000
공구별 오수관로연장|2공구
1070
    31
1071
        8
  0
LWPOLYLINE
  5
792
330
1F
100
AcDbEntity
  8
오수맨홀(2공구)
 62
     1
100
AcDbPolyline
 90
        3
 70
     0
 43
0.0
 10
176088.0590097549
 20
418702.3764962161
 10
176081.8932992296
 20
418685.4231086736
 10
176104.5287394863
 20
418664.8920313185
  0
TEXT
  5
793
330
1F
100
AcDbEntity
  8
오수맨홀좌표(2공구)
 62
     7
100
AcDbText
 10
176162.4186183993
 20
418656.4695159745
 30
0.0
 40
3.6
  1
(H = 4.61m)
 50
317.7909532877367
 72
     1
 11
176172.303457484
 21
418647.5036468066
 31
0.0
100
AcDbText
  0
TEXT
  5
794
330
1F
100
AcDbEntity
  8
오수맨홀(2공구)
 62
     7
100
AcDbText
 10
176171.3215494564
 20
418657.030146405
 30
0.0
 40
3.6
  1
M2-63
 50
317.7909532877367
 72
     1
 11
176176.6009211453
 21
418652.241585312
 31
0.0
100
AcDbText
1001
Dream_TTE
1000
공구별 오수관로연장|2공구
1070
    34
1071
        8
  0
LWPOLYLINE
  5
795
330
1F
100
AcDbEntity
  8
오수맨홀(2공구)
 62
     1
100
AcDbPolyline
 90
        3
 70
     0
 43
0.0
 10
176141.3366627047
 20
418654.0519379359
 10
176164.5645385524
 20
418661.7148011611
 10
176187.1999788091
 20
418641.1837238058
  0
TEXT
  5
796
330
1F
100
AcDbEntity
  8
오수맨홀좌표(2공구)
 62
     7
100
AcDbText
 10
176152.9966593585
 20
418619.2396503804
 30
0.0
 40
3.6
  1
(H = 5.03m)
 50
317.7909524944711
 72
     1
 11
176162.8814983191
 21
418610.2737810756
 31
0.0
100
AcDbText
  0
TEXT
  5
797
330
1F
100
AcDbEntity
  8
오수맨홀(2공구)
 62
     7
100
AcDbText
 10
176161.7717681495
 20
418619.9162196326
 30
0.0
 40
3.6
  1
M2-62
 50
317.7909524944711
 72
     1
 11
176167.0511397722
 21
418615.1276584666
 31
0.0
100
AcDbText
1001
Dream_TTE
1000
공구별 오수관로연장|2공구
1070
    42
1071
        8
  0
TEXT
  5
798
330
1F
100
AcDbEntity
  8
오수맨홀좌표(2공구)
 62
     7
100
AcDbText
 10
176241.5194390132
 20
418588.7727839173
 30
0.0
 40
3.6
  1
(H = 5.04m)
 50
317.7909532877367
 72
     1
 11
176251.4042780979
 21
418579.8069147494
 31
0.0
100
AcDbText
  0
TEXT
  5
799
330
1F
100
AcDbEntity
  8
오수맨홀(2공구)
 62
     7
100
AcDbText
 10
176250.4223700702
 20
418589.3334143477
 30
0.0
 40
3.6
  1
M2-61
 50
317.7909532877367
 72
     1
 11
176255.7017417591
 21
418584.5448532547
 31
0.0
100
AcDbText
1001
Dream_TTE
1000
공구별 오수관로연장|2공구
1070
    41
1071
        8
  0
LWPOLYLINE
  5
79A
330
1F
100
AcDbEntity
  8
오수맨홀(2공구)
 62
     1
100
AcDbPolyline
 90
        3
 70
     0
 43
0.0
 10
176218.2829186649
 20
418583.9217167198
 10
176243.6653591663
 20
418594.0180691036
 10
176266.300799423
 20
418573.4869917484
  0
TEXT
  5
79B
330
1F
100
AcDbEntity
  8
오수맨홀좌표(2공구)
 62
     7
100
AcDbText
 10
176491.8614636167
 20
418357.3165880465
 30
0.0
 40
3.6
  1
(H = 4.17m)
 50
317.7909532877367
 72
     1
 11
176501.7463027015
 21
418348.3507188786
 31
0.0
100
AcDbText
  0
TEXT
  5
79C
330
1F
100
AcDbEntity
  8
오수맨홀(2공구)
 62
     7
100
AcDbText
 10
176500.7643946738
 20
418357.8772184772
 30
0.0
 40
3.6
  1
M2-55
 50
317.7909532877367
 72
     1
 11
176506.0437663627
 21
418353.0886573842
 31
0.0
100
AcDbText
1001
Dream_TTE
1000
공구별 오수관로연장|2공구
1070
    75
1071
        8
  0
LWPOLYLINE
  5
79D
330
1F
100
AcDbEntity
  8
오수맨홀(2공구)
 62
     1
100
AcDbPolyline
 90
        3
 70
     0
 43
0.0
 10
176470.7795079221
 20
418354.8990100081
 10
176494.0073837698
 20
418362.5618732333
 10
176516.6428240265
 20
418342.030795878
  0
TEXT
  5
79E
330
1F
100
AcDbEntity
  8
오수맨홀좌표(2공구)
 62
     7
100
AcDbText
 10
176516.6487175135
 20
418288.394971536
 30
0.0
 40
3.6
  1
(H = 5.86m)
 50
317.7909532877367
 72
     1
 11
176526.5335565982
 21
418279.4291023681
 31
0.0
100
AcDbText
  0
TEXT
  5
79F
330
1F
100
AcDbEntity
  8
오수맨홀(2공구)
 62
     7
100
AcDbText
 10
176525.5516485706
 20
418288.9556019666
 30
0.0
 40
3.6
  1
M3-54
 50
317.7909532877367
 72
     1
 11
176530.8310202595
 21
418284.1670408737
 31
0.0
100
AcDbText
1001
Dream_TTE
1000
공구별 오수관로연장|2공구
1070
    80
1071
        8
  0
LWPOLYLINE
  5
7A0
330
1F
100
AcDbEntity
  8
오수맨홀(2공구)
 62
     1
100
AcDbPolyline
 90
        3
 70
     0
 43
0.0
 10
176524.2058548493
 20
418306.4400991052
 10
176518.7946376666
 20
418293.6402567228
 10
176541.4300779234
 20
418273.1091793675
  0
TEXT
  5
7A1
330
1F
100
AcDbEntity
  8
오수맨홀좌표(2공구)
 62
     7
100
AcDbText
 10
176603.3380860072
 20
418256.5412750705
 30
0.0
 40
3.6
  1
(H = 3.77m)
 50
317.7909532877367
 72
     1
 11
176613.2229250919
 21
418247.5754059026
 31
0.0
100
AcDbText
  0
TEXT
  5
7A2
330
1F
100
AcDbEntity
  8
오수맨홀(2공구)
 62
     7
100
AcDbText
 10
176612.2410170643
 20
418257.1019055009
 30
0.0
 40
3.6
  1
M2-52
 50
317.7909532877367
 72
     1
 11
176617.5203887532
 21
418252.3133444079
 31
0.0
100
AcDbText
1001
Dream_TTE
1000
공구별 오수관로연장|2공구
1070
    87
1071
        8
  0
TEXT
  5
7A3
330
1F
100
AcDbEntity
  8
오수맨홀좌표(2공구)
 62
     7
100
AcDbText
 10
176644.5317234538
 20
418211.5671189815
 30
0.0
 40
3.6
  1
(H = 3.42m)
 50
317.7909532877367
 72
     1
 11
176654.4165625385
 21
418202.6012498135
 31
0.0
100
AcDbText
  0
TEXT
  5
7A4
330
1F
100
AcDbEntity
  8
오수맨홀(2공구)
 62
     7
100
AcDbText
 10
176653.4346545108
 20
418212.1277494119
 30
0.0
 40
3.6
  1
M2-50
 50
317.7909532877367
 72
     1
 11
176658.7140261997
 21
418207.3391883189
 31
0.0
100
AcDbText
1001
Dream_TTE
1000
공구별 오수관로연장|2공구
1070
    94
1071
        8
  0
TEXT
  5
7A5
330
1F
100
AcDbEntity
  8
오수맨홀좌표(2공구)
 62
     7
100
AcDbText
 10
176395.3873538399
 20
417895.2808815525
 30
0.0
 40
3.6
  1
(H = 3.77m)
 50
317.7909532877367
 72
     1
 11
176405.2721929247
 21
417886.3150123845
 31
0.0
100
AcDbText
  0
TEXT
  5
7A6
330
1F
100
AcDbEntity
  8
오수맨홀(2공구)
 62
     7
100
AcDbText
 10
176403.2544185139
 20
417896.7810763386
 30
0.0
 40
3.6
  1
M2-253
 50
317.7909532877367
 72
     1
 11
176409.5696565859
 21
417891.0529508899
 31
0.0
100
AcDbText
1001
Dream_TTE
1000
공구별 오수관로연장|2공구
1070
   129
1071
        8
  0
LWPOLYLINE
  5
7A7
330
1F
100
AcDbEntity
  8
오수맨홀(2공구)
 62
     1
100
AcDbPolyline
 90
        3
 70
     0
 43
0.0
 10
176365.9499264526
 20
417899.1070085302
 10
176397.5332739931
 20
417900.526166739
 10
176420.1687142498
 20
417879.9950893838
  0
TEXT
  5
7A8
330
1F
100
AcDbEntity
  8
오수맨홀좌표(2공구)
 62
     7
100
AcDbText
 10
176331.4794922688
 20
417951.9124029726
 30
0.0
 40
3.6
  1
(H = 4.23m)
 50
317.7909532877367
 72
     1
 11
176341.3643313535
 21
417942.9465338046
 31
0.0
100
AcDbText
  0
TEXT
  5
7A9
330
1F
100
AcDbEntity
  8
오수맨홀(2공구)
 62
     7
100
AcDbText
 10
176339.3465569428
 20
417953.4125977587
 30
0.0
 40
3.6
  1
M2-254
 50
317.7909532877367
 72
     1
 11
176345.6617950148
 21
417947.68447231
 31
0.0
100
AcDbText
1001
Dream_TTE
1000
공구별 오수관로연장|2공구
1070
   123
1071
        8
  0
LWPOLYLINE
  5
7AA
330
1F
100
AcDbEntity
  8
오수맨홀(2공구)
 62
     1
100
AcDbPolyline
 90
        3
 70
     0
 43
0.0
 10
176310.3975365743
 20
417949.4948249338
 10
176333.6254124219
 20
417957.1576881591
 10
176356.2608526787
 20
417936.6266108038
  0
TEXT
  5
7AB
330
1F
100
AcDbEntity
  8
오수맨홀좌표(2공구)
 62
     7
100
AcDbText
 10
176261.9480578862
 20
417956.4617482943
 30
0.0
 40
3.6
  1
(H = 4.42m)
 50
317.7909532877367
 72
     1
 11
176271.8328969709
 21
417947.4958791263
 31
0.0
100
AcDbText
  0
TEXT
  5
7AC
330
1F
100
AcDbEntity
  8
오수맨홀(2공구)
 62
     7
100
AcDbText
 10
176273.665702117
 20
417958.1644539501
 30
0.0
 40
3.6
  1
M2-255
 50
317.7909532877367
 72
     1
 11
176279.980940189
 21
417952.4363285014
 31
0.0
100
AcDbText
1001
Dream_TTE
1000
공구별 오수관로연장|2공구
1070
   122
1071
        8
  0
LWPOLYLINE
  5
7AD
330
1F
100
AcDbEntity
  8
오수맨홀(2공구)
 62
     1
100
AcDbPolyline
 90
        3
 70
     0
 43
0.0
 10
176270.0294681103
 20
417986.1099718464
 10
176264.0939780393
 20
417961.7070334806
 10
176286.7294182961
 20
417941.1759561253
  0
TEXT
  5
7AE
330
1F
100
AcDbEntity
  8
오수맨홀좌표(2공구)
 62
     7
100
AcDbText
 10
175911.8737802242
 20
418332.5083780469
 30
0.0
 40
3.6
  1
(H = 3.51m)
 50
317.7909532877367
 72
     1
 11
175921.7586193089
 21
418323.542508879
 31
0.0
100
AcDbText
  0
TEXT
  5
7AF
330
1F
100
AcDbEntity
  8
오수맨홀(2공구)
 62
     7
100
AcDbText
 10
175919.7408448981
 20
418334.0085728334
 30
0.0
 40
3.6
  1
M2-266
 50
317.7909532877367
 72
     1
 11
175926.0560829701
 21
418328.2804473846
 31
0.0
100
AcDbText
1001
Dream_TTE
1000
공구별 오수관로연장|2공구
1070
    77
1071
        8
  0
LWPOLYLINE
  5
7B0
330
1F
100
AcDbEntity
  8
오수맨홀(2공구)
 62
     1
100
AcDbPolyline
 90
        3
 70
     0
 43
0.0
 10
175890.7918245295
 20
418330.0908000084
 10
175914.0197003772
 20
418337.7536632336
 10
175936.6551406339
 20
418317.2225858784
  0
TEXT
  5
7B1
330
1F
100
AcDbEntity
  8
오수맨홀좌표(2공구)
 62
     7
100
AcDbText
 10
175856.3213911417
 20
418382.896194713
 30
0.0
 40
3.6
  1
(H = 3.06m)
 50
317.7909532877367
 72
     1
 11
175866.2062302264
 21
418373.9303255451
 31
0.0
100
AcDbText
  0
TEXT
  5
7B2
330
1F
100
AcDbEntity
  8
오수맨홀(2공구)
 62
     7
100
AcDbText
 10
175864.1884558156
 20
418384.3963894993
 30
0.0
 40
3.6
  1
M2-267
 50
317.7909532877367
 72
     1
 11
175870.5036938876
 21
418378.6682640506
 31
0.0
100
AcDbText
1001
Dream_TTE
1000
공구별 오수관로연장|2공구
1070
    72
1071
        8
  0
LWPOLYLINE
  5
7B3
330
1F
100
AcDbEntity
  8
오수맨홀(2공구)
 62
     1
100
AcDbPolyline
 90
        3
 70
     0
 43
0.0
 10
175835.2394354471
 20
418380.4786166745
 10
175858.4673112948
 20
418388.1414798995
 10
175881.1027515515
 20
418367.6104025443
  0
TEXT
  5
7B4
330
1F
100
AcDbEntity
  8
오수맨홀좌표(2공구)
 62
     7
100
AcDbText
 10
175800.7690020704
 20
418433.2840113689
 30
0.0
 40
3.6
  1
(H = 3.01m)
 50
317.7909532877367
 72
     1
 11
175810.6538411552
 21
418424.318142201
 31
0.0
100
AcDbText
  0
TEXT
  5
7B5
330
1F
100
AcDbEntity
  8
오수맨홀(2공구)
 62
     7
100
AcDbText
 10
175808.6360667445
 20
418434.7842061549
 30
0.0
 40
3.6
  1
M2-268
 50
317.7909532877367
 72
     1
 11
175814.9513048165
 21
418429.0560807062
 31
0.0
100
AcDbText
1001
Dream_TTE
1000
공구별 오수관로연장|2공구
1070
    67
1071
        8
  0
LWPOLYLINE
  5
7B6
330
1F
100
AcDbEntity
  8
오수맨홀(2공구)
 62
     1
100
AcDbPolyline
 90
        3
 70
     0
 43
0.0
 10
175779.6870463759
 20
418430.86643333
 10
175802.9149222236
 20
418438.5292965553
 10
175825.5503624803
 20
418417.9982192
  0
TEXT
  5
7B7
330
1F
100
AcDbEntity
  8
오수맨홀(2공구)
 62
     7
100
AcDbText
 10
176045.5325989392
 20
418441.9997816386
 30
0.0
 40
3.6
  1
M2-262
 50
47.79095231702146
 72
     1
 11
176051.2607244949
 21
418448.3150196135
 31
0.0
100
AcDbText
1001
Dream_TTE
1000
공구별 오수관로연장|2공구
1070
    66
1071
        8
  0
TEXT
  5
7B8
330
1F
100
AcDbEntity
  8
오수맨홀좌표(2공구)
 62
     7
100
AcDbText
 10
176047.0327935921
 20
418434.1327169391
 30
0.0
 40
3.6
  1
(H = 4.70m)
 50
47.79095231702146
 72
     1
 11
176055.9986629275
 21
418444.0175558719
 31
0.0
100
AcDbText
  0
TEXT
  5
7B9
330
1F
100
AcDbEntity
  8
오수맨홀(2공구)
 62
     7
100
AcDbText
 10
176021.0788194551
 20
418401.6476040615
 30
0.0
 40
3.6
  1
M2-263-1
 50
47.79095231702146
 72
     1
 11
176028.309093144
 21
418409.6189549904
 31
0.0
100
AcDbText
1001
Dream_TTE
1000
공구별 오수관로연장|2공구
1070
    71
1071
        8
  0
TEXT
  5
7BA
330
1F
100
AcDbEntity
  8
오수맨홀좌표(2공구)
 62
     7
100
AcDbText
 10
176024.0811622412
 20
418395.4366523159
 30
0.0
 40
3.6
  1
(H = 4.59m)
 50
47.79095231702146
 72
     1
 11
176033.0470315766
 21
418405.3214912487
 31
0.0
100
AcDbText
  0
LWPOLYLINE
  5
7BB
330
1F
100
AcDbEntity
  8
오수맨홀(2공구)
 62
     1
100
AcDbPolyline
 90
        3
 70
     0
 43
0.0
 10
176027.0458785881
 20
418373.8584240745
 10
176019.3830157569
 20
418397.0863000521
 10
176039.914093496
 20
418419.7217399606
  0
TEXT
  5
7BC
330
1F
100
AcDbEntity
  8
오수맨홀(2공구)
 62
     7
100
AcDbText
 10
175962.3867771189
 20
418336.2230587049
 30
0.0
 40
3.6
  1
M2-264
 50
47.79095231702146
 72
     1
 11
175968.1149026746
 21
418342.5382966798
 31
0.0
100
AcDbText
1001
Dream_TTE
1000
공구별 오수관로연장|2공구
1070
    76
1071
        8
  0
TEXT
  5
7BD
330
1F
100
AcDbEntity
  8
오수맨홀좌표(2공구)
 62
     7
100
AcDbText
 10
175963.8869717717
 20
418328.3559940053
 30
0.0
 40
3.6
  1
(H = 4.12m)
 50
47.79095231702146
 72
     1
 11
175972.8528411071
 21
418338.2408329381
 31
0.0
100
AcDbText
  0
LWPOLYLINE
  5
7BE
330
1F
100
AcDbEntity
  8
오수맨홀(2공구)
 62
     1
100
AcDbPolyline
 90
        3
 70
     0
 43
0.0
 10
175966.8516881187
 20
418306.7777657639
 10
175959.1888252874
 20
418330.0056417414
 10
175979.7199030265
 20
418352.64108165
  0
LWPOLYLINE
  5
7BF
330
1F
100
AcDbEntity
  8
오수맨홀(2공구)
 62
     1
100
AcDbPolyline
 90
        3
 70
     0
 43
0.0
 10
176245.597529016
 20
418654.2823526197
 10
176237.9346661848
 20
418677.5102285975
 10
176258.4657439238
 20
418700.1456685059
  0
LWPOLYLINE
  5
7C0
330
1F
100
AcDbEntity
  8
오수맨홀(2공구)
 62
     1
100
AcDbPolyline
 90
        3
 70
     0
 43
0.0
 10
176289.266970114
 20
418702.427756494
 10
176274.8282607779
 20
418734.3470054556
 10
176295.3593385169
 20
418756.9824453642
  0
LWPOLYLINE
  5
7C1
330
1F
100
AcDbEntity
  8
오수맨홀(2공구)
 62
     1
100
AcDbPolyline
 90
        2
 70
     0
 43
0.0
 10
176646.6776436068
 20
418216.8124041679
 10
176669.3130838635
 20
418196.2813268127
  0
LWPOLYLINE
  5
7C2
330
1F
100
AcDbEntity
  8
오수맨홀(2공구)
 62
     1
100
AcDbPolyline
 90
        2
 70
     0
 43
0.0
 10
176626.7126140693
 20
418213.8002249936
 10
176646.6776436068
 20
418216.8124041679
  0
TEXT
  5
7C3
330
1F
100
AcDbEntity
  8
오수맨홀(2공구)
 62
     7
100
AcDbText
 10
176278.0262126093
 20
418740.5644224191
 30
0.0
 40
3.6
  1
M3-454
 50
47.79095231702146
 72
     1
 11
176283.754338165
 21
418746.879660394
 31
0.0
100
AcDbText
1001
Dream_TTE
1000
공구별 오수관로연장|2공구
1070
    26
1071
        8
  0
TEXT
  5
7C4
330
1F
100
AcDbEntity
  8
오수맨홀좌표(2공구)
 62
     7
100
AcDbText
 10
176279.5264072622
 20
418732.6973577193
 30
0.0
 40
3.6
  1
(H = 6.03m)
 50
47.79095231702146
 72
     1
 11
176288.4922765976
 21
418742.5821966522
 31
0.0
100
AcDbText
  0
TEXT
  5
7C5
330
1F
100
AcDbEntity
  8
오수맨홀(2공구)
 62
     7
100
AcDbText
 10
176241.1326180162
 20
418683.7276455608
 30
0.0
 40
3.6
  1
M3-455
 50
47.79095231702146
 72
     1
 11
176246.8607435719
 21
418690.0428835357
 31
0.0
100
AcDbText
1001
Dream_TTE
1000
공구별 오수관로연장|2공구
1070
    32
1071
        8
  0
TEXT
  5
7C6
330
1F
100
AcDbEntity
  8
오수맨홀좌표(2공구)
 62
     7
100
AcDbText
 10
176242.6328126691
 20
418675.8605808612
 30
0.0
 40
3.6
  1
(H = 6.00m)
 50
47.79095231702146
 72
     1
 11
176251.5986820045
 21
418685.745419794
 31
0.0
100
AcDbText
  0
LWPOLYLINE
  5
7C7
330
1F
100
AcDbEntity
  8
오수맨홀(2공구)
 62
     1
100
AcDbPolyline
 90
        3
 70
     0
 43
0.0
 10
176190.2227658938
 20
418609.7106595314
 10
176177.7780195563
 20
418603.9538578682
 10
176155.1425795845
 20
418624.4849355374
  0
TEXT
  5
7C8
330
1F
100
AcDbEntity
  8
오수맨홀(2공구)
 62
     7
100
AcDbText
 10
176797.9857144869
 20
418595.5108169602
 30
0.0
 40
3.6
  1
M2-B-12
 50
47.79095233005222
100
AcDbText
1001
Dream_TTE
1000
공구별 오수관로연장|2공구
1070
    40
1071
        8
  0
TEXT
  5
7C9
330
1F
100
AcDbEntity
  8
오수맨홀좌표(2공구)
 62
     7
100
AcDbText
 10
176800.8725686726
 20
418589.3741430855
 30
0.0
 40
3.6
  1
(H = 4.11m)
 50
47.79095233005222
 72
     1
 11
176809.8384380058
 21
418599.2589820203
 31
0.0
100
AcDbText
  0
TEXT
  5
7CA
330
1F
100
AcDbEntity
  8
오수맨홀(2공구)
 62
     7
100
AcDbText
 10
176227.8390800616
 20
419122.872093603
 30
0.0
 40
3.6
  1
M3-B-1
 50
317.790953087259
100
AcDbText
1001
Dream_TTE
1000
공구별 오수관로연장|2공구
1070
     2
1071
        8
  0
TEXT
  5
7CB
330
1F
100
AcDbEntity
  8
오수맨홀좌표(2공구)
 62
     7
100
AcDbText
 10
176220.1900420297
 20
419121.494940942
 30
0.0
 40
3.6
  1
(H = 6.38m)
 50
317.790953087259
 72
     1
 11
176230.0748810831
 21
419112.5290717396
 31
0.0
100
AcDbText
  0
TEXT
  5
7CC
330
1F
100
AcDbEntity
  8
오수맨홀(2공구)
 62
     7
100
AcDbText
 10
176283.6143469695
 20
419072.2615916359
 30
0.0
 40
3.6
  1
M3-B-2
 50
317.790953087259
100
AcDbText
1001
Dream_TTE
1000
공구별 오수관로연장|2공구
1070
     3
1071
        8
  0
TEXT
  5
7CD
330
1F
100
AcDbEntity
  8
오수맨홀좌표(2공구)
 62
     7
100
AcDbText
 10
176275.5195911377
 20
419071.5524948982
 30
0.0
 40
3.6
  1
(H = 6.01m)
 50
317.790953087259
 72
     1
 11
176285.404430191
 21
419062.5866256956
 31
0.0
100
AcDbText
  0
TEXT
  5
7CE
330
1F
100
AcDbEntity
  8
오수맨홀좌표(2공구)
 62
     7
100
AcDbText
 10
176327.6160401192
 20
419019.4366838225
 30
0.0
 40
3.599999999999998
  1
(H = 5.55m)
 50
317.0785928562914
100
AcDbText
  0
TEXT
  5
7CF
330
1F
100
AcDbEntity
  8
오수맨홀(2공구)
 62
     7
100
AcDbText
 10
176336.5659274291
 20
419018.9034163879
 30
0.0
 40
3.599999999999998
  1
M2-B-3
 50
317.0785928562914
 72
     1
 11
176342.6026621768
 21
419013.2895317034
 31
0.0
100
AcDbText
1001
Dream_TTE
1000
공구별 오수관로연장|2공구
1070
     6
1071
        8
  0
TEXT
  5
7D0
330
1F
100
AcDbEntity
  8
오수맨홀(2공구)
 62
     7
100
AcDbText
 10
176388.8863492875
 20
418976.798411909
 30
0.0
 40
3.6
  1
M2-B-4
 50
317.790953087259
100
AcDbText
1001
Dream_TTE
1000
공구별 오수관로연장|2공구
1070
     8
1071
        8
  0
TEXT
  5
7D1
330
1F
100
AcDbEntity
  8
오수맨홀좌표(2공구)
 62
     7
100
AcDbText
 10
176380.7358077443
 20
418976.3649825086
 30
0.0
 40
3.6
  1
(H = 5.64m)
 50
317.790953087259
 72
     1
 11
176390.6206467976
 21
418967.3991133061
 31
0.0
100
AcDbText
  0
TEXT
  5
7D2
330
1F
100
AcDbEntity
  8
오수맨홀(2공구)
 62
     7
100
AcDbText
 10
176443.6083698521
 20
418927.5631917396
 30
0.0
 40
3.6
  1
M2-B-5
 50
317.790953087259
100
AcDbText
1001
Dream_TTE
1000
공구별 오수관로연장|2공구
1070
    10
1071
        8
  0
TEXT
  5
7D3
330
1F
100
AcDbEntity
  8
오수맨홀좌표(2공구)
 62
     7
100
AcDbText
 10
176435.7506875709
 20
418925.9800327436
 30
0.0
 40
3.6
  1
(H = 5.19m)
 50
317.790953087259
 72
     1
 11
176445.6355266242
 21
418917.014163541
 31
0.0
100
AcDbText
  0
TEXT
  5
7D4
330
1F
100
AcDbEntity
  8
오수맨홀(2공구)
 62
     7
100
AcDbText
 10
176473.0953960009
 20
418891.4992119957
 30
0.0
 40
3.6
  1
M2-B-6
 50
47.79095233067268
100
AcDbText
1001
Dream_TTE
1000
공구별 오수관로연장|2공구
1070
    13
1071
        8
  0
TEXT
  5
7D5
330
1F
100
AcDbEntity
  8
오수맨홀좌표(2공구)
 62
     7
100
AcDbText
 10
176473.6608332359
 20
418883.8427729222
 30
0.0
 40
3.6
  1
(H = 4.31m)
 50
47.79095233067268
 72
     1
 11
176482.626702569
 21
418893.7276118571
 31
0.0
100
AcDbText
  0
TEXT
  5
7D6
330
1F
100
AcDbEntity
  8
오수맨홀(2공구)
 62
     7
100
AcDbText
 10
176550.5182982104
 20
418829.8676181665
 30
0.0
 40
3.6
  1
M2-B-7
 50
317.790953087259
100
AcDbText
1001
Dream_TTE
1000
공구별 오수관로연장|2공구
1070
    17
1071
        8
  0
TEXT
  5
7D7
330
1F
100
AcDbEntity
  8
오수맨홀좌표(2공구)
 62
     7
100
AcDbText
 10
176543.6228499866
 20
418828.431189946
 30
0.0
 40
3.6
  1
(H = 4.52m)
 50
317.790953087259
 72
     1
 11
176553.50768904
 21
418819.4653207435
 31
0.0
100
AcDbText
  0
TEXT
  5
7D8
330
1F
100
AcDbEntity
  8
오수맨홀(2공구)
 62
     7
100
AcDbText
 10
176602.8979066618
 20
418782.9005540964
 30
0.0
 40
3.6
  1
M2-B-8
 50
317.790953087259
100
AcDbText
1001
Dream_TTE
1000
공구별 오수관로연장|2공구
1070
    20
1071
        8
  0
TEXT
  5
7D9
330
1F
100
AcDbEntity
  8
오수맨홀좌표(2공구)
 62
     7
100
AcDbText
 10
176595.0408884434
 20
418781.947173452
 30
0.0
 40
3.6
  1
(H = 5.84m)
 50
317.790953087259
 72
     1
 11
176604.9257274968
 21
418772.9813042495
 31
0.0
100
AcDbText
  0
TEXT
  5
7DA
330
1F
100
AcDbEntity
  8
오수맨홀(2공구)
 62
     7
100
AcDbText
 10
176658.1099972224
 20
418732.444733624
 30
0.0
 40
3.6
  1
M3-B-9
 50
317.790953087259
100
AcDbText
1001
Dream_TTE
1000
공구별 오수관로연장|2공구
1070
    25
1071
        8
  0
TEXT
  5
7DB
330
1F
100
AcDbEntity
  8
오수맨홀좌표(2공구)
 62
     7
100
AcDbText
 10
176650.8655049779
 20
418731.3553530097
 30
0.0
 40
3.6
  1
(H = 6.73m)
 50
317.790953087259
 72
     1
 11
176660.7503440312
 21
418722.3894838072
 31
0.0
100
AcDbText
  0
TEXT
  5
7DC
330
1F
100
AcDbEntity
  8
오수맨홀(2공구)
 62
     7
100
AcDbText
 10
176713.2540735109
 20
418682.5329206871
 30
0.0
 40
3.6
  1
M2-B-10
 50
317.790953087259
100
AcDbText
1001
Dream_TTE
1000
공구별 오수관로연장|2공구
1070
    30
1071
        8
  0
TEXT
  5
7DD
330
1F
100
AcDbEntity
  8
오수맨홀좌표(2공구)
 62
     7
100
AcDbText
 10
176706.1456665998
 20
418680.8315363804
 30
0.0
 40
3.6
  1
(H = 5.46m)
 50
317.790953087259
 72
     1
 11
176716.0305056532
 21
418671.8656671779
 31
0.0
100
AcDbText
  0
LWPOLYLINE
  5
7DE
330
1F
100
AcDbEntity
  8
오수맨홀(2공구)
 62
     1
100
AcDbPolyline
 90
        3
 70
     0
 43
0.0
 10
176748.5879355476
 20
418625.3531128289
 10
176764.296887657
 20
418634.7842050686
 10
176785.6844373232
 20
418615.3850047544
  0
TEXT
  5
7DF
330
1F
100
AcDbEntity
  8
오수맨홀(2공구)
 62
     7
100
AcDbText
 10
176769.1319013227
 20
418631.6127571322
 30
0.0
 40
3.6
  1
M2-B-11
 50
317.790953087259
100
AcDbText
1001
Dream_TTE
1000
공구별 오수관로연장|2공구
1070
    37
1071
        8
  0
TEXT
  5
7E0
330
1F
100
AcDbEntity
  8
오수맨홀좌표(2공구)
 62
     7
100
AcDbText
 10
176761.4516482796
 20
418630.9188046797
 30
0.0
 40
3.6
  1
(H = 4.55m)
 50
317.790953087259
 72
     1
 11
176771.336487333
 21
418621.9529354771
 31
0.0
100
AcDbText
  0
LWPOLYLINE
  5
7E1
330
1F
100
AcDbEntity
  8
오수맨홀(2공구)
 62
     1
100
AcDbPolyline
 90
        3
 70
     0
 43
0.0
 10
176478.232994301
 20
418870.5738205842
 10
176469.4984097752
 20
418885.8331380649
 10
176490.6925263943
 20
418909.1995759826
  0
LWPOLYLINE
  5
7E2
330
1F
100
AcDbEntity
  8
오수맨홀(2공구)
 62
     1
100
AcDbPolyline
 90
        3
 70
     0
 43
0.0
 10
176804.1403246111
 20
418574.9652961395
 10
176795.4057400853
 20
418590.2246136203
 10
176816.5998567044
 20
418613.5910515378
  0
LWPOLYLINE
  5
7E3
330
1F
100
AcDbEntity
  8
오수맨홀(2공구)
 62
     1
100
AcDbPolyline
 90
        3
 70
     0
 43
0.0
 10
176693.0355464696
 20
418675.7409294886
 10
176708.744498579
 20
418685.1720217283
 10
176730.1320482453
 20
418665.7728214139
  0
LWPOLYLINE
  5
7E4
330
1F
100
AcDbEntity
  8
오수맨홀(2공구)
 62
     1
100
AcDbPolyline
 90
        3
 70
     0
 43
0.0
 10
176637.4831573916
 20
418726.1287461484
 10
176653.192109501
 20
418735.5598383881
 10
176674.5796591673
 20
418716.1606380739
  0
LWPOLYLINE
  5
7E5
330
1F
100
AcDbEntity
  8
오수맨홀(2공구)
 62
     1
100
AcDbPolyline
 90
        3
 70
     0
 43
0.0
 10
176581.9307683077
 20
418776.5165628132
 10
176597.6397204171
 20
418785.9476550529
 10
176619.0272700834
 20
418766.5484547387
  0
LWPOLYLINE
  5
7E6
330
1F
100
AcDbEntity
  8
오수맨홀(2공구)
 62
     1
100
AcDbPolyline
 90
        3
 70
     0
 43
0.0
 10
176530.081871835
 20
418823.5451916955
 10
176545.7908239443
 20
418832.9762839351
 10
176567.1783736107
 20
418813.5770836209
  0
LWPOLYLINE
  5
7E7
330
1F
100
AcDbEntity
  8
오수맨홀(2공구)
 62
     1
100
AcDbPolyline
 90
        3
 70
     0
 43
0.0
 10
176422.6805862699
 20
418920.9616372504
 10
176438.3895383793
 20
418930.3927294901
 10
176459.7770880456
 20
418910.9935291759
  0
LWPOLYLINE
  5
7E8
330
1F
100
AcDbEntity
  8
오수맨홀(2공구)
 62
     1
100
AcDbPolyline
 90
        3
 70
     0
 43
0.0
 10
176367.1281971918
 20
418971.3494539101
 10
176382.8371493012
 20
418980.7805461497
 10
176404.2246989676
 20
418961.3813458357
  0
LWPOLYLINE
  5
7E9
330
1F
100
AcDbEntity
  8
오수맨홀(2공구)
 62
     1
100
AcDbPolyline
 90
        3
 70
     0
 43
0.0
 10
176262.6897057112
 20
419066.0785492423
 10
176278.3986578206
 20
419075.5096414821
 10
176299.7862074869
 20
419056.1104411677
  0
LWPOLYLINE
  5
7EA
330
1F
100
AcDbEntity
  8
오수맨홀(2공구)
 62
     1
100
AcDbPolyline
 90
        3
 70
     0
 43
0.0
 10
176207.1373166328
 20
419116.4663659015
 10
176222.8462687422
 20
419125.8974581411
 10
176244.2338184085
 20
419106.4982578271
  0
LWPOLYLINE
  5
7EB
330
1F
100
AcDbEntity
  8
오수맨홀(2공구)
 62
     1
100
AcDbPolyline
 90
        3
 70
     0
 43
0.0
 10
176318.242094793
 20
419015.6907325764
 10
176330.50956923
 20
419022.5556799837
 10
176353.6107011286
 20
419001.0726935706
  0
TEXT
  5
7EC
330
1F
100
AcDbEntity
  8
오수맨홀(2공구)
 62
     7
100
AcDbText
 10
176353.0893756519
 20
418114.0712733393
 30
0.0
 40
3.6
  1
M2-255-02
 50
47.79095231702146
 72
     1
 11
176361.2592137141
 21
418123.0784906353
 31
0.0
100
AcDbText
1001
Dream_TTE
1000
공구별 오수관로연장|2공구
1070
   105
1071
        8
  0
TEXT
  5
7ED
330
1F
100
AcDbEntity
  8
오수맨홀좌표(2공구)
 62
     7
100
AcDbText
 10
176357.0312828113
 20
418108.8961879607
 30
0.0
 40
3.6
  1
(H = 5.09m)
 50
47.79095231702146
 72
     1
 11
176365.9971521467
 21
418118.7810268936
 31
0.0
100
AcDbText
  0
LWPOLYLINE
  5
7EE
330
1F
100
AcDbEntity
  8
오수맨홀(2공구)
 62
     1
100
AcDbPolyline
 90
        3
 70
     0
 43
0.0
 10
176366.95798004
 20
418088.5079474414
 10
176352.3331363269
 20
418110.5458356971
 10
176372.864214066
 20
418133.1812756057
  0
TEXT
  5
7EF
330
1F
100
AcDbEntity
  8
오수맨홀(2공구)
 62
     7
100
AcDbText
 10
176318.0841879575
 20
418068.992606856
 30
0.0
 40
3.6
  1
M2-255-03
 50
47.79095231702146
 72
     1
 11
176326.2540260197
 21
418077.999824152
 31
0.0
100
AcDbText
1001
Dream_TTE
1000
공구별 오수관로연장|2공구
1070
   110
1071
        8
  0
TEXT
  5
7F0
330
1F
100
AcDbEntity
  8
오수맨홀좌표(2공구)
 62
     7
100
AcDbText
 10
176322.0260951169
 20
418063.8175214776
 30
0.0
 40
3.6
  1
(H = 5.02m)
 50
47.79095231702146
 72
     1
 11
176330.9919644523
 21
418073.7023604105
 31
0.0
100
AcDbText
  0
LWPOLYLINE
  5
7F1
330
1F
100
AcDbEntity
  8
오수맨홀(2공구)
 62
     1
100
AcDbPolyline
 90
        3
 70
     0
 43
0.0
 10
176324.9908114638
 20
418042.2392932361
 10
176317.3279486326
 20
418065.4671692138
 10
176337.8590263717
 20
418088.1026091223
  0
TEXT
  5
7F2
330
1F
100
AcDbEntity
  8
오수맨홀(2공구)
 62
     7
100
AcDbText
 10
176279.905036184
 20
418026.8837599343
 30
0.0
 40
3.6
  1
M2-255-05
 50
47.79095231702146
 72
     1
 11
176288.0748742462
 21
418035.8909772303
 31
0.0
100
AcDbText
1001
Dream_TTE
1000
공구별 오수관로연장|2공구
1070
   115
1071
        8
  0
TEXT
  5
7F3
330
1F
100
AcDbEntity
  8
오수맨홀좌표(2공구)
 62
     7
100
AcDbText
 10
176283.8469433433
 20
418021.7086745559
 30
0.0
 40
3.6
  1
(H = 4.77m)
 50
47.79095231702146
 72
     1
 11
176292.8128126787
 21
418031.5935134887
 31
0.0
100
AcDbText
  0
LWPOLYLINE
  5
7F4
330
1F
100
AcDbEntity
  8
오수맨홀(2공구)
 62
     1
100
AcDbPolyline
 90
        3
 70
     0
 43
0.0
 10
176286.8116596903
 20
418000.1304463142
 10
176279.148796859
 20
418023.358322292
 10
176299.679874598
 20
418045.9937622006
  0
TEXT
  5
7F5
330
1F
100
AcDbEntity
  8
오수맨홀좌표(2공구)
 62
     7
100
AcDbText
 10
175736.0009743283
 20
418445.0949992577
 30
0.0
 40
3.6
  1
(H = 2.60m)
 50
317.7909532877367
 72
     1
 11
175745.8858134131
 21
418436.1291300898
 31
0.0
100
AcDbText
  0
TEXT
  5
7F6
330
1F
100
AcDbEntity
  8
오수맨홀(2공구)
 62
     7
100
AcDbText
 10
175741.1760596399
 20
418449.0369065049
 30
0.0
 40
3.6
  1
M2-268-05
 50
317.7909532877367
 72
     1
 11
175750.1832770744
 21
418440.8670685953
 31
0.0
100
AcDbText
1001
Dream_TTE
1000
공구별 오수관로연장|2공구
1070
    64
1071
        8
  0
LWPOLYLINE
  5
7F7
330
1F
100
AcDbEntity
  8
오수맨홀(2공구)
 62
     1
100
AcDbPolyline
 90
        3
 70
     0
 43
0.0
 10
175735.2451357999
 20
418471.1766870218
 10
175738.1468944815
 20
418450.3402844442
 10
175760.7823347382
 20
418429.8092070888
  0
TEXT
  5
7F8
330
1F
100
AcDbEntity
  8
오수맨홀좌표(2공구)
 62
     7
100
AcDbText
 10
176209.3259488738
 20
418621.2075709843
 30
0.0
 40
3.6
  1
(H = 2.32m)
 50
317.7909532877367
 72
     1
 11
176219.2107879586
 21
418612.2417018164
 31
0.0
100
AcDbText
  0
TEXT
  5
7F9
330
1F
100
AcDbEntity
  8
오수맨홀(2공구)
 62
     7
100
AcDbText
 10
176215.5369005684
 20
418624.2099138757
 30
0.0
 40
3.6
  1
M2-62-01
 50
317.7909532877367
 72
     1
 11
176223.5082516198
 21
418616.9796403219
 31
0.0
100
AcDbText
1001
Dream_TTE
1000
공구별 오수관로연장|2공구
1070
    38
1071
        8
  0
LWPOLYLINE
  5
7FA
330
1F
100
AcDbEntity
  8
오수맨홀(2공구)
 62
     1
100
AcDbPolyline
 90
        3
 70
     0
 43
0.0
 10
176192.2382785594
 20
418611.9327550937
 10
176211.471869027
 20
418626.452856171
 10
176234.1073092837
 20
418605.9217788157
  0
TEXT
  5
7FB
330
1F
100
AcDbEntity
  8
오수맨홀좌표(2공구)
 62
     7
100
AcDbText
 10
176108.2839610432
 20
418655.2993594872
 30
0.0
 40
3.6
  1
(H = 4.28m)
 50
317.7909532877367
 72
     1
 11
176118.168800128
 21
418646.3334903193
 31
0.0
100
AcDbText
  0
TEXT
  5
7FC
330
1F
100
AcDbEntity
  8
오수맨홀(2공구)
 62
     7
100
AcDbText
 10
176114.4949127378
 20
418658.3017023788
 30
0.0
 40
3.6
  1
M2-64-01
 50
317.7909532877367
 72
     1
 11
176122.4662637892
 21
418651.0714288249
 31
0.0
100
AcDbText
1001
Dream_TTE
1000
공구별 오수관로연장|2공구
1070
    33
1071
        8
  0
LWPOLYLINE
  5
7FD
330
1F
100
AcDbEntity
  8
오수맨홀(2공구)
 62
     1
100
AcDbPolyline
 90
        3
 70
     0
 43
0.0
 10
176111.0206639068
 20
418681.5495319962
 10
176110.4298811963
 20
418660.5446446739
 10
176133.0653214531
 20
418640.0135673186
  0
LWPOLYLINE
  5
7FE
330
1F
100
AcDbEntity
  8
오수맨홀(2공구)
 62
     1
100
AcDbPolyline
 90
        3
 70
     0
 43
0.0
 10
176113.0361724307
 20
418683.7716313167
 10
176110.5955170121
 20
418709.6086578255
 10
176131.1265947512
 20
418732.2440977339
  0
TEXT
  5
7FF
330
1F
100
AcDbEntity
  8
오수맨홀(2공구)
 62
     7
100
AcDbText
 10
176112.2913207103
 20
418714.1699618348
 30
0.0
 40
3.6
  1
M2-64-02
 50
47.79095231702146
 72
     1
 11
176119.5215943992
 21
418722.1413127637
 31
0.0
100
AcDbText
1001
Dream_TTE
1000
공구별 오수관로연장|2공구
1070
    27
1071
        8
  0
TEXT
  5
800
330
1F
100
AcDbEntity
  8
오수맨홀좌표(2공구)
 62
     7
100
AcDbText
 10
176115.2936634964
 20
418707.9590100893
 30
0.0
 40
3.6
  1
(H = 2.34m)
 50
47.79095231702146
 72
     1
 11
176124.2595328318
 21
418717.8438490221
 31
0.0
100
AcDbText
  0
LWPOLYLINE
  5
801
330
1F
100
AcDbEntity
  8
오수맨홀(2공구)
 62
     1
100
AcDbPolyline
 90
        3
 70
     0
 43
0.0
 10
176185.3497678085
 20
418667.4536085662
 10
176213.6651260624
 20
418642.4609840275
 10
176194.3229276708
 20
418605.9916799624
  0
TEXT
  5
802
330
1F
100
AcDbEntity
  8
오수맨홀(2공구)
 62
     7
100
AcDbText
 10
176436.5612501433
 20
418835.5039184521
 30
0.0
 40
3.6
  1
M3-8-1
 50
317.790953087259
 72
     1
 11
176442.4608684099
 21
418830.152773589
 31
0.0
100
AcDbText
1001
Dream_TTE
1000
공구별 오수관로연장|2공구
1070
    18
1071
        8
  0
LWPOLYLINE
  5
803
330
1F
100
AcDbEntity
  8
오수맨홀(2공구)
 62
     1
100
AcDbPolyline
 90
        3
 70
     0
 43
0.0
 10
176435.2953975036
 20
418862.9419400033
 10
176429.9282133835
 20
418839.0788508524
 10
176452.5636534948
 20
418818.5477733369
  0
TEXT
  5
804
330
1F
100
AcDbEntity
  8
오수맨홀(2공구)
 62
     7
100
AcDbText
 10
176578.3484395937
 20
418343.9321794163
 30
0.0
 40
3.6
  1
M3-54-3
 50
317.7909532877367
 72
     1
 11
176585.283924262
 21
418337.6414702181
 31
0.0
100
AcDbText
1001
Dream_TTE
1000
공구별 오수관로연장|2공구
1070
    80
1071
        8
  0
LWPOLYLINE
  5
805
330
1F
100
AcDbEntity
  8
오수맨홀(2공구)
 62
     1
100
AcDbPolyline
 90
        3
 70
     0
 43
0.0
 10
176550.0196658215
 20
418339.451822842
 10
176573.2475416691
 20
418347.1146860672
 10
176595.8829819259
 20
418326.5836087119
  0
TEXT
  5
806
330
1F
100
AcDbEntity
  8
오수맨홀(2공구)
 62
     7
100
AcDbText
 10
176618.6586929149
 20
418388.3740906845
 30
0.0
 40
3.6
  1
M3-54-4
 50
317.7909532877367
 72
     1
 11
176625.5941775833
 21
418382.0833814863
 31
0.0
100
AcDbText
1001
Dream_TTE
1000
공구별 오수관로연장|2공구
1070
    80
1071
        8
  0
LWPOLYLINE
  5
807
330
1F
100
AcDbEntity
  8
오수맨홀(2공구)
 62
     1
100
AcDbPolyline
 90
        3
 70
     0
 43
0.0
 10
176590.3299191428
 20
418383.89373411
 10
176613.5577949905
 20
418391.5565973353
 10
176636.1932352472
 20
418371.0255199801
  0
TEXT
  5
808
330
1F
100
AcDbEntity
  8
오수맨홀좌표(2공구)
 62
     7
100
AcDbText
 10
176428.2785656616
 20
418834.3807043164
 30
0.0
 40
3.6
  1
(H = 6.58m)
 50
317.790953087259
 72
     1
 11
176438.163404715
 21
418825.4148351139
 31
0.0
100
AcDbText
  0
TEXT
  5
809
330
1F
100
AcDbEntity
  8
오수맨홀좌표(2공구)
 62
     7
100
AcDbText
 10
176571.1016215161
 20
418341.8694008805
 30
0.0
 40
3.6
  1
(H = 6.38m)
 50
317.7909532877367
 72
     1
 11
176580.9864606008
 21
418332.9035317126
 31
0.0
100
AcDbText
  0
TEXT
  5
80A
330
1F
100
AcDbEntity
  8
오수맨홀좌표(2공구)
 62
     7
100
AcDbText
 10
176611.4118748374
 20
418386.3113121486
 30
0.0
 40
3.6
  1
(H = 6.33m)
 50
317.7909532877367
 72
     1
 11
176621.2967139221
 21
418377.3454429807
 31
0.0
100
AcDbText
  0
LWPOLYLINE
  5
80B
330
1F
100
AcDbEntity
  8
오수맨홀(2공구)
 62
     1
100
AcDbPolyline
 90
        3
 70
     0
 43
0.0
 10
176092.6629041555
 20
418464.5952316131
 10
176077.2581678948
 20
418490.6032932906
 10
176097.7892456339
 20
418513.2387331994
  0
TEXT
  5
80C
330
1F
100
AcDbEntity
  8
오수맨홀(2공구)
 62
     7
100
AcDbText
 10
176078.953971593
 20
418495.1645973001
 30
0.0
 40
3.6
  1
M2-262-1
 50
47.79095231702146
 72
     1
 11
176086.1842452819
 21
418503.135948229
 31
0.0
100
AcDbText
1001
Dream_TTE
1000
공구별 오수관로연장|2공구
1070
    66
1071
        8
  0
TEXT
  5
80D
330
1F
100
AcDbEntity
  8
오수맨홀좌표(2공구)
 62
     7
100
AcDbText
 10
176081.9563143791
 20
418488.9536455545
 30
0.0
 40
3.6
  1
(H = 5.04m)
 50
47.79095231702146
 72
     1
 11
176090.9221837145
 21
418498.8384844874
 31
0.0
100
AcDbText
  0
LWPOLYLINE
  5
80E
330
1F
100
AcDbEntity
  8
오수맨홀(2공구)
 62
     1
100
AcDbPolyline
 90
        3
 70
     0
 43
0.0
 10
176127.9684240566
 20
418519.1596054916
 10
176112.5636877959
 20
418545.1676671692
 10
176133.094765535
 20
418567.8031070778
  0
TEXT
  5
80F
330
1F
100
AcDbEntity
  8
오수맨홀(2공구)
 62
     7
100
AcDbText
 10
176114.2594914941
 20
418549.7289711787
 30
0.0
 40
3.6
  1
M2-262-2
 50
47.79095231702146
 72
     1
 11
176121.489765183
 21
418557.7003221076
 31
0.0
100
AcDbText
1001
Dream_TTE
1000
공구별 오수관로연장|2공구
1070
    66
1071
        8
  0
TEXT
  5
810
330
1F
100
AcDbEntity
  8
오수맨홀좌표(2공구)
 62
     7
100
AcDbText
 10
176117.2618342802
 20
418543.5180194331
 30
0.0
 40
3.6
  1
(H = 5.24m)
 50
47.79095231702146
 72
     1
 11
176126.2277036156
 21
418553.4028583659
 31
0.0
100
AcDbText
  0
TEXT
  5
811
330
1F
100
AcDbEntity
  8
오수맨홀(2공구)
 62
     7
100
AcDbText
 10
176197.1885755784
 20
418528.2466906982
 30
0.0
 40
3.6
  1
M2-91-1
 50
317.7909528828025
 72
     1
 11
176204.1240602023
 21
418521.955981451
 31
0.0
100
AcDbText
1001
Dream_TTE
1000
공구별 오수관로연장|2공구
1070
    55
1071
        8
  0
TEXT
  5
812
330
1F
100
AcDbEntity
  8
오수맨홀좌표(2공구)
 62
     7
100
AcDbText
 10
176189.9417574861
 20
418526.1839122137
 30
0.0
 40
3.6
  1
(H = 4.62m)
 50
317.7909528828025
 72
     1
 11
176199.8265965075
 21
418517.218042976
 31
0.0
100
AcDbText
  0
LWPOLYLINE
  5
813
330
1F
100
AcDbEntity
  8
오수맨홀(2공구)
 62
     1
100
AcDbPolyline
 90
        3
 70
     0
 43
0.0
 10
176194.4037747861
 20
418557.6531339695
 10
176191.591405176
 20
418530.8820587144
 10
176214.2268452873
 20
418510.3509811987
  0
TEXT
  5
814
330
1F
100
AcDbEntity
  8
오수맨홀(2공구)
 62
     7
100
AcDbText
 10
176198.1957795897
 20
418580.2393005173
 30
0.0
 40
3.6
  1
M2-62-02
 50
317.7909530855707
 72
     1
 11
176206.1671306156
 21
418573.0090269354
 31
0.0
100
AcDbText
1001
Dream_TTE
1000
공구별 오수관로연장|2공구
1070
    54
1071
        8
  0
TEXT
  5
815
330
1F
100
AcDbEntity
  8
오수맨홀좌표(2공구)
 62
     7
100
AcDbText
 10
176191.9848278676
 20
418577.2369576632
 30
0.0
 40
3.6
  1
(H = 5.59m)
 50
317.7909530855707
 72
     1
 11
176201.8696669207
 21
418568.2710884604
 31
0.0
100
AcDbText
  0
LWPOLYLINE
  5
816
330
1F
100
AcDbEntity
  8
오수맨홀(2공구)
 62
     1
100
AcDbPolyline
 90
        2
 70
     0
 43
0.0
 10
176198.2450433363
 20
418602.4341939864
 10
176193.6344755892
 20
418581.9351041987
  0
LWPOLYLINE
  5
817
330
1F
100
AcDbEntity
  8
오수맨홀(2공구)
 62
     1
100
AcDbPolyline
 90
        2
 70
     0
 43
0.0
 10
176193.6344755892
 20
418581.9351041987
 10
176216.2699157005
 20
418561.4040266831
  0
LWPOLYLINE
  5
818
330
1F
100
AcDbEntity
  8
오수맨홀(2공구)
 62
     1
100
AcDbPolyline
 90
        3
 70
     0
 43
0.0
 10
176339.8411346782
 20
418758.1855934722
 10
176332.178271847
 20
418781.4134694501
 10
176352.7093495861
 20
418804.0489093585
  0
TEXT
  5
819
330
1F
100
AcDbEntity
  8
오수맨홀(2공구)
 62
     7
100
AcDbText
 10
176333.8740755452
 20
418785.9747734594
 30
0.0
 40
3.6
  1
M3-454-1
 50
47.79095231702146
 72
     1
 11
176341.1043492341
 21
418793.9461243883
 31
0.0
100
AcDbText
1001
Dream_TTE
1000
공구별 오수관로연장|2공구
1070
    26
1071
        8
  0
TEXT
  5
81A
330
1F
100
AcDbEntity
  8
오수맨홀좌표(2공구)
 62
     7
100
AcDbText
 10
176336.8764183313
 20
418779.7638217136
 30
0.0
 40
3.6
  1
(H = 6.23m)
 50
47.79095231702146
 72
     1
 11
176345.8422876667
 21
418789.6486606464
 31
0.0
100
AcDbText
  0
LWPOLYLINE
  5
81B
330
1F
100
AcDbEntity
  8
오수맨홀(2공구)
 62
     1
100
AcDbPolyline
 90
        3
 70
     0
 43
0.0
 10
176389.7903162495
 20
418813.254388919
 10
176382.1274534183
 20
418836.4822648969
 10
176402.6585311574
 20
418859.1177048054
  0
TEXT
  5
81C
330
1F
100
AcDbEntity
  8
오수맨홀(2공구)
 62
     7
100
AcDbText
 10
176383.8232571165
 20
418841.0435689062
 30
0.0
 40
3.6
  1
M3-454-2
 50
47.79095231702146
 72
     1
 11
176391.0535308054
 21
418849.0149198351
 31
0.0
100
AcDbText
1001
Dream_TTE
1000
공구별 오수관로연장|2공구
1070
    26
1071
        8
  0
TEXT
  5
81D
330
1F
100
AcDbEntity
  8
오수맨홀좌표(2공구)
 62
     7
100
AcDbText
 10
176386.8255999026
 20
418834.8326171606
 30
0.0
 40
3.6
  1
(H = 6.51m)
 50
47.79095231702146
 72
     1
 11
176395.791469238
 21
418844.7174560934
 31
0.0
100
AcDbText
  0
LWPOLYLINE
  5
820
330
1F
100
AcDbEntity
  8
오수맨홀(2공구)
 62
     1
100
AcDbPolyline
 90
        3
 70
     0
 43
0.0
 10
175705.9661158157
 20
417364.2321276751
 10
175727.6071117353
 20
417360.8804588551
 10
175748.1381894997
 20
417383.5158987406
  0
LWPOLYLINE
  5
83E
330
1F
100
AcDbEntity
  8
오수맨홀(2공구)
 62
     1
100
AcDbPolyline
 90
        3
 70
     0
 43
0.0
 10
175430.9996565207
 20
417809.3588041121
 10
175454.2275323684
 20
417817.0216673374
 10
175476.8629726251
 20
417796.4905899822
  0
LWPOLYLINE
  5
83F
330
1F
100
AcDbEntity
  8
오수맨홀(2공구)
 62
     1
100
AcDbPolyline
 90
        3
 70
     0
 43
0.0
 10
175869.5662428358
 20
417483.1187801242
 10
175866.4055384684
 20
417459.6344473019
 10
175889.0409784333
 20
417439.1033696249
  0
TEXT
  5
840
330
1F
100
AcDbEntity
  8
오수맨홀좌표(2공구)
 62
     7
100
AcDbText
 10
175864.2596183152
 20
417454.3891621153
 30
0.0
 40
3.6
  1
(H = 3.34m)
 50
317.7909532877367
 72
     1
 11
175874.1444574
 21
417445.4232929474
 31
0.0
100
AcDbText
  0
TEXT
  5
841
330
1F
100
AcDbEntity
  8
오수맨홀(2공구)
100
AcDbText
 10
175870.4705700098
 20
417457.3915050067
 30
0.0
 40
3.6
  1
M2-303-1
 50
317.7909532877367
 72
     1
 11
175878.4419210612
 21
417450.1612314529
 31
0.0
100
AcDbText
1001
Dream_TTE
1000
공구별 오수관로연장|2공구
1070
   169
1071
        8
  0
LWPOLYLINE
  5
842
330
1F
100
AcDbEntity
  8
오수맨홀(2공구)
 62
     1
100
AcDbPolyline
 90
        3
 70
     0
 43
0.0
 10
175852.7367597487
 20
417494.3334356707
 10
175841.6757413594
 20
417481.4788583495
 10
175864.3111813244
 20
417460.9477806725
  0
TEXT
  5
843
330
1F
100
AcDbEntity
  8
오수맨홀좌표(2공구)
 62
     7
100
AcDbText
 10
175839.5298212064
 20
417476.2335731628
 30
0.0
 40
3.6
  1
(H = 3.45m)
 50
317.7909532877367
 72
     1
 11
175849.4146602911
 21
417467.2677039949
 31
0.0
100
AcDbText
  0
TEXT
  5
844
330
1F
100
AcDbEntity
  8
오수맨홀(2공구)
100
AcDbText
 10
175845.7407729009
 20
417479.2359160543
 30
0.0
 40
3.6
  1
M2-303-2
 50
317.7909532877367
 72
     1
 11
175853.7121239523
 21
417472.0056425004
 31
0.0
100
AcDbText
1001
Dream_TTE
1000
공구별 오수관로연장|2공구
1070
   169
1071
        8
  0
LWPOLYLINE
  5
845
330
1F
100
AcDbEntity
  8
오수맨홀(2공구)
 62
     1
100
AcDbPolyline
 90
        3
 70
     0
 43
0.0
 10
175758.3063483964
 20
417578.7364368559
 10
175755.1456440289
 20
417555.2521040336
 10
175777.7810839938
 20
417534.7210263566
  0
TEXT
  5
846
330
1F
100
AcDbEntity
  8
오수맨홀좌표(2공구)
 62
     7
100
AcDbText
 10
175752.9997238758
 20
417550.0068188469
 30
0.0
 40
3.6
  1
(H = 5.14m)
 50
317.7909532877367
 72
     1
 11
175762.8845629605
 21
417541.040949679
 31
0.0
100
AcDbText
  0
TEXT
  5
847
330
1F
100
AcDbEntity
  8
오수맨홀(2공구)
100
AcDbText
 10
175759.2106755703
 20
417553.0091617384
 30
0.0
 40
3.6
  1
M2-281-1
 50
317.7909532877367
 72
     1
 11
175767.1820266217
 21
417545.7788881846
 31
0.0
100
AcDbText
1001
Dream_TTE
1000
공구별 오수관로연장|2공구
1070
   169
1071
        8
  0
TEXT
  5
848
330
1F
100
AcDbEntity
  8
오수맨홀(2공구)
100
AcDbText
 10
175703.8141466095
 20
417602.5880413517
 30
0.0
 40
3.599999999999998
  1
M2-281-2
 50
323.9376067775503
 72
     1
 11
175712.5138430832
 21
417596.2528559153
 31
0.0
100
AcDbText
1001
Dream_TTE
1000
공구별 오수관로연장|2공구
1070
   153
1071
        8
  0
TEXT
  5
849
330
1F
100
AcDbEntity
  8
오수맨홀좌표(2공구)
 62
     7
100
AcDbText
 10
175697.9105105049
 20
417598.9307078647
 30
0.0
 40
3.599999999999998
  1
(H = 5.29m)
 50
323.9376067775503
 72
     1
 11
175708.6985311521
 21
417591.0747888107
 31
0.0
100
AcDbText
  0
LWPOLYLINE
  5
84A
330
1F
100
AcDbEntity
  8
오수맨홀(2공구)
 62
     1
100
AcDbPolyline
 90
        3
 70
     0
 43
0.0
 10
175744.3431902473
 20
417593.2980958882
 10
175723.7739360509
 20
417585.7833046874
 10
175699.2164737356
 20
417603.9717443567
  0
LWPOLYLINE
  5
84B
330
1F
100
AcDbEntity
  8
오수맨홀(2공구)
 62
     1
100
AcDbPolyline
 90
        3
 70
     0
 43
0.0
 10
175418.2011979708
 20
417825.0176505222
 10
175441.4290738184
 20
417842.3581001029
 10
175464.0645140751
 20
417821.8270227478
  0
TEXT
  5
84C
330
1F
100
AcDbEntity
  8
오수맨홀좌표(2공구)
 62
     7
100
AcDbText
 10
175440.2165518191
 20
417836.8399283534
 30
0.0
 40
3.6
  1
(H = 6.16m)
 50
317.7909532877367
 72
     1
 11
175450.1013909038
 21
417827.8740591854
 31
0.0
100
AcDbText
  0
TEXT
  5
84D
330
1F
100
AcDbEntity
  8
오수맨홀(2공구)
100
AcDbText
 10
175446.4275035137
 20
417839.8422712446
 30
0.0
 40
3.6
  1
M2-287-1
 50
317.7909532877367
 72
     1
 11
175454.3988545651
 21
417832.6119976908
 31
0.0
100
AcDbText
1001
Dream_TTE
1000
공구별 오수관로연장|2공구
1070
   136
1071
        8
  0
LWPOLYLINE
  5
84E
330
1F
100
AcDbEntity
  8
오수맨홀(2공구)
 62
     1
100
AcDbPolyline
 90
        3
 70
     0
 43
0.0
 10
175955.6370325749
 20
418289.948282675
 10
175987.3797400434
 20
418304.2171357668
 10
176010.0151803001
 20
418283.6860584115
  0
TEXT
  5
84F
330
1F
100
AcDbEntity
  8
오수맨홀좌표(2공구)
 62
     7
100
AcDbText
 10
175985.2338198903
 20
418298.9718505804
 30
0.0
 40
3.6
  1
(H = 4.06m)
 50
317.7909532877367
 72
     1
 11
175995.118658975
 21
418290.0059814124
 31
0.0
100
AcDbText
  0
TEXT
  5
850
330
1F
100
AcDbEntity
  8
오수맨홀(2공구)
100
AcDbText
 10
175991.4447715849
 20
418301.9741934717
 30
0.0
 40
3.6
  1
M2-264-1
 50
317.7909532877367
 72
     1
 11
175999.4161226363
 21
418294.7439199179
 31
0.0
100
AcDbText
1001
Dream_TTE
1000
공구별 오수관로연장|2공구
1070
    85
1071
        8
  0
TEXT
  5
851
330
1F
100
AcDbEntity
  8
오수맨홀(2공구)
100
AcDbText
 10
175992.5449929901
 20
418369.470082113
 30
0.0
 40
3.6
  1
M2-263
 50
47.79095231702146
 72
     1
 11
175998.2731185458
 21
418375.7853200879
 31
0.0
100
AcDbText
1001
Dream_TTE
1000
공구별 오수관로연장|2공구
1070
    71
1071
        8
  0
TEXT
  5
852
330
1F
100
AcDbEntity
  8
오수맨홀좌표(2공구)
 62
     7
100
AcDbText
 10
175994.045187643
 20
418361.6030174134
 30
0.0
 40
3.6
  1
(H = 4.56m)
 50
47.79095231702146
 72
     1
 11
176003.0110569784
 21
418371.4878563463
 31
0.0
100
AcDbText
  0
LWPOLYLINE
  5
853
330
1F
100
AcDbEntity
  8
오수맨홀(2공구)
 62
     1
100
AcDbPolyline
 90
        3
 70
     0
 43
0.0
 10
175997.0099039899
 20
418340.0247891721
 10
175989.3470411587
 20
418363.2526651495
 10
176009.8781188977
 20
418385.8881050581
  0
TEXT
  5
854
330
1F
100
AcDbEntity
  8
오수맨홀좌표(2공구)
 62
     7
100
AcDbText
 10
176294.4938193876
 20
418540.7233046729
 30
0.0
 40
3.6
  1
(H = 4.96m)
 50
317.7909532877367
 72
     1
 11
176304.3786584724
 21
418531.7574355049
 31
0.0
100
AcDbText
  0
TEXT
  5
855
330
1F
100
AcDbEntity
  8
오수맨홀(2공구)
 62
     7
100
AcDbText
 10
176303.3967504447
 20
418541.2839351034
 30
0.0
 40
3.6
  1
M2-60
 50
317.7909532877367
 72
     1
 11
176308.6761221336
 21
418536.4953740104
 31
0.0
100
AcDbText
1001
Dream_TTE
1000
공구별 오수관로연장|2공구
1070
    41
1071
        8
  0
LWPOLYLINE
  5
856
330
1F
100
AcDbEntity
  8
오수맨홀(2공구)
 62
     1
100
AcDbPolyline
 90
        3
 70
     0
 43
0.0
 10
176271.2572990394
 20
418535.8722374754
 10
176296.6397395407
 20
418545.9685898594
 10
176319.2751797975
 20
418525.4375125039
  0
TEXT
  5
857
330
1F
100
AcDbEntity
  8
오수맨홀좌표(2공구)
 62
     7
100
AcDbText
 10
176287.2790821312
 20
418503.389798446
 30
0.0
 40
3.6
  1
(H = 4.97m)
 50
317.7909532877367
 72
     1
 11
176297.1639212159
 21
418494.4239292781
 31
0.0
100
AcDbText
  0
TEXT
  5
858
330
1F
100
AcDbEntity
  8
오수맨홀(2공구)
100
AcDbText
 10
176294.5259002088
 20
418505.4525769817
 30
0.0
 40
3.6
  1
M2-89-1
 50
317.7909532877367
 72
     1
 11
176301.4613848772
 21
418499.1618677836
 31
0.0
100
AcDbText
1001
Dream_TTE
1000
공구별 오수관로연장|2공구
1070
    41
1071
        8
  0
LWPOLYLINE
  5
859
330
1F
100
AcDbEntity
  8
오수맨홀(2공구)
 62
     1
100
AcDbPolyline
 90
        3
 70
     0
 43
0.0
 10
176264.042561783
 20
418498.5387312486
 10
176289.4250022843
 20
418508.6350836326
 10
176312.060442541
 20
418488.1040062772
  0
LWPOLYLINE
  5
85A
330
1F
100
AcDbEntity
  8
오수맨홀(2공구)
 62
     1
100
AcDbPolyline
 90
        3
 70
     0
 43
0.0
 10
176247.2130688586
 20
418509.7533933492
 10
176245.0907467728
 20
418484.2244869463
 10
176267.7261868842
 20
418463.6934094308
  0
TEXT
  5
85B
330
1F
100
AcDbEntity
  8
오수맨홀(2공구)
100
AcDbText
 10
176250.6879171754
 20
418481.5891189303
 30
0.0
 40
3.6
  1
M2-89-2
 50
317.7909528828025
 72
     1
 11
176257.6234017993
 21
418475.2984096831
 31
0.0
100
AcDbText
1001
Dream_TTE
1000
공구별 오수관로연장|2공구
1070
    61
1071
        8
  0
TEXT
  5
85C
330
1F
100
AcDbEntity
  8
오수맨홀좌표(2공구)
 62
     7
100
AcDbText
 10
176243.441099083
 20
418479.5263404459
 30
0.0
 40
3.6
  1
(H = 4.59m)
 50
317.7909528828025
 72
     1
 11
176253.3259381044
 21
418470.5604712081
 31
0.0
100
AcDbText
  0
TEXT
  5
85D
330
1F
100
AcDbEntity
  8
오수맨홀(2공구)
100
AcDbText
 10
175976.4517767602
 20
418729.6262048419
 30
0.0
 40
3.6
  1
M2-94-1
 50
312.2090471159624
 72
     1
 11
175982.7424860072
 21
418722.6907202179
 31
0.0
100
AcDbText
1001
Dream_TTE
1000
공구별 오수관로연장|2공구
1070
    29
1071
        8
  0
TEXT
  5
85E
330
1F
100
AcDbEntity
  8
오수맨홀(2공구)
100
AcDbText
 10
175969.5426939451
 20
418727.7224200784
 30
0.0
 40
3.6
  1
(H= 2.34m)
 50
312.2090471159624
 72
     1
 11
175978.0391934526
 21
418718.3550595189
 31
0.0
100
AcDbText
  0
LWPOLYLINE
  5
85F
330
1F
100
AcDbEntity
  8
오수맨홀(2공구)
 62
     1
100
AcDbPolyline
 90
        3
 70
     0
 43
0.0
 10
176015.619092125
 20
418715.4288473485
 10
175991.7560029741
 20
418710.0616632284
 10
175971.2249254586
 20
418732.69710334
  0
TEXT
  5
860
330
1F
100
AcDbEntity
  8
오수맨홀좌표(2공구)
 62
     7
100
AcDbText
 10
175918.4041038157
 20
418829.533335254
 30
0.0
 40
3.6
  1
(H= 5.35m)
 50
317.7909532877367
 72
     1
 11
175927.7714644351
 21
418821.0368358125
 31
0.0
100
AcDbText
  0
TEXT
  5
861
330
1F
100
AcDbEntity
  8
오수맨홀(2공구)
100
AcDbText
 10
175925.1334434281
 20
418832.0654835162
 30
0.0
 40
3.6
  1
M2-96-1
 50
317.7909532877367
 72
     1
 11
175932.0689280964
 21
418825.774774318
 31
0.0
100
AcDbText
1001
Dream_TTE
1000
공구별 오수관로연장|2공구
1070
    41
1071
        8
  0
LWPOLYLINE
  5
862
330
1F
100
AcDbEntity
  8
오수맨홀(2공구)
 62
     1
100
AcDbPolyline
 90
        3
 70
     0
 43
0.0
 10
175894.6501050022
 20
418825.151637783
 10
175920.0325455035
 20
418835.247990167
 10
175942.6679857602
 20
418814.7169128117
  0
LWPOLYLINE
  5
863
330
1F
100
AcDbEntity
  8
오수맨홀(2공구)
 62
     1
100
AcDbPolyline
 90
        3
 70
     0
 43
0.0
 10
175881.9068906219
 20
418840.7603769261
 10
175900.4477247643
 20
418860.0336243669
 10
175923.083165021
 20
418839.5025470117
  0
TEXT
  5
864
330
1F
100
AcDbEntity
  8
오수맨홀좌표(2공구)
 62
     7
100
AcDbText
 10
175898.8192830764
 20
418854.3189694539
 30
0.0
 40
3.6
  1
(H= 5.28m)
 50
317.7909532877367
 72
     1
 11
175908.1866436959
 21
418845.8224700124
 31
0.0
100
AcDbText
  0
TEXT
  5
865
330
1F
100
AcDbEntity
  8
오수맨홀(2공구)
100
AcDbText
 10
175905.5486226888
 20
418856.8511177162
 30
0.0
 40
3.6
  1
M2-96-2
 50
317.7909532877367
 72
     1
 11
175912.4841073571
 21
418850.560408518
 31
0.0
100
AcDbText
1001
Dream_TTE
1000
공구별 오수관로연장|2공구
1070
    41
1071
        8
  0
TEXT
  5
866
330
1F
100
AcDbEntity
  8
오수맨홀(2공구)
100
AcDbText
 10
176732.2109509455
 20
418513.565052286
 30
0.0
 40
3.6
  1
M3-16-1
 50
317.7909528828025
 72
     1
 11
176739.1464355694
 21
418507.2743430388
 31
0.0
100
AcDbText
1001
Dream_TTE
1000
공구별 오수관로연장|2공구
1070
    80
1071
        8
  0
LWPOLYLINE
  5
867
330
1F
100
AcDbEntity
  8
오수맨홀(2공구)
 62
     1
100
AcDbPolyline
 90
        3
 70
     0
 43
0.0
 10
176703.8821771289
 20
418509.0846956626
 10
176727.1100529766
 20
418516.7475588878
 10
176749.7454932333
 20
418496.2164815326
  0
TEXT
  5
868
330
1F
100
AcDbEntity
  8
오수맨홀좌표(2공구)
 62
     7
100
AcDbText
 10
176724.9641328868
 20
418511.502273771
 30
0.0
 40
3.6
  1
(H = 6.39m)
 50
317.7909528828025
 72
     1
 11
176734.8489719082
 21
418502.5364045332
 31
0.0
100
AcDbText
  0
TEXT
  5
869
330
1F
100
AcDbEntity
  8
오수맨홀(2공구)
100
AcDbText
 10
176567.1337841114
 20
418330.5911704882
 30
0.0
 40
3.6
  1
M3-54-2
 50
317.7909528828025
 72
     1
 11
176574.0692687353
 21
418324.300461241
 31
0.0
100
AcDbText
1001
Dream_TTE
1000
공구별 오수관로연장|2공구
1070
    80
1071
        8
  0
LWPOLYLINE
  5
86A
330
1F
100
AcDbEntity
  8
오수맨홀(2공구)
 62
     1
100
AcDbPolyline
 90
        3
 70
     0
 43
0.0
 10
176538.8050102949
 20
418322.6223397787
 10
176562.0328861426
 20
418333.7736770901
 10
176584.6683263993
 20
418313.2425997349
  0
TEXT
  5
86B
330
1F
100
AcDbEntity
  8
오수맨홀좌표(2공구)
 62
     7
100
AcDbText
 10
176559.8869660528
 20
418328.5283919734
 30
0.0
 40
3.6
  1
(H = 6.34m)
 50
317.7909528828025
 72
     1
 11
176569.7718050742
 21
418319.5625227356
 31
0.0
100
AcDbText
  0
TEXT
  5
86C
330
1F
100
AcDbEntity
  8
오수맨홀(2공구)
100
AcDbText
 10
176580.6614919561
 20
418194.5958214893
 30
0.0
 40
3.6
  1
M2-79-1
 50
317.7909532877367
 72
     1
 11
176587.5969766244
 21
418188.3051122912
 31
0.0
100
AcDbText
1001
Dream_TTE
1000
공구별 오수관로연장|2공구
1070
    91
1071
        8
  0
TEXT
  5
86D
330
1F
100
AcDbEntity
  8
오수맨홀(2공구)
100
AcDbText
 10
176573.4146738448
 20
418192.5330429841
 30
0.0
 40
3.6
  1
(H = 2.34m)
 50
317.7909532877367
 72
     1
 11
176583.2995129295
 21
418183.5671738162
 31
0.0
100
AcDbText
  0
TEXT
  5
86E
330
1F
100
AcDbEntity
  8
오수맨홀(2공구)
100
AcDbText
 10
176575.627090701
 20
418285.7262764342
 30
0.0
 40
3.6
  1
(H = 2.34m)
 50
317.7909532877367
 72
     1
 11
176585.5119297857
 21
418276.7604072664
 31
0.0
100
AcDbText
  0
TEXT
  5
86F
330
1F
100
AcDbEntity
  8
오수맨홀(2공구)
 62
     7
100
AcDbText
 10
176582.8739087786
 20
418287.78905497
 30
0.0
 40
3.6
  1
M2-53-1
 50
317.7909532877367
 72
     1
 11
176589.8093934469
 21
418281.4983457719
 31
0.0
100
AcDbText
1001
Dream_TTE
1000
공구별 오수관로연장|2공구
1070
    83
1071
        8
  0
LWPOLYLINE
  5
870
330
1F
100
AcDbEntity
  8
오수맨홀(2공구)
 62
     1
100
AcDbPolyline
 90
        3
 70
     0
 43
0.0
 10
176554.5451350064
 20
418283.3086983957
 10
176577.773010854
 20
418290.971561621
 10
176600.4084511108
 20
418270.4404842656
  0
LWPOLYLINE
  5
871
330
1F
100
AcDbEntity
  8
오수맨홀(2공구)
 62
     1
100
AcDbPolyline
 90
        3
 70
     0
 43
0.0
 10
176552.5296223404
 20
418281.0866028321
 10
176548.9634040655
 20
418265.7160042281
 10
176571.5988441768
 20
418245.1849267124
  0
TEXT
  5
872
330
1F
100
AcDbEntity
  8
오수맨홀(2공구)
 62
     7
100
AcDbText
 10
176546.8174839124
 20
418260.4707190415
 30
0.0
 40
3.6
  1
(H = 3.99m)
 50
317.7909532877367
 72
     1
 11
176556.7023229971
 21
418251.5048498735
 31
0.0
100
AcDbText
  0
TEXT
  5
873
330
1F
100
AcDbEntity
  8
오수맨홀(2공구)
 62
     7
100
AcDbText
 10
176555.7204149694
 20
418261.0313494719
 30
0.0
 40
3.6
  1
M2-53
 50
317.7909532877367
 72
     1
 11
176560.9997866584
 21
418256.242788379
 31
0.0
100
AcDbText
1001
Dream_TTE
1000
공구별 오수관로연장|2공구
1070
    83
1071
        8
  0
TEXT
  5
874
330
1F
100
AcDbEntity
  8
오수맨홀좌표(2공구)
 62
     7
100
AcDbText
 10
176518.5966611584
 20
418238.7176595065
 30
0.0
 40
3.6
  1
(H = 5.39m)
 50
317.7909532877367
 72
     1
 11
176528.4815002431
 21
418229.7517903386
 31
0.0
100
AcDbText
  0
TEXT
  5
875
330
1F
100
AcDbEntity
  8
오수맨홀(2공구)
 62
     7
100
AcDbText
 10
176527.4995922154
 20
418239.2782899371
 30
0.0
 40
3.6
  1
M2-83
 50
317.7909532877367
 72
     1
 11
176532.7789639043
 21
418234.4897288441
 31
0.0
100
AcDbText
1001
Dream_TTE
1000
공구별 오수관로연장|2공구
1070
    83
1071
        8
  0
LWPOLYLINE
  5
876
330
1F
100
AcDbEntity
  8
오수맨홀(2공구)
 62
     1
100
AcDbPolyline
 90
        3
 70
     0
 43
0.0
 10
176573.1030909619
 20
418213.8230300667
 10
176596.3309668096
 20
418221.4858932918
 10
176618.9664070664
 20
418200.9548159366
  0
TEXT
  5
877
330
1F
100
AcDbEntity
  8
오수맨홀좌표(2공구)
 62
     7
100
AcDbText
 10
176594.1850466565
 20
418216.2406081054
 30
0.0
 40
3.6
  1
(H = 3.63m)
 50
317.7909532877367
 72
     1
 11
176604.0698857413
 21
418207.2747389375
 31
0.0
100
AcDbText
  0
TEXT
  5
878
330
1F
100
AcDbEntity
  8
오수맨홀(2공구)
 62
     7
100
AcDbText
 10
176603.0879777136
 20
418216.8012385358
 30
0.0
 40
3.6
  1
M2-79
 50
317.7909532877367
 72
     1
 11
176608.3673494025
 21
418212.0126774428
 31
0.0
100
AcDbText
1001
Dream_TTE
1000
공구별 오수관로연장|2공구
1070
    87
1071
        8
  0
TEXT
  5
879
330
1F
100
AcDbEntity
  8
오수맨홀좌표(2공구)
 62
     7
100
AcDbText
 10
176395.5852677605
 20
418099.0607563629
 30
0.0
 40
3.6
  1
(H = 5.17m)
 50
317.7909532877367
 72
     1
 11
176405.4701068452
 21
418090.094887195
 31
0.0
100
AcDbText
  0
TEXT
  5
87A
330
1F
100
AcDbEntity
  8
오수맨홀(2공구)
100
AcDbText
 10
176400.9018176901
 20
418102.2872344453
 30
0.0
 40
3.6
  1
M2-255-07
 50
317.7909532877367
 72
     1
 11
176409.9090351246
 21
418094.1173965357
 31
0.0
100
AcDbText
1001
Dream_TTE
1000
공구별 오수관로연장|2공구
1070
   118
1071
        8
  0
LWPOLYLINE
  5
87B
330
1F
100
AcDbEntity
  8
오수맨홀(2공구)
 62
     1
100
AcDbPolyline
 90
        3
 70
     0
 43
0.0
 10
176378.081169161
 20
418105.2201211522
 10
176397.8726525317
 20
418103.5906123846
 10
176420.5080927884
 20
418083.0595350294
  0
TEXT
  5
87C
330
1F
100
AcDbEntity
  8
오수맨홀(2공구)
100
AcDbText
 10
176175.6164094203
 20
417897.689092049
 30
0.0
 40
3.6
  1
M2-234-1
 50
47.79095231702146
 72
     1
 11
176182.8466831092
 21
417905.660442978
 31
0.0
100
AcDbText
1001
Dream_TTE
1000
공구별 오수관로연장|2공구
1070
   125
1071
        8
  0
TEXT
  5
87D
330
1F
100
AcDbEntity
  8
오수맨홀좌표(2공구)
 62
     7
100
AcDbText
 10
176178.6187522063
 20
417891.4781403036
 30
0.0
 40
3.6
  1
(H = 3.40m)
 50
47.79095231702146
 72
     1
 11
176187.5846215417
 21
417901.3629792364
 31
0.0
100
AcDbText
  0
LWPOLYLINE
  5
87E
330
1F
100
AcDbEntity
  8
오수맨홀(2공구)
 62
     1
100
AcDbPolyline
 90
        3
 70
     0
 43
0.0
 10
176150.0575166241
 20
417898.4949723954
 10
176173.920605722
 20
417893.1277880397
 10
176194.4516834611
 20
417915.7632279483
  0
TEXT
  5
87F
330
1F
100
AcDbEntity
  8
오수맨홀(2공구)
100
AcDbText
 10
176114.9252142464
 20
417830.777264699
 30
0.0
 40
3.6
  1
M2-233-1
 50
47.79095231702146
 72
     1
 11
176122.1554879353
 21
417838.7486156278
 31
0.0
100
AcDbText
1001
Dream_TTE
1000
공구별 오수관로연장|2공구
1070
   125
1071
        8
  0
TEXT
  5
880
330
1F
100
AcDbEntity
  8
오수맨홀좌표(2공구)
 62
     7
100
AcDbText
 10
176117.9275570325
 20
417824.5663129533
 30
0.0
 40
3.6
  1
(H = 2.50m)
 50
47.79095231702146
 72
     1
 11
176126.8934263679
 21
417834.4511518861
 31
0.0
100
AcDbText
  0
LWPOLYLINE
  5
881
330
1F
100
AcDbEntity
  8
오수맨홀(2공구)
 62
     1
100
AcDbPolyline
 90
        3
 70
     0
 43
0.0
 10
176089.3663214502
 20
417831.5831450452
 10
176113.2294105481
 20
417826.2159606895
 10
176133.7604882872
 20
417848.8514005979
  0
LWPOLYLINE
  5
882
330
1F
100
AcDbEntity
  8
오수맨홀(2공구)
 62
     1
100
AcDbPolyline
 90
        3
 70
     0
 43
0.0
 10
175797.9203189164
 20
417544.0537234307
 10
175794.759614549
 20
417520.5693906081
 10
175817.395054514
 20
417500.0383129314
  0
TEXT
  5
883
330
1F
100
AcDbEntity
  8
오수맨홀좌표(2공구)
 62
     7
100
AcDbText
 10
175792.613694396
 20
417515.3241054218
 30
0.0
 40
3.6
  1
(H = 4.86m)
 50
317.7909532877367
 72
     1
 11
175802.4985334807
 21
417506.3582362539
 31
0.0
100
AcDbText
  0
TEXT
  5
884
330
1F
100
AcDbEntity
  8
오수맨홀(2공구)
100
AcDbText
 10
175798.8246460905
 20
417518.3264483132
 30
0.0
 40
3.6
  1
M2-280-1
 50
317.7909532877367
 72
     1
 11
175806.7959971419
 21
417511.0961747593
 31
0.0
100
AcDbText
1001
Dream_TTE
1000
공구별 오수관로연장|2공구
1070
   169
1071
        8
  0
TEXT
  5
885
330
1F
100
AcDbEntity
  8
오수맨홀(2공구)
100
AcDbText
 10
176067.407756719
 20
418386.8652144325
 30
0.0
 40
3.6
  1
M2-263-2
 50
47.79095231702146
 72
     1
 11
176074.6380304079
 21
418394.8365653614
 31
0.0
100
AcDbText
1001
Dream_TTE
1000
공구별 오수관로연장|2공구
1070
    71
1071
        8
  0
TEXT
  5
886
330
1F
100
AcDbEntity
  8
오수맨홀좌표(2공구)
 62
     7
100
AcDbText
 10
176070.410099505
 20
418380.6542626868
 30
0.0
 40
3.6
  1
(H = 4.65m)
 50
47.79095231702146
 72
     1
 11
176079.3759688404
 21
418390.5391016197
 31
0.0
100
AcDbText
  0
LWPOLYLINE
  5
887
330
1F
100
AcDbEntity
  8
오수맨홀(2공구)
 62
     1
100
AcDbPolyline
 90
        3
 70
     0
 43
0.0
 10
176041.8488639227
 20
418387.6710947788
 10
176065.7119530207
 20
418382.3039104232
 10
176086.2430307598
 20
418404.9393503316
  0
TEXT
  5
888
330
1F
100
AcDbEntity
  8
오수맨홀좌표(2공구)
 62
     7
100
AcDbText
 10
176043.695179271
 20
418715.4778378989
 30
0.0
 40
3.6
  1
(H = 4.29m)
 50
317.7909532877367
 72
     1
 11
176053.5800183558
 21
418706.511968731
 31
0.0
100
AcDbText
  0
TEXT
  5
889
330
1F
100
AcDbEntity
  8
오수맨홀(2공구)
 62
     7
100
AcDbText
 10
176052.598110328
 20
418716.0384683294
 30
0.0
 40
3.6
  1
M2-93
 50
317.7909532877367
 72
     1
 11
176057.877482017
 21
418711.2499072365
 31
0.0
100
AcDbText
1001
Dream_TTE
1000
공구별 오수관로연장|2공구
1070
    16
1071
        8
  0
LWPOLYLINE
  5
88A
330
1F
100
AcDbEntity
  8
오수맨홀(2공구)
 62
     1
100
AcDbPolyline
 90
        3
 70
     0
 43
0.0
 10
176063.1093557298
 20
418676.3289565415
 10
176068.4765396809
 20
418700.1920457304
 10
176045.8410994241
 20
418720.7231230856
  0
TEXT
  5
88B
330
1F
100
AcDbEntity
  8
오수맨홀(2공구)
100
AcDbText
 10
175807.6684963328
 20
417314.3992674737
 30
0.0
 40
3.6
  1
M2-305
 50
317.7909528828025
 72
     1
 11
175813.9837343643
 21
417308.6711419805
 31
0.0
100
AcDbText
1001
Dream_TTE
1000
공구별 오수관로연장|2공구
1070
   184
1071
        8
  0
TEXT
  5
88C
330
1F
100
AcDbEntity
  8
오수맨홀좌표(2공구)
 62
     7
100
AcDbText
 10
175799.801431648
 20
417312.8990727433
 30
0.0
 40
3.6
  1
(H = 2.31m)
 50
317.7909528828025
 72
     1
 11
175809.6862706694
 21
417303.9332035055
 31
0.0
100
AcDbText
  0
LWPOLYLINE
  5
88D
330
1F
100
AcDbEntity
  8
오수맨홀(2공구)
 62
     1
100
AcDbPolyline
 90
        3
 70
     0
 43
0.0
 10
175806.818263458
 20
417341.460308395
 10
175801.4510793379
 20
417317.5972192439
 10
175824.0865194492
 20
417297.0661417283
  0
TEXT
  5
88E
330
1F
100
AcDbEntity
  8
오수맨홀(2공구)
100
AcDbText
 10
175832.6536137207
 20
417398.5078872544
 30
0.0
 40
3.6
  1
M2-304
 50
317.7909528828025
 72
     1
 11
175838.9688517522
 21
417392.7797617611
 31
0.0
100
AcDbText
1001
Dream_TTE
1000
공구별 오수관로연장|2공구
1070
   147
1071
        8
  0
TEXT
  5
88F
330
1F
100
AcDbEntity
  8
오수맨홀좌표(2공구)
 62
     7
100
AcDbText
 10
175824.7865490359
 20
417397.0076925239
 30
0.0
 40
3.6
  1
(H = 2.27m)
 50
317.7909528828025
 72
     1
 11
175834.6713880573
 21
417388.0418232861
 31
0.0
100
AcDbText
  0
LWPOLYLINE
  5
890
330
1F
100
AcDbEntity
  8
오수맨홀(2공구)
 62
     1
100
AcDbPolyline
 90
        3
 70
     0
 43
0.0
 10
175808.8397901528
 20
417400.3116022238
 10
175825.1926087187
 20
417402.8338136362
 10
175849.7788682022
 20
417380.533279748
  0
TEXT
  5
891
330
1F
100
AcDbEntity
  8
오수맨홀(2공구)
100
AcDbText
 10
175779.5219525341
 20
417339.9290945819
 30
0.0
 40
3.6
  1
M2-306
 50
317.7909528828025
 72
     1
 11
175785.8371905656
 21
417334.2009690886
 31
0.0
100
AcDbText
1001
Dream_TTE
1000
공구별 오수관로연장|2공구
1070
   184
1071
        8
  0
TEXT
  5
892
330
1F
100
AcDbEntity
  8
오수맨홀좌표(2공구)
 62
     7
100
AcDbText
 10
175771.6548878493
 20
417338.4288998514
 30
0.0
 40
3.6
  1
(H = 3.20m)
 50
317.7909528828025
 72
     1
 11
175781.5397268707
 21
417329.4630306136
 31
0.0
100
AcDbText
  0
LWPOLYLINE
  5
893
330
1F
100
AcDbEntity
  8
오수맨홀(2공구)
 62
     1
100
AcDbPolyline
 90
        3
 70
     0
 43
0.0
 10
175778.6717196593
 20
417366.9901355029
 10
175773.3045355392
 20
417343.1270463519
 10
175795.9399756505
 20
417322.5959688363
  0
TEXT
  5
894
330
1F
100
AcDbEntity
  8
오수맨홀(2공구)
100
AcDbText
 10
176658.1127296505
 20
418225.1500909993
 30
0.0
 40
3.6
  1
(H = 2.34m)
 50
317.7909532877367
 72
     1
 11
176667.9975687352
 21
418216.1842218314
 31
0.0
100
AcDbText
  0
TEXT
  5
895
330
1F
100
AcDbEntity
  8
오수맨홀(2공구)
 62
     7
100
AcDbText
 10
176665.3595477281
 20
418227.2128695349
 30
0.0
 40
3.6
  1
M2-50-1
 50
317.7909532877367
 72
     1
 11
176672.2950323964
 21
418220.9221603367
 31
0.0
100
AcDbText
1001
Dream_TTE
1000
공구별 오수관로연장|2공구
1070
    94
1071
        8
  0
LWPOLYLINE
  5
896
330
1F
100
AcDbEntity
  8
오수맨홀(2공구)
 62
     1
100
AcDbPolyline
 90
        3
 70
     0
 43
0.0
 10
176628.6891560589
 20
418215.9826421711
 10
176660.2586498035
 20
418230.3953761859
 10
176682.8940900603
 20
418209.8642988306
  0
TEXT
  5
897
330
1F
100
AcDbEntity
  8
오수맨홀좌표(2공구)
 62
     7
100
AcDbText
 10
175999.9783999906
 20
418755.2052870436
 30
0.0
 40
3.6
  1
H= 4.25m
 50
317.7909532877367
 72
     1
 11
176008.1052674174
 21
418747.833955101
 31
0.0
100
AcDbText
  0
TEXT
  5
898
330
1F
100
AcDbEntity
  8
오수맨홀(2공구)
 62
     7
100
AcDbText
 10
176007.1233593898
 20
418757.3604546997
 30
0.0
 40
3.6
  1
M2-94
 50
317.7909532877367
 72
     1
 11
176012.4027310787
 21
418752.5718936067
 31
0.0
100
AcDbText
1001
Dream_TTE
1000
공구별 오수관로연장|2공구
1070
    16
1071
        8
  0
LWPOLYLINE
  5
899
330
1F
100
AcDbEntity
  8
오수맨홀(2공구)
 62
     1
100
AcDbPolyline
 90
        3
 70
     0
 43
0.0
 10
176017.6346047915
 20
418717.6509429115
 10
176023.0017887425
 20
418741.5140321006
 10
176000.3663484858
 20
418762.0451094558
  0
TEXT
  5
89A
330
1F
100
AcDbEntity
  8
오수맨홀(2공구)
100
AcDbText
 10
176576.1907919185
 20
418169.285069769
 30
0.0
 40
3.6
  1
(H = 2.34m)
 50
317.7909532877367
 72
     1
 11
176586.0756310032
 21
418160.3192006011
 31
0.0
100
AcDbText
  0
TEXT
  5
89B
330
1F
100
AcDbEntity
  8
오수맨홀(2공구)
100
AcDbText
 10
176583.4376099961
 20
418171.3478483049
 30
0.0
 40
3.6
  1
M2-78-1
 50
317.7909532877367
 72
     1
 11
176590.3730946644
 21
418165.0571391067
 31
0.0
100
AcDbText
1001
Dream_TTE
1000
공구별 오수관로연장|2공구
1070
    83
1071
        8
  0
LWPOLYLINE
  5
89C
330
1F
100
AcDbEntity
  8
오수맨홀(2공구)
 62
     1
100
AcDbPolyline
 90
        3
 70
     0
 43
0.0
 10
176578.3367120716
 20
418174.5303549557
 10
176600.9721521828
 20
418153.9992774403
 10
176622.9593505609
 20
418164.626462408
  0
TEXT
  5
89D
330
1F
100
AcDbEntity
  8
오수맨홀(2공구)
 62
     7
100
AcDbText
 10
175949.6044240856
 20
418263.3569638621
 30
0.0
 40
3.6
  1
M2-265
 50
317.7909528828025
 72
     1
 11
175955.9196621171
 21
418257.6288383688
 31
0.0
100
AcDbText
1001
Dream_TTE
1000
공구별 오수관로연장|2공구
1070
    88
1071
        8
  0
TEXT
  5
89E
330
1F
100
AcDbEntity
  8
오수맨홀좌표(2공구)
 62
     7
100
AcDbText
 10
175941.7373594008
 20
418261.8567691316
 30
0.0
 40
3.6
  1
(H = 3.73m)
 50
317.7909528828025
 72
     1
 11
175951.6221984222
 21
418252.8908998938
 31
0.0
100
AcDbText
  0
LWPOLYLINE
  5
89F
330
1F
100
AcDbEntity
  8
오수맨홀(2공구)
 62
     1
100
AcDbPolyline
 90
        3
 70
     0
 43
0.0
 10
175946.3442144004
 20
418279.7029836115
 10
175943.3870070907
 20
418266.5549156322
 10
175966.022447202
 20
418246.0238381166
  0
TEXT
  5
8A0
330
1F
100
AcDbEntity
  8
오수맨홀(2공구)
 62
     7
100
AcDbText
 10
175750.7729637741
 20
417510.6470227997
 30
0.0
 40
3.6
  1
M2-310
 50
317.7909528828025
 72
     1
 11
175757.0882018056
 21
417504.9188973063
 31
0.0
100
AcDbText
1001
Dream_TTE
1000
공구별 오수관로연장|2공구
1070
   147
1071
        8
  0
LWPOLYLINE
  5
8A1
330
1F
100
AcDbEntity
  8
오수맨홀(2공구)
 62
     1
100
AcDbPolyline
 90
        3
 70
     0
 43
0.0
 10
175766.9785824852
 20
417476.1518070869
 10
175767.8982182557
 20
417492.6724152932
 10
175743.3119587721
 20
417514.9729491813
  0
TEXT
  5
8A2
330
1F
100
AcDbEntity
  8
오수맨홀(2공구)
 62
     7
100
AcDbText
 10
176061.3238293458
 20
418647.6084038112
 30
0.0
 40
3.6
  1
M2-93-1
 50
317.7909528828025
 72
     1
 11
176068.2593139697
 21
418641.3176945641
 31
0.0
100
AcDbText
1001
Dream_TTE
1000
공구별 오수관로연장|2공구
1070
    39
1071
        8
  0
TEXT
  5
8A3
330
1F
100
AcDbEntity
  8
오수맨홀(2공구)
 62
     7
100
AcDbText
 10
176054.5944897154
 20
418645.0762555968
 30
0.0
 40
3.6
  1
(H= 2.34m)
 50
317.7909528828025
 72
     1
 11
176063.9618502748
 21
418636.5797560891
 31
0.0
100
AcDbText
  0
LWPOLYLINE
  5
8A4
330
1F
100
AcDbEntity
  8
오수맨홀(2공구)
 62
     1
100
AcDbPolyline
 90
        3
 70
     0
 43
0.0
 10
176061.0938430634
 20
418674.1068609784
 10
176055.7266589433
 20
418650.2437718274
 10
176078.3620990546
 20
418629.7126943118
  0
TEXT
  5
8A5
330
1F
100
AcDbEntity
  8
오수맨홀(2공구)
 62
     7
100
AcDbText
 10
175223.2300546673
 20
417683.9942948855
 30
0.0
 40
3.6
  1
M2-459
 50
317.7909528828025
 72
     1
 11
175229.5452926988
 21
417678.2661693922
 31
0.0
100
AcDbText
1001
Dream_TTE
1000
공구별 오수관로연장|2공구
1070
   147
1071
        8
  0
TEXT
  5
8A6
330
1F
100
AcDbEntity
  8
오수맨홀좌표(2공구)
 62
     7
100
AcDbText
 10
175215.3629899825
 20
417682.4941001551
 30
0.0
 40
3.6
  1
(H = 5.05m)
 50
317.7909528828025
 72
     1
 11
175225.2478290039
 21
417673.5282309173
 31
0.0
100
AcDbText
  0
LWPOLYLINE
  5
8A7
330
1F
100
AcDbEntity
  8
오수맨홀(2공구)
 62
     1
100
AcDbPolyline
 90
        3
 70
     0
 43
0.0
 10
175226.6495878358
 20
417722.0333661384
 10
175217.1803406164
 20
417687.040149203
 10
175239.8157807277
 20
417666.5090716872
  0
TEXT
  5
8AB
330
1F
100
AcDbEntity
  8
오수맨홀좌표(2공구)
 62
     7
100
AcDbText
 10
175331.8995449662
 20
417589.4173368837
 30
0.0
 40
3.6
  1
(H = 5.21m)
 50
317.7909528828025
 72
     1
 11
175341.7843839876
 21
417580.4514676459
 31
0.0
100
AcDbText
  0
LWPOLYLINE
  5
8AC
330
1F
100
AcDbEntity
  8
오수맨홀(2공구)
 62
     1
100
AcDbPolyline
 90
        3
 70
     0
 43
0.0
 10
175342.1741459606
 20
417611.8485414085
 10
175333.5491926561
 20
417594.1154833842
 10
175356.1846327674
 20
417573.5844058686
  0
TEXT
  5
8AD
330
1F
100
AcDbEntity
  8
오수맨홀(2공구)
 62
     7
100
AcDbText
 10
175338.147525909
 20
417591.7252073203
 30
0.0
 40
3.6
  1
M2-140-1
 50
317.7909528828025
 72
     1
 11
175346.1188769093
 21
417584.49493371
 31
0.0
100
AcDbText
1001
Dream_TTE
1000
공구별 오수관로연장|2공구
1070
   158
1071
        8
  0
LWPOLYLINE
  5
94A
330
1F
100
AcDbEntity
  8
Osu_line
100
AcDbPolyline
 90
        2
 70
     0
 43
1.0
 10
174934.0436315649
 20
417780.3263164306
 10
174978.9255184786
 20
417837.7096186121
  0
LWPOLYLINE
  5
94B
330
1F
100
AcDbEntity
  8
Osu_line
100
AcDbPolyline
 90
        3
 70
     0
 10
175644.6891520493
 20
417947.1293476214
 40
1.0
 41
1.0
 10
175671.9410542538
 20
417926.461220273
 40
1.0
 41
1.0
 10
175682.6285428336
 20
417916.7673218813
 40
0.0
 41
0.0
  0
LWPOLYLINE
  5
94C
330
1F
100
AcDbEntity
  8
Osu_line
100
AcDbPolyline
 90
        2
 70
     0
 43
1.0
 10
176246.3779827009
 20
417949.5093265238
 10
176219.1260804964
 20
417970.1774538723
  0
LWPOLYLINE
  5
94D
330
1F
100
AcDbEntity
  8
Osu_line
100
AcDbPolyline
 90
        2
 70
     0
 43
1.0
 10
175589.5623555993
 20
417997.1311379818
 10
175644.6891520493
 20
417947.1293476214
  0
LWPOLYLINE
  5
94E
330
1F
100
AcDbEntity
  8
Osu_line
100
AcDbPolyline
 90
        2
 70
     0
 43
1.0
 10
175576.7638978454
 20
418012.7899846544
 10
175589.5623555993
 20
417997.1311379818
  0
LWPOLYLINE
  5
94F
330
1F
100
AcDbEntity
  8
Osu_line
100
AcDbPolyline
 90
        2
 70
     0
 43
1.0
 10
176344.0975473277
 20
417860.8745155204
 10
176295.9521434612
 20
417904.5439566268
  0
LWPOLYLINE
  5
950
330
1F
100
AcDbEntity
  8
Osu_line
100
AcDbPolyline
 90
        2
 70
     0
 43
1.0
 10
176295.9521434612
 20
417904.5439566268
 10
176246.3779827009
 20
417949.5093265238
  0
LWPOLYLINE
  5
951
330
1F
100
AcDbEntity
  8
Osu_line
100
AcDbPolyline
 90
        2
 70
     0
 43
1.0
 10
176169.7747918964
 20
417915.7678332864
 10
176219.1260804964
 20
417970.1774538723
  0
LWPOLYLINE
  5
952
330
1F
100
AcDbEntity
  8
Osu_line
100
AcDbPolyline
 90
        2
 70
     0
 43
1.0
 10
176219.1260804964
 20
417970.1774538723
 10
176163.999283917
 20
418020.17924435
  0
LWPOLYLINE
  5
953
330
1F
100
AcDbEntity
  8
Osu_line
100
AcDbPolyline
 90
        2
 70
     0
 43
1.0
 10
176163.999283917
 20
418020.17924435
 10
176151.2008261627
 20
418035.8380910226
  0
LWPOLYLINE
  5
954
330
1F
100
AcDbEntity
  8
Osu_line
100
AcDbPolyline
 90
        2
 70
     0
 43
1.0
 10
176151.2008261627
 20
418035.8380910226
 10
176095.648437086
 20
418086.2259076836
  0
LWPOLYLINE
  5
955
330
1F
100
AcDbEntity
  8
Osu_line
100
AcDbPolyline
 90
        2
 70
     0
 43
1.0
 10
176095.648437086
 20
418086.2259076836
 10
176040.0960480092
 20
418136.6137243446
  0
LWPOLYLINE
  5
956
330
1F
100
AcDbEntity
  8
Osu_line
100
AcDbPolyline
 90
        2
 70
     0
 43
1.0
 10
176040.0960480092
 20
418136.6137243446
 10
175988.2471515375
 20
418183.642353228
  0
LWPOLYLINE
  5
957
330
1F
100
AcDbEntity
  8
Osu_line
100
AcDbPolyline
 90
        2
 70
     0
 43
1.0
 10
175988.2471515375
 20
418183.642353228
 10
175937.4540595894
 20
418229.713333203
  0
LWPOLYLINE
  5
958
330
1F
100
AcDbEntity
  8
Osu_line
100
AcDbPolyline
 90
        2
 70
     0
 43
1.0
 10
175818.9035027873
 20
418099.0117649395
 10
175778.5932494659
 20
418054.5698536713
  0
LWPOLYLINE
  5
959
330
1F
100
AcDbEntity
  8
Osu_line
100
AcDbPolyline
 90
        2
 70
     0
 43
1.0
 10
175859.2137561085
 20
418143.4536762075
 10
175818.9035027873
 20
418099.0117649395
  0
LWPOLYLINE
  5
95A
330
1F
100
AcDbEntity
  8
Osu_line
100
AcDbPolyline
 90
        2
 70
     0
 43
1.0
 10
175937.4540595895
 20
418229.713333203
 10
175899.5240094298
 20
418187.8955874758
  0
LWPOLYLINE
  5
95B
330
1F
100
AcDbEntity
  8
Osu_line
100
AcDbPolyline
 90
        2
 70
     0
 43
1.0
 10
175899.5240094298
 20
418187.8955874758
 10
175859.2137561085
 20
418143.4536762075
  0
LWPOLYLINE
  5
95C
330
1F
100
AcDbEntity
  8
Osu_line
100
AcDbPolyline
 90
        2
 70
     0
 43
1.0
 10
175937.4540595894
 20
418229.713333203
 10
175889.3086557229
 20
418273.3827743091
  0
LWPOLYLINE
  5
95D
330
1F
100
AcDbEntity
  8
Osu_line
100
AcDbPolyline
 90
        2
 70
     0
 43
1.0
 10
175889.3086557229
 20
418273.3827743091
 10
175841.1632518563
 20
418317.0522154155
  0
LWPOLYLINE
  5
95E
330
1F
100
AcDbEntity
  8
Osu_line
100
AcDbPolyline
 90
        2
 70
     0
 43
1.0
 10
175841.1632518563
 20
418317.0522154155
 10
175793.0178479898
 20
418360.7216565214
  0
LWPOLYLINE
  5
95F
330
1F
100
AcDbEntity
  8
Osu_line
100
AcDbPolyline
 90
        2
 70
     0
 43
1.0
 10
175793.0178479898
 20
418360.7216565214
 10
175748.5759367283
 20
418401.0319098503
  0
LWPOLYLINE
  5
960
330
1F
100
AcDbEntity
  8
Osu_line
100
AcDbPolyline
 90
        2
 70
     0
 43
1.0
 10
175748.5759367283
 20
418401.0319098503
 10
175706.3561209143
 20
418439.3266506176
  0
LWPOLYLINE
  5
961
330
1F
100
AcDbEntity
  8
Osu_line
100
AcDbPolyline
 90
        2
 70
     0
 43
1.0
 10
175706.3561209143
 20
418439.3266506176
 10
175665.6177022579
 20
418476.2777161689
  0
LWPOLYLINE
  5
962
330
1F
100
AcDbEntity
  8
Osu_line
100
AcDbPolyline
 90
        2
 70
     0
 43
1.0
 10
175665.6177022579
 20
418476.2777161689
 10
175628.5827762068
 20
418509.8695939429
  0
LWPOLYLINE
  5
963
330
1F
100
AcDbEntity
  8
Osu_line
100
AcDbPolyline
 90
        2
 70
     0
 43
1.0
 10
175687.1066592547
 20
417304.3838846768
 10
175738.1940795768
 20
417258.0459393418
  0
LWPOLYLINE
  5
964
330
1F
100
AcDbEntity
  8
Osu_line
100
AcDbPolyline
 90
        2
 70
     0
 43
1.0
 10
175596.4514223886
 20
417386.5961847479
 10
175642.6647479907
 20
417344.6941380027
  0
LWPOLYLINE
  5
965
330
1F
100
AcDbEntity
  8
Osu_line
100
AcDbPolyline
 90
        2
 70
     0
 43
1.0
 10
175642.6647479907
 20
417344.6941380027
 10
175687.1066592547
 20
417304.3838846768
  0
LWPOLYLINE
  5
966
330
1F
100
AcDbEntity
  8
Osu_line
100
AcDbPolyline
 90
        2
 70
     0
 43
1.0
 10
174978.9255184786
 20
417837.7096186121
 10
174993.5834228051
 20
417851.5808446575
  0
LWPOLYLINE
  5
967
330
1F
100
AcDbEntity
  8
Osu_line
100
AcDbPolyline
 90
        2
 70
     0
 43
1.0
 10
174846.262998036
 20
417671.268791221
 10
174890.3562205549
 20
417725.6359379089
  0
LWPOLYLINE
  5
968
330
1F
100
AcDbEntity
  8
Osu_line
100
AcDbPolyline
 90
        3
 70
     0
 43
1.0
 10
174890.3562205549
 20
417725.6359379089
 10
174915.9567440135
 20
417757.2015013825
 10
174934.0436315649
 20
417780.3263164306
  0
LWPOLYLINE
  5
969
330
1F
100
AcDbEntity
  8
Osu_line
100
AcDbPolyline
 90
        2
 70
     0
 43
1.0
 10
174558.2117526186
 20
417255.261530694
 42
-0.0648575449350376
 10
174582.4862395619
 20
417326.0030167759
 42
-0.0648575449350376
  0
LWPOLYLINE
  5
96A
330
1F
100
AcDbEntity
  8
Osu_line
100
AcDbPolyline
 90
        3
 70
     0
 43
1.0
 10
174582.4862395619
 20
417326.0030167759
 42
-0.0509613781442356
 10
174613.8478681983
 20
417375.8126174617
 10
174623.7283975624
 20
417388.4452726649
  0
LWPOLYLINE
  5
96B
330
1F
100
AcDbEntity
  8
Osu_line
100
AcDbPolyline
 90
        3
 70
     0
 43
1.0
 10
174623.7283975624
 20
417388.4452726649
 10
174657.0571997572
 20
417431.0574901839
 10
174669.9344144909
 20
417447.5215284672
  0
LWPOLYLINE
  5
96C
330
1F
100
AcDbEntity
  8
Osu_line
100
AcDbPolyline
 90
        3
 70
     0
 43
1.0
 10
174669.9344144909
 20
417447.5215284672
 10
174675.6360844605
 20
417454.8113434307
 10
174716.1404314194
 20
417506.5977842693
  0
LWPOLYLINE
  5
96D
330
1F
100
AcDbEntity
  8
Osu_line
100
AcDbPolyline
 90
        2
 70
     0
 43
1.0
 10
174716.1404314194
 20
417506.5977842693
 10
174762.3464483479
 20
417565.6740400714
  0
LWPOLYLINE
  5
96E
330
1F
100
AcDbEntity
  8
Osu_line
100
AcDbPolyline
 90
        2
 70
     0
 43
1.0
 10
174762.3464483479
 20
417565.6740400714
 10
174805.4720593561
 20
417620.8118726935
  0
LWPOLYLINE
  5
96F
330
1F
100
AcDbEntity
  8
Osu_line
100
AcDbPolyline
 90
        3
 70
     0
 43
1.0
 10
174805.4720593561
 20
417620.8118726935
 10
174809.0187929854
 20
417625.3465146532
 10
174846.262998036
 20
417671.268791221
  0
LWPOLYLINE
  5
970
330
1F
100
AcDbEntity
  8
Osu_line
100
AcDbPolyline
 90
        2
 70
     0
 43
1.0
 10
175988.6385507309
 20
417579.1279064362
 10
175940.493147019
 20
417622.7973474015
  0
LWPOLYLINE
  5
971
330
1F
100
AcDbEntity
  8
Osu_line
100
AcDbPolyline
 90
        2
 70
     0
 43
1.0
 10
176019.2760204678
 20
417611.4171530701
 10
175970.3899182387
 20
417655.7584315882
  0
LWPOLYLINE
  5
972
330
1F
100
AcDbEntity
  8
Osu_line
100
AcDbPolyline
 90
        2
 70
     0
 43
1.0
 10
175528.6184939789
 20
418056.4594257607
 10
175576.7638978454
 20
418012.7899846544
  0
LWPOLYLINE
  5
973
330
1F
100
AcDbEntity
  8
Osu_line
100
AcDbPolyline
 90
        2
 70
     0
 43
1.0
 10
174824.9222099945
 20
417686.2588052556
 42
-0.0031054684185362
 10
174846.2645922283
 20
417671.2707568673
  0
LWPOLYLINE
  5
974
330
1F
100
AcDbEntity
  8
Osu_line
100
AcDbPolyline
 90
        2
 70
     0
 43
1.0
 10
175520.0452174533
 20
418064.2356653236
 10
175528.6184939789
 20
418056.4594257607
  0
LWPOLYLINE
  5
975
330
1F
100
AcDbEntity
  8
Osu_line
100
AcDbPolyline
 90
        2
 70
     0
 43
1.0
 10
175706.3561209143
 20
418439.3266506176
 10
175705.6842833588
 20
418438.5859520967
  0
LWPOLYLINE
  5
976
330
1F
100
AcDbEntity
  8
Osu_line
100
AcDbPolyline
 90
        2
 70
     0
 43
1.0
 10
175628.5827762068
 20
418509.8695939429
 10
175592.6588979372
 20
418542.4537153837
  0
LWPOLYLINE
  5
977
330
1F
100
AcDbEntity
  8
Osu_line
100
AcDbPolyline
 90
        2
 70
     0
 43
1.0
 10
174993.5834228051
 20
417851.5808446575
 10
175021.3644930453
 20
417887.1000631695
  0
LWPOLYLINE
  5
978
330
1F
100
AcDbEntity
  8
Osu_line
100
AcDbPolyline
 90
        2
 70
     0
 43
1.0
 10
176072.6063139815
 20
417563.0448490755
 10
176019.2760204678
 20
417611.4171530701
  0
LWPOLYLINE
  5
979
330
1F
100
AcDbEntity
  8
Osu_line
100
AcDbPolyline
 90
        2
 70
     0
 43
1.0
 10
176042.7095427657
 20
417530.0837648862
 10
175988.6385507309
 20
417579.1279064362
  0
LWPOLYLINE
  5
97A
330
1F
100
AcDbEntity
  8
Osu_line
100
AcDbPolyline
 90
        2
 70
     0
 43
1.0
 10
176804.1403246291
 20
418574.9652961628
 10
176748.5879355511
 20
418625.3531128225
  0
LWPOLYLINE
  5
97B
330
1F
100
AcDbEntity
  8
Osu_line
100
AcDbPolyline
 90
        2
 70
     0
 43
1.0
 10
176748.5879355511
 20
418625.3531128225
 10
176693.0355464731
 20
418675.7409294822
  0
LWPOLYLINE
  5
97C
330
1F
100
AcDbEntity
  8
Osu_line
100
AcDbPolyline
 90
        2
 70
     0
 43
1.0
 10
176693.0355464731
 20
418675.7409294822
 10
176637.4831573951
 20
418726.1287461418
  0
LWPOLYLINE
  5
97D
330
1F
100
AcDbEntity
  8
Osu_line
100
AcDbPolyline
 90
        2
 70
     0
 43
1.0
 10
176530.0818718442
 20
418823.5451916837
 10
176478.2329753513
 20
418870.5738205842
  0
LWPOLYLINE
  5
97E
330
1F
100
AcDbEntity
  8
Osu_line
100
AcDbPolyline
 90
        2
 70
     0
 43
1.0
 10
176637.4831573951
 20
418726.1287461418
 10
176581.930768317
 20
418776.5165628014
  0
LWPOLYLINE
  5
97F
330
1F
100
AcDbEntity
  8
Osu_line
100
AcDbPolyline
 90
        2
 70
     0
 43
1.0
 10
176581.930768317
 20
418776.5165628014
 10
176530.0818718442
 20
418823.5451916837
  0
LWPOLYLINE
  5
980
330
1F
100
AcDbEntity
  8
Osu_line
100
AcDbPolyline
 90
        2
 70
     0
 43
1.0
 10
176422.6805862733
 20
418920.961637244
 10
176367.1281971953
 20
418971.3494539035
  0
LWPOLYLINE
  5
981
330
1F
100
AcDbEntity
  8
Osu_line
100
AcDbPolyline
 90
        2
 70
     0
 43
1.0
 10
176478.2329753513
 20
418870.5738205842
 10
176422.6805862733
 20
418920.961637244
  0
LWPOLYLINE
  5
982
330
1F
100
AcDbEntity
  8
Osu_line
100
AcDbPolyline
 90
        2
 70
     0
 43
1.0
 10
176367.1281971953
 20
418971.3494539035
 10
176318.2420947935
 20
419015.690732576
  0
LWPOLYLINE
  5
983
330
1F
100
AcDbEntity
  8
Osu_line
100
AcDbPolyline
 90
        2
 70
     0
 43
1.0
 10
176262.689705715
 20
419066.0785492361
 10
176207.137316637
 20
419116.4663658958
  0
LWPOLYLINE
  5
984
330
1F
100
AcDbEntity
  8
Osu_line
100
AcDbPolyline
 90
        2
 70
     0
 43
1.0
 10
176318.2420947935
 20
419015.690732576
 10
176262.689705715
 20
419066.0785492361
  0
LWPOLYLINE
  5
985
330
1F
100
AcDbEntity
  8
Osu_line
100
AcDbPolyline
 90
        2
 70
     0
 43
1.0
 10
176573.1030909619
 20
418213.8230300667
 10
176520.1431467941
 20
418261.859415206
  0
LWPOLYLINE
  5
986
330
1F
100
AcDbEntity
  8
Osu_line
100
AcDbPolyline
 90
        2
 70
     0
 43
1.0
 10
176624.9519874336
 20
418166.7944011831
 10
176573.1030909619
 20
418213.8230300667
  0
LWPOLYLINE
  5
987
330
1F
100
AcDbEntity
  8
Osu_line
100
AcDbPolyline
 90
        2
 70
     0
 43
1.0
 10
176486.0252421564
 20
418224.2445463915
 10
176520.1431467941
 20
418261.859415206
  0
LWPOLYLINE
  5
988
330
1F
100
AcDbEntity
  8
Osu_line
100
AcDbPolyline
 90
        2
 70
     0
 43
1.0
 10
176405.4047355138
 20
418135.3607238551
 10
176445.7149888351
 20
418179.8026351231
  0
LWPOLYLINE
  5
989
330
1F
100
AcDbEntity
  8
Osu_line
100
AcDbPolyline
 90
        2
 70
     0
 43
1.0
 10
176445.7149888351
 20
418179.8026351231
 10
176486.0252421564
 20
418224.2445463915
  0
LWPOLYLINE
  5
98A
330
1F
100
AcDbEntity
  8
Osu_line
100
AcDbPolyline
 90
        2
 70
     0
 43
1.0
 10
176289.266970114
 20
418702.427756494
 10
176245.597529016
 20
418654.2823526197
  0
LWPOLYLINE
  5
98B
330
1F
100
AcDbEntity
  8
Osu_line
100
AcDbPolyline
 90
        2
 70
     0
 43
1.0
 10
176245.597529016
 20
418654.2823526197
 10
176198.4230894614
 20
418602.2727003828
  0
LWPOLYLINE
  5
98C
330
1F
100
AcDbEntity
  8
Osu_line
100
AcDbPolyline
 90
        2
 70
     0
 43
1.0
 10
176691.7630005212
 20
418630.317515123
 10
176704.5614582756
 20
418614.6586684507
  0
LWPOLYLINE
  5
98D
330
1F
100
AcDbEntity
  8
Osu_line
100
AcDbPolyline
 90
        2
 70
     0
 43
1.0
 10
176704.5614582756
 20
418614.6586684507
 10
176758.9475562368
 20
418565.3287156195
  0
LWPOLYLINE
  5
98E
330
1F
100
AcDbEntity
  8
Osu_line
100
AcDbPolyline
 90
        2
 70
     0
 43
1.0
 10
176636.210611443
 20
418680.7053317823
 10
176691.7630005212
 20
418630.317515123
  0
LWPOLYLINE
  5
98F
330
1F
100
AcDbEntity
  8
Osu_line
100
AcDbPolyline
 90
        2
 70
     0
 43
1.0
 10
176580.6582223648
 20
418731.0931484418
 10
176636.210611443
 20
418680.7053317823
  0
LWPOLYLINE
  5
990
330
1F
100
AcDbEntity
  8
Osu_line
100
AcDbPolyline
 90
        2
 70
     0
 43
1.0
 10
176525.1058332866
 20
418781.4809651014
 10
176580.6582223648
 20
418731.0931484418
  0
LWPOLYLINE
  5
991
330
1F
100
AcDbEntity
  8
Osu_line
100
AcDbPolyline
 90
        2
 70
     0
 43
1.0
 10
176469.5534442084
 20
418831.8687817607
 10
176525.1058332866
 20
418781.4809651014
  0
LWPOLYLINE
  5
992
330
1F
100
AcDbEntity
  8
Osu_line
100
AcDbPolyline
 90
        2
 70
     0
 43
1.0
 10
176312.8142381527
 20
418974.0363196314
 10
176362.1521586571
 20
418929.2852273021
  0
LWPOLYLINE
  5
993
330
1F
100
AcDbEntity
  8
Osu_line
100
AcDbPolyline
 90
        2
 70
     0
 43
1.0
 10
176362.1521586571
 20
418929.2852273021
 10
176414.0010551302
 20
418882.2565984202
  0
LWPOLYLINE
  5
994
330
1F
100
AcDbEntity
  8
Osu_line
100
AcDbPolyline
 90
        2
 70
     0
 43
1.0
 10
176264.6688342849
 20
419017.7057607363
 10
176312.8142381527
 20
418974.0363196314
  0
LWPOLYLINE
  5
995
330
1F
100
AcDbEntity
  8
Osu_line
100
AcDbPolyline
 90
        2
 70
     0
 43
1.0
 10
176220.2269230224
 20
419058.016014064
 10
176264.6688342849
 20
419017.7057607363
  0
LWPOLYLINE
  5
996
330
1F
100
AcDbEntity
  8
Osu_line
100
AcDbPolyline
 90
        2
 70
     0
 43
1.0
 10
176175.7850117598
 20
419098.3262673912
 10
176220.2269230224
 20
419058.016014064
  0
LWPOLYLINE
  5
997
330
1F
100
AcDbEntity
  8
Osu_line
100
AcDbPolyline
 90
        2
 70
     0
 43
1.0
 10
175835.2394362486
 20
418380.4786169317
 10
175779.6870471717
 20
418430.8664335929
  0
LWPOLYLINE
  5
998
330
1F
100
AcDbEntity
  8
Osu_line
100
AcDbPolyline
 90
        2
 70
     0
 43
1.0
 10
175946.3442144022
 20
418279.7029836099
 10
175890.7918253254
 20
418330.0908002709
  0
LWPOLYLINE
  5
999
330
1F
100
AcDbEntity
  8
Osu_line
100
AcDbPolyline
 90
        2
 70
     0
 43
1.0
 10
175890.7918253254
 20
418330.0908002709
 10
175835.2394362486
 20
418380.4786169317
  0
LWPOLYLINE
  5
99A
330
1F
100
AcDbEntity
  8
Osu_line
100
AcDbPolyline
 90
        2
 70
     0
 43
1.0
 10
176365.9499264525
 20
417899.1070085302
 10
176310.3975373757
 20
417949.4948251913
  0
LWPOLYLINE
  5
99B
330
1F
100
AcDbEntity
  8
Osu_line
100
AcDbPolyline
 90
        2
 70
     0
 43
1.0
 10
176111.0206639068
 20
418681.5495319962
 10
176113.0361724307
 20
418683.7716313166
  0
LWPOLYLINE
  5
99C
330
1F
100
AcDbEntity
  8
Osu_line
100
AcDbPolyline
 90
        2
 70
     0
 43
1.0
 10
176192.2382785594
 20
418611.9327550937
 10
176190.222765893
 20
418609.7106595306
  0
LWPOLYLINE
  5
99D
330
1F
100
AcDbEntity
  8
Osu_line
100
AcDbPolyline
 90
        2
 70
     0
 43
1.0
 10
176310.3975373757
 20
417949.4948251913
 10
176272.2515635416
 20
417984.0944592996
  0
LWPOLYLINE
  5
99E
330
1F
100
AcDbEntity
  8
Osu_line
100
AcDbPolyline
 90
        2
 70
     0
 43
1.0
 10
175779.6870471717
 20
418430.8664335929
 10
175735.2451357999
 20
418471.1766870218
  0
LWPOLYLINE
  5
99F
330
1F
100
AcDbEntity
  8
Osu_line
100
AcDbPolyline
 90
        2
 70
     0
 43
1.0
 10
176141.3366635054
 20
418654.0519381924
 10
176111.0206639068
 20
418681.5495319962
  0
LWPOLYLINE
  5
9A0
330
1F
100
AcDbEntity
  8
Osu_line
100
AcDbPolyline
 90
        3
 70
     0
 10
176111.0206639068
 20
418681.5495319962
 40
1.0
 41
1.0
 10
176089.4877670338
 20
418701.0805670759
 40
1.0
 41
1.0
 10
176088.0590094489
 20
418702.3764964938
 40
0.0
 41
0.0
  0
LWPOLYLINE
  5
9A1
330
1F
100
AcDbEntity
  8
Osu_line
100
AcDbPolyline
 90
        2
 70
     0
 43
1.0
 10
176789.4799619653
 20
418541.6850653385
 10
176758.9475562368
 20
418565.3287156195
  0
LWPOLYLINE
  5
9A2
330
1F
100
AcDbEntity
  8
Osu_line
100
AcDbPolyline
 90
        2
 70
     0
 43
1.0
 10
176207.137316637
 20
419116.4663658958
 10
176153.8445556459
 20
419164.8046266739
  0
LWPOLYLINE
  5
9A3
330
1F
100
AcDbEntity
  8
Osu_line
100
AcDbPolyline
 90
        2
 70
     0
 43
1.0
 10
175941.348062829
 20
418835.4480781717
 10
175895.8477435495
 20
418876.7183418629
  0
LWPOLYLINE
  5
9A4
330
1F
100
AcDbEntity
  8
Osu_line
100
AcDbPolyline
 90
        2
 70
     0
 43
1.0
 10
176379.5132291529
 20
417886.8046535614
 10
176365.9499264525
 20
417899.1070085302
  0
LWPOLYLINE
  5
9A5
330
1F
100
AcDbEntity
  8
Osu_line
100
AcDbPolyline
 90
        2
 70
     0
 43
1.0
 10
176630.8775753814
 20
418161.419700939
 10
176624.9519874336
 20
418166.7944011831
  0
LWPOLYLINE
  5
9A6
330
1F
100
AcDbEntity
  8
Osu_line
100
AcDbPolyline
 90
        2
 70
     0
 43
1.0
 10
176655.0637273759
 20
418188.0848476986
 10
176626.7126148651
 20
418213.800225256
  0
LWPOLYLINE
  5
9A7
330
1F
100
AcDbEntity
  8
Osu_line
100
AcDbPolyline
 90
        3
 70
     0
 10
176127.9684240755
 20
418519.1596055192
 40
1.0
 41
1.0
 42
-0.0298460130355569
 10
176166.3390112622
 20
418566.9001180277
 40
1.0
 41
1.0
 10
176174.2369374566
 20
418575.6075536327
 40
0.0
 41
0.0
  0
LWPOLYLINE
  5
9A8
330
1F
100
AcDbEntity
  8
Osu_line
100
AcDbPolyline
 90
        3
 70
     0
 43
1.0
 10
176127.9684240755
 20
418519.1596055192
 42
0.0135808975043032
 10
176112.44737717
 20
418495.9874177497
 42
-0.0008831314845412
 10
176092.6629041744
 20
418464.5952316407
 42
-0.0008823947690438
  0
LWPOLYLINE
  5
9A9
330
1F
100
AcDbEntity
  8
Osu_line
100
AcDbPolyline
 90
        2
 70
     0
 43
1.0
 10
176092.6629041744
 20
418464.5952316407
 42
-0.001546993058941
 10
176057.7393833874
 20
418409.7743030254
  0
LWPOLYLINE
  5
9AA
330
1F
100
AcDbEntity
  8
Osu_line
100
AcDbPolyline
 90
        2
 70
     0
 43
1.0
 10
176289.266970114
 20
418702.427756494
 10
176339.6547867577
 20
418757.9801455862
  0
LWPOLYLINE
  5
9AB
330
1F
100
AcDbEntity
  8
Osu_line
100
AcDbPolyline
 90
        2
 70
     0
 43
1.0
 10
176339.6547867577
 20
418757.9801455862
 10
176390.0426034015
 20
418813.5325346785
  0
LWPOLYLINE
  5
9AC
330
1F
100
AcDbEntity
  8
Osu_line
100
AcDbPolyline
 90
        2
 70
     0
 43
1.0
 10
176390.0426034015
 20
418813.5325346785
 10
176435.055719611
 20
418863.1593356098
  0
LWPOLYLINE
  5
9AD
330
1F
100
AcDbEntity
  8
Osu_line
100
AcDbPolyline
 90
        2
 70
     0
 43
1.0
 10
176414.0010551302
 20
418882.2565984202
 10
176435.0557196085
 20
418863.159335607
  0
LWPOLYLINE
  5
9AE
330
1F
100
AcDbEntity
  8
Osu_line
100
AcDbPolyline
 90
        2
 70
     0
 43
1.0
 10
176435.0557196085
 20
418863.159335607
 10
176469.5534442084
 20
418831.8687817607
  0
LWPOLYLINE
  5
9AF
330
1F
100
AcDbEntity
  8
Osu_line
100
AcDbPolyline
 90
        2
 70
     0
 43
1.0
 10
176198.4230894485
 20
418602.2727003943
 10
176190.222765893
 20
418609.7106595306
  0
LWPOLYLINE
  5
9B0
330
1F
100
AcDbEntity
  8
Osu_line
100
AcDbPolyline
 90
        2
 70
     0
 43
1.0
 10
176190.222765893
 20
418609.7106595306
 10
176141.3366635054
 20
418654.0519381924
  0
LWPOLYLINE
  5
9B1
330
1F
100
AcDbEntity
  8
Osu_line
100
AcDbPolyline
 90
        2
 70
     0
 43
1.0
 10
176624.9748632269
 20
418166.8485579714
 10
176622.9593505609
 20
418164.626462408
  0
LWPOLYLINE
  5
9B2
330
1F
100
AcDbEntity
  8
Osu_line
100
AcDbPolyline
 90
        2
 70
     0
 43
1.0
 10
176573.1030909619
 20
418213.8230300667
 10
176571.0875782959
 20
418211.6009345032
  0
LWPOLYLINE
  5
9B3
330
1F
100
AcDbEntity
  8
Osu_line
100
AcDbPolyline
 90
        3
 70
     0
 43
1.0
 10
175738.1940795768
 20
417258.0459393418
 10
175738.1940795768
 20
417258.0459393418
 10
175754.7234583873
 20
417237.6529494457
  0
LWPOLYLINE
  5
9B4
330
1F
100
AcDbEntity
  8
Osu_line
100
AcDbPolyline
 90
        2
 70
     0
 43
1.0
 10
175754.7234583873
 20
417237.6529494457
 10
175767.2004232219
 20
417226.3359381175
  0
LWPOLYLINE
  5
9B5
330
1F
100
AcDbEntity
  8
Osu_line
100
AcDbPolyline
 90
        2
 70
     0
 43
1.0
 10
176132.1364161574
 20
419137.9169577134
 10
176175.7850117598
 20
419098.3262673912
  0
LWPOLYLINE
  5
A1F
330
1F
100
AcDbEntity
  8
Osu_line
100
AcDbPolyline
 90
        2
 70
     0
 43
1.0
 10
175384.50296039
 20
417655.8096293025
 10
175434.8907770416
 20
417711.3620183876
  0
LWPOLYLINE
  5
A20
330
1F
100
AcDbEntity
  8
Osu_line
  6
HIDDEN
 48
10.0
100
AcDbPolyline
 90
        6
 70
     0
 43
0.2
 10
176051.391066788
 20
417281.0558841315
 10
176016.5958642272
 20
417329.8481700245
 42
0.0401229329854213
 10
175963.764140791
 20
417392.6121770864
 10
175951.5533681871
 20
417408.6717141813
 42
0.0038416330911303
 10
175945.7327631971
 20
417414.0332785385
 10
175941.1874535059
 20
417418.1560216858
  0
LWPOLYLINE
  5
A21
330
1F
100
AcDbEntity
  8
Osu_line
100
AcDbPolyline
 90
        2
 70
     0
 43
1.0
 10
175778.6717196593
 20
417366.9901355029
 10
175808.9044096558
 20
417400.321568949
  0
LWPOLYLINE
  5
A22
330
1F
100
AcDbEntity
  8
Osu_line
100
AcDbPolyline
 90
        4
 70
     0
 43
1.0
 10
175915.624791786
 20
418806.1269173391
 10
175894.6501050022
 20
418825.151637783
 10
175881.9068906219
 20
418840.7603769261
 10
175870.9208930314
 20
418850.7250326614
  0
LWPOLYLINE
  5
A23
330
1F
100
AcDbEntity
  8
Osu_line
100
AcDbPolyline
 90
        2
 70
     0
 43
1.0
 10
176271.2572990394
 20
418535.8722374754
 10
176218.2829186649
 20
418583.9217167198
  0
LWPOLYLINE
  5
A24
330
1F
100
AcDbEntity
  8
Osu_line
100
AcDbPolyline
 90
        2
 70
     0
 43
1.0
 10
176218.2829186649
 20
418583.9217167198
 10
176198.2551520048
 20
418602.0875499329
  0
LWPOLYLINE
  5
A25
330
1F
100
AcDbEntity
  8
Osu_line
100
AcDbPolyline
 90
        2
 70
     0
 43
1.0
 10
176194.4037747861
 20
418557.6531339695
 10
176174.2369374566
 20
418575.6075536327
  0
LWPOLYLINE
  5
A26
330
1F
100
AcDbEntity
  8
Osu_line
100
AcDbPolyline
 90
        4
 70
     0
 43
1.0
 10
176279.0625780235
 20
418484.915089333
 10
176264.042561783
 20
418498.5387312486
 10
176247.2130688586
 20
418509.7533933492
 10
176225.1981679405
 20
418529.7216217128
  0
LWPOLYLINE
  5
A27
330
1F
100
AcDbEntity
  8
Osu_line
100
AcDbPolyline
 90
        2
 70
     0
 43
1.0
 10
176225.1981679405
 20
418529.7216217128
 10
176194.4037747861
 20
418557.6531339695
  0
LWPOLYLINE
  5
A28
330
1F
100
AcDbEntity
  8
Osu_line
100
AcDbPolyline
 90
        3
 70
     0
 43
1.0
 10
176713.9288478179
 20
418517.2961491057
 10
176719.4832758146
 20
418521.8359542125
 10
176758.9246625891
 20
418565.2744993451
  0
LWPOLYLINE
  5
A29
330
1F
100
AcDbEntity
  8
Osu_line
100
AcDbPolyline
 90
        2
 70
     0
 43
1.0
 10
176524.1624416045
 20
418306.4789596679
 10
176552.5296223404
 20
418281.0866028321
  0
LWPOLYLINE
  5
A2A
330
1F
100
AcDbEntity
  8
Osu_line
100
AcDbPolyline
 90
        2
 70
     0
 43
1.0
 10
176552.5296223404
 20
418281.0866028321
 10
176582.2561303126
 20
418254.1236970318
  0
LWPOLYLINE
  5
A2B
330
1F
100
AcDbEntity
  8
Osu_line
100
AcDbPolyline
 90
        3
 70
     0
 43
1.0
 10
176582.2561303126
 20
418254.1236970318
 10
176604.4914976957
 20
418233.9554984412
 10
176626.7270204849
 20
418213.7871588925
  0
LWPOLYLINE
  5
A2C
330
1F
100
AcDbEntity
  8
Osu_line
100
AcDbPolyline
 90
        2
 70
     0
 43
1.0
 10
176470.7795079221
 20
418354.8990100081
 10
176524.1624416045
 20
418306.4789596679
  0
LWPOLYLINE
  5
A2D
330
1F
100
AcDbEntity
  8
Osu_line
100
AcDbPolyline
 90
        2
 70
     0
 43
1.0
 10
176447.4075828895
 20
418328.1705232481
 10
176500.3122841517
 20
418280.1842452191
  0
LWPOLYLINE
  5
A2E
330
1F
100
AcDbEntity
  8
Osu_line
100
AcDbPolyline
 90
        2
 70
     0
 43
1.0
 10
176500.3122841517
 20
418280.1842452191
 10
176520.1202837667
 20
418261.8052463893
  0
LWPOLYLINE
  5
A2F
330
1F
100
AcDbEntity
  8
Osu_line
100
AcDbPolyline
 90
        2
 70
     0
 43
0.2
 10
175941.5579323657
 20
417417.8199853574
 10
175940.4467608892
 20
417418.8278538859
  0
LWPOLYLINE
  5
A30
330
1F
100
AcDbEntity
  8
Osu_line
100
AcDbPolyline
 90
        4
 70
     0
 43
1.0
 10
175888.5978644174
 20
417465.8564827693
 10
175899.2218053634
 20
417456.2202241403
 10
175916.4902347684
 20
417440.5571992131
 10
175940.4467608892
 20
417418.8278538859
  0
LWPOLYLINE
  5
A31
330
1F
100
AcDbEntity
  8
Osu_line
100
AcDbPolyline
 90
        2
 70
     0
 43
1.0
 10
175355.0344791873
 20
417882.3119118977
 10
175377.6257337849
 20
417861.8209120736
  0
LWPOLYLINE
  5
A32
330
1F
100
AcDbEntity
  8
Osu_line
100
AcDbPolyline
 90
        2
 70
     0
 43
1.0
 10
175481.9005093784
 20
417763.190081501
 10
175434.8907770534
 20
417711.3620184007
  0
LWPOLYLINE
  5
A33
330
1F
100
AcDbEntity
  8
Osu_line
100
AcDbPolyline
 90
        2
 70
     0
 43
1.0
 10
175740.1553965658
 20
417401.9256883879
 10
175789.0414989535
 20
417357.5844097261
  0
LWPOLYLINE
  5
A34
330
1F
100
AcDbEntity
  8
Osu_line
100
AcDbPolyline
 90
        2
 70
     0
 43
1.0
 10
175789.0414989535
 20
417357.5844097261
 10
175806.818263458
 20
417341.460308395
  0
LWPOLYLINE
  5
A35
330
1F
100
AcDbEntity
  8
Osu_line
100
AcDbPolyline
 90
        2
 70
     0
 43
1.0
 10
175740.1553965658
 20
417401.9256883879
 10
175705.9661183217
 20
417364.232130438
  0
LWPOLYLINE
  5
A36
330
1F
100
AcDbEntity
  8
Osu_line
100
AcDbPolyline
 90
        2
 70
     0
 43
1.0
 10
175836.955545081
 20
417508.6475086488
 10
175789.1995381157
 20
417455.9966804227
  0
LWPOLYLINE
  5
A37
330
1F
100
AcDbEntity
  8
Osu_line
100
AcDbPolyline
 90
        2
 70
     0
 43
1.0
 10
175789.1995381157
 20
417455.9966804227
 10
175740.1553965658
 20
417401.9256883879
  0
LWPOLYLINE
  5
A38
330
1F
100
AcDbEntity
  8
Osu_line
100
AcDbPolyline
 90
        2
 70
     0
 43
1.0
 10
175869.9502036937
 20
417545.0240026939
 10
175836.955545081
 20
417508.6475086488
  0
LWPOLYLINE
  5
A39
330
1F
100
AcDbEntity
  8
Osu_line
100
AcDbPolyline
 90
        2
 70
     0
 43
1.0
 10
175903.5420815386
 20
417582.0589288234
 10
175869.9502036937
 20
417545.0240026939
  0
LWPOLYLINE
  5
A3A
330
1F
100
AcDbEntity
  8
Osu_line
100
AcDbPolyline
 90
        2
 70
     0
 43
1.0
 10
175970.3899182387
 20
417655.7584315882
 10
175940.493147019
 20
417622.7973474015
  0
LWPOLYLINE
  5
A3B
330
1F
100
AcDbEntity
  8
Osu_line
100
AcDbPolyline
 90
        2
 70
     0
 43
1.0
 10
175940.493147019
 20
417622.7973474015
 10
175903.5420815386
 20
417582.0589288234
  0
LWPOLYLINE
  5
A3C
330
1F
100
AcDbEntity
  8
Osu_line
100
AcDbPolyline
 90
        4
 70
     0
 43
1.0
 10
175836.955545081
 20
417508.6475086488
 10
175852.7367597487
 20
417494.3334356707
 10
175869.5662428358
 20
417483.1187801242
 10
175888.5978644174
 20
417465.8564827693
  0
LWPOLYLINE
  5
A3D
330
1F
100
AcDbEntity
  8
Osu_line
  6
HIDDEN
 48
10.0
100
AcDbPolyline
 90
        2
 70
     0
 43
0.2
 10
175217.3042975908
 20
417730.4648753993
 42
0.0255595413087084
 10
175028.4260938281
 20
417883.2927204402
  0
LWPOLYLINE
  5
A3E
330
1F
100
AcDbEntity
  8
Osu_line
100
AcDbPolyline
 90
        2
 70
     0
 43
1.0
 10
175596.4514223886
 20
417386.5961847479
 10
175583.6057654274
 20
417402.3127794037
  0
LWPOLYLINE
  5
A3F
330
1F
100
AcDbEntity
  8
Osu_line
100
AcDbPolyline
 90
        2
 70
     0
 43
1.0
 10
175583.6057654274
 20
417402.3127794037
 10
175530.2584482899
 20
417450.7005243705
  0
LWPOLYLINE
  5
A40
330
1F
100
AcDbEntity
  8
Osu_line
100
AcDbPolyline
 90
        2
 70
     0
 43
1.0
 10
175530.2584482899
 20
417450.7005243705
 10
175474.7060592373
 20
417501.088341003
  0
LWPOLYLINE
  5
A41
330
1F
100
AcDbEntity
  8
Osu_line
100
AcDbPolyline
 90
        2
 70
     0
 43
1.0
 10
175474.7060592373
 20
417501.088341003
 10
175419.1536701739
 20
417551.4761576454
  0
LWPOLYLINE
  5
A42
330
1F
100
AcDbEntity
  8
Osu_line
100
AcDbPolyline
 90
        2
 70
     0
 43
1.0
 10
175419.1536701739
 20
417551.4761576454
 10
175366.1351703961
 20
417599.5656546143
  0
LWPOLYLINE
  5
A43
330
1F
100
AcDbEntity
  8
Osu_line
100
AcDbPolyline
 90
        3
 70
     0
 43
1.0
 10
175366.1351703955
 20
417599.5656546136
 10
175342.1741459606
 20
417611.8485414085
 10
175306.5656749217
 20
417644.1465782676
  0
LWPOLYLINE
  5
A44
330
1F
100
AcDbEntity
  8
Osu_line
100
AcDbPolyline
 90
        2
 70
     0
 43
1.0
 10
175306.5656749217
 20
417644.1465782676
 10
175257.1459112917
 20
417688.9719049588
  0
LWPOLYLINE
  5
A45
330
1F
100
AcDbEntity
  8
Osu_line
100
AcDbPolyline
 90
        4
 70
     0
 43
1.0
 10
176027.1267444769
 20
418373.9498810203
 42
-0.0111771635145613
 10
176012.9671544831
 20
418357.6199038156
 10
176007.4378641623
 20
418351.5238808544
 10
175997.0907698788
 20
418340.1162461177
  0
LWPOLYLINE
  5
A46
330
1F
100
AcDbEntity
  8
Osu_line
100
AcDbPolyline
 90
        3
 70
     0
 10
175997.0907698788
 20
418340.1162461177
 40
1.0
 41
1.0
 10
175978.6637081212
 20
418319.8004759083
 40
1.0
 41
1.0
 10
175966.8560182761
 20
418306.7825397471
 40
0.0
 41
0.0
  0
LWPOLYLINE
  5
A47
330
1F
100
AcDbEntity
  8
Osu_line
100
AcDbPolyline
 90
        2
 70
     0
 43
1.0
 10
176524.2058802609
 20
418306.4401272722
 10
176538.8050102949
 20
418322.6223397787
  0
LWPOLYLINE
  5
A48
330
1F
100
AcDbEntity
  8
Osu_line
100
AcDbPolyline
 90
        2
 70
     0
 43
1.0
 10
176538.8050102949
 20
418322.6223397787
 10
176550.0196658215
 20
418339.451822842
  0
LWPOLYLINE
  5
A49
330
1F
100
AcDbEntity
  8
Osu_line
100
AcDbPolyline
 90
        2
 70
     0
 43
1.0
 10
176703.8821771289
 20
418509.0846956626
 10
176713.9288478179
 20
418517.2961491057
  0
LWPOLYLINE
  5
A4A
330
1F
100
AcDbEntity
  8
Osu_line
100
AcDbPolyline
 90
        3
 70
     0
 43
1.0
 10
176550.0196658215
 20
418339.451822842
 10
176562.4185969671
 20
418353.1216004393
 10
176590.3299191428
 20
418383.89373411
  0
LWPOLYLINE
  5
A4B
330
1F
100
AcDbEntity
  8
Osu_line
100
AcDbPolyline
 90
        3
 70
     0
 10
176663.5719238075
 20
418464.6427843944
 40
1.0
 41
1.0
 10
176668.8337166514
 20
418470.443892336
 40
1.0
 41
1.0
 10
176703.8821771289
 20
418509.0846956626
 40
0.0
 41
0.0
  0
LWPOLYLINE
  5
A4C
330
1F
100
AcDbEntity
  8
Osu_line
100
AcDbPolyline
 90
        3
 70
     0
 43
1.0
 10
176590.3299191428
 20
418383.89373411
 10
176602.7288497985
 20
418397.5635111674
 10
176623.2616704862
 20
418420.2008731261
  0
LWPOLYLINE
  5
A4D
330
1F
100
AcDbEntity
  8
Osu_line
100
AcDbPolyline
 90
        3
 70
     0
 10
176623.2616704862
 20
418420.2008731261
 40
1.0
 41
1.0
 10
176625.1642755532
 20
418422.2984884621
 40
1.0
 41
1.0
 10
176663.5719238075
 20
418464.6427843944
 40
0.0
 41
0.0
  0
LWPOLYLINE
  5
A4E
330
1F
100
AcDbEntity
  8
Osu_line
100
AcDbPolyline
 90
        4
 70
     0
 10
176075.7175341459
 20
417812.0700403264
 40
1.0
 41
1.0
 10
176078.1516659067
 20
417814.7536619564
 40
1.0
 41
1.0
 10
176089.3663214502
 20
417831.5831450452
 40
1.0
 41
1.0
 10
176120.5240674582
 20
417865.9344494731
 40
0.0
 41
0.0
  0
LWPOLYLINE
  5
A4F
330
1F
100
AcDbEntity
  8
Osu_line
100
AcDbPolyline
 90
        5
 70
     0
 10
176120.5240674582
 20
417865.9344494731
 40
1.0
 41
1.0
 10
176120.5240674582
 20
417865.9344494731
 40
1.0
 41
1.0
 10
176150.0575166241
 20
417898.4949723954
 40
1.0
 41
1.0
 10
176165.7163632947
 20
417911.2934301522
 40
1.0
 41
1.0
 10
176169.7747918964
 20
417915.7678332864
 40
0.0
 41
0.0
  0
LWPOLYLINE
  5
A50
330
1F
100
AcDbEntity
  8
Osu_line
100
AcDbPolyline
 90
        4
 70
     0
 10
176286.8418646703
 20
418000.184254835
 40
1.0
 41
1.0
 10
176300.3167157894
 20
418015.0402303858
 40
1.0
 41
1.0
 10
176300.3308832406
 20
418015.05180988
 40
1.0
 41
1.0
 10
176324.9908115277
 20
418042.2392933065
 40
0.0
 41
0.0
  0
LWPOLYLINE
  5
A51
330
1F
100
AcDbEntity
  8
Osu_line
100
AcDbPolyline
 90
        2
 70
     0
 10
176324.9908115277
 20
418042.2392933065
 40
1.0
 41
1.0
 10
176366.95798004
 20
418088.5079474414
 40
0.0
 41
0.0
  0
LWPOLYLINE
  5
A52
330
1F
100
AcDbEntity
  8
Osu_line
100
AcDbPolyline
 90
        4
 70
     0
 10
176366.95798004
 20
418088.5079474414
 40
1.0
 41
1.0
 10
176366.95798004
 20
418088.5079474414
 40
1.0
 41
1.0
 10
176378.081169161
 20
418105.2201211522
 40
1.0
 41
1.0
 10
176405.404596927
 20
418135.3608445252
 40
0.0
 41
0.0
  0
LWPOLYLINE
  5
A53
330
1F
100
AcDbEntity
  8
Osu_line
100
AcDbPolyline
 90
        4
 70
     0
 10
175430.9996565207
 20
417809.3588041121
 40
1.0
 41
1.0
 10
175473.7001858234
 20
417770.6280406368
 40
1.0
 41
1.0
 10
175479.6784138157
 20
417765.205594167
 40
1.0
 41
1.0
 10
175481.9005093784
 20
417763.190081501
 40
0.0
 41
0.0
  0
LWPOLYLINE
  5
A54
330
1F
100
AcDbEntity
  8
Osu_line
100
AcDbPolyline
 90
        3
 70
     0
 43
1.0
 10
176057.7393833685
 20
418409.7743029975
 42
-0.013962946719919
 10
176041.8905129044
 20
418387.7099121911
 10
176041.8488639227
 20
418387.6710947788
  0
LWPOLYLINE
  5
A55
330
1F
100
AcDbEntity
  8
Osu_line
100
AcDbPolyline
 90
        3
 70
     0
 43
1.0
 10
176041.8488639227
 20
418387.6710947788
 10
176027.1185399611
 20
418373.9422343008
 10
176027.0458785881
 20
418373.8584240745
  0
LWPOLYLINE
  5
A56
330
1F
100
AcDbEntity
  8
Osu_line
100
AcDbPolyline
 90
        4
 70
     0
 43
1.0
 10
175966.8560182761
 20
418306.7825397471
 10
175966.8516881187
 20
418306.7777657639
 10
175955.6370325749
 20
418289.948282675
 10
175955.5997499116
 20
418289.907178671
  0
LWPOLYLINE
  5
A57
330
1F
100
AcDbEntity
  8
Osu_line
100
AcDbPolyline
 90
        2
 70
     0
 10
175955.5997499116
 20
418289.907178671
 40
1.0
 41
1.0
 10
175946.3442144004
 20
418279.7029836115
 40
0.0
 41
0.0
  0
LWPOLYLINE
  5
A58
330
1F
100
AcDbEntity
  8
Osu_line
100
AcDbPolyline
 90
        5
 70
     0
 10
175781.4030433832
 20
417559.0352011396
 40
1.0
 41
1.0
 42
-0.0002023033330884
 10
175781.7100401261
 20
417558.7569714688
 40
1.0
 41
1.0
 10
175797.9203189164
 20
417544.0537234306
 40
1.0
 41
1.0
 10
175834.7334495181
 20
417510.663021315
 40
1.0
 41
1.0
 10
175836.955545081
 20
417508.6475086488
 40
0.0
 41
0.0
  0
LWPOLYLINE
  5
A59
330
1F
100
AcDbEntity
  8
Osu_line
100
AcDbPolyline
 90
        7
 70
     0
 10
175724.3496380431
 20
417607.3904906385
 40
1.0
 41
1.0
 42
-0.0118759187597405
 10
175744.3431902473
 20
417593.2980958882
 40
1.0
 41
1.0
 10
175758.3063483964
 20
417578.7364368559
 40
0.0
 41
0.0
 10
175758.3063483964
 20
417578.7364368559
 40
1.0
 41
1.0
 10
175758.3063483964
 20
417578.7364368559
 40
1.0
 41
1.0
 42
-0.0133563723009073
 10
175779.1659608854
 20
417561.0490737044
 40
1.0
 41
1.0
 42
-0.0014697395360956
 10
175781.4030433832
 20
417559.0352011396
 40
0.0
 41
0.0
  0
LWPOLYLINE
  5
A5A
330
1F
100
AcDbEntity
  8
Osu_line
100
AcDbPolyline
 90
        2
 70
     0
 43
1.0
 10
175556.4325991482
 20
417703.2516807592
 42
0.0224868186855904
 10
175592.7458235335
 20
417679.1162853842
 42
133057107185.2717
  0
LWPOLYLINE
  5
A5B
330
1F
100
AcDbEntity
  8
Osu_line
100
AcDbPolyline
 90
        2
 70
     0
 43
1.0
 10
176174.2369374566
 20
418575.6075536327
 10
176118.6845483798
 20
418625.9953702935
  0
LWPOLYLINE
  5
A5C
330
1F
100
AcDbEntity
  8
Osu_line
100
AcDbPolyline
 90
        2
 70
     0
 43
1.0
 10
176063.132159303
 20
418676.3831869547
 10
176118.6845483798
 20
418625.9953702935
  0
LWPOLYLINE
  5
A5D
330
1F
100
AcDbEntity
  8
Osu_line
100
AcDbPolyline
 90
        2
 70
     0
 43
1.0
 10
176063.132159303
 20
418676.3831869547
 10
176017.6346047915
 20
418717.6509429115
  0
LWPOLYLINE
  5
A5E
330
1F
100
AcDbEntity
  8
Osu_line
100
AcDbPolyline
 90
        2
 70
     0
 43
1.0
 10
176017.6346047915
 20
418717.6509429115
 10
176015.619092125
 20
418715.4288473485
  0
LWPOLYLINE
  5
A5F
330
1F
100
AcDbEntity
  8
Osu_line
100
AcDbPolyline
 90
        2
 70
     0
 43
1.0
 10
176063.1093557298
 20
418676.3289565415
 10
176061.0938430634
 20
418674.1068609784
  0
LWPOLYLINE
  5
A60
330
1F
100
AcDbEntity
  8
Osu_line
100
AcDbPolyline
 90
        2
 70
     0
 43
1.0
 10
175766.9785824852
 20
417476.1518070869
 10
175789.1995381157
 20
417455.9966804227
  0
LWPOLYLINE
  5
A61
330
1F
100
AcDbEntity
  8
Osu_line
100
AcDbPolyline
 90
        2
 70
     0
 43
1.0
 10
176174.2369374566
 20
418575.6075536327
 10
176198.2551520048
 20
418602.0875499329
  0
LWPOLYLINE
  5
A62
330
1F
100
AcDbEntity
  8
Osu_line
100
AcDbPolyline
 90
        2
 70
     0
 43
0.0
 10
175383.762261869
 20
417656.4814668577
 10
175384.50296039
 20
417655.8096293025
  0
LWPOLYLINE
  5
A63
330
1F
100
AcDbEntity
  8
Osu_line
100
AcDbPolyline
 90
        3
 70
     0
 10
175377.6257337849
 20
417861.8209120736
 40
1.0
 41
1.0
 10
175418.2011985984
 20
417825.0176509906
 40
1.0
 41
1.0
 10
175430.9996565207
 20
417809.3588041121
 40
0.0
 41
0.0
  0
LWPOLYLINE
  5
A64
330
1F
100
AcDbEntity
  8
Osu_line
100
AcDbPolyline
 90
        8
 70
     0
 43
1.0
 10
175724.3496380431
 20
417607.3904906385
 42
0.0027717212773498
 10
175719.588373681
 20
417610.5418487877
 42
0.0112498598072263
 10
175699.9146615072
 20
417622.7842494014
 42
0.0029061210755531
 10
175694.7443518635
 20
417625.8019944419
 42
0.0064742166674778
 10
175683.1023062792
 20
417632.3074076851
 10
175683.1023062792
 20
417632.3074076851
 42
0.0099367648471017
 10
175664.9168563049
 20
417641.6997849642
 10
175659.2412976171
 20
417644.4896407285
  0
LWPOLYLINE
  5
A65
330
1F
100
AcDbEntity
  8
Osu_line
100
AcDbPolyline
 90
        8
 70
     0
 10
175592.7458235335
 20
417679.1162853842
 40
1.0
 41
1.0
 42
0.0087332792438816
 10
175607.4125577781
 20
417670.637280553
 40
1.0
 41
1.0
 42
0.006279006019009
 10
175618.1362141247
 20
417664.8601814007
 40
1.0
 41
1.0
 10
175618.1362141247
 20
417664.8601814007
 40
1.0
 41
1.0
 42
0.0061795325860835
 10
175628.8283726481
 20
417659.439300965
 40
1.0
 41
1.0
 10
175642.0074792094
 20
417652.9610301144
 40
1.0
 41
1.0
 10
175655.4237474044
 20
417646.3661810045
 40
1.0
 41
1.0
 10
175659.2412976177
 20
417644.4896407295
 40
0.0
 41
0.0
  0
LWPOLYLINE
  5
A66
330
1F
100
AcDbEntity
  8
Osu_line
100
AcDbPolyline
 90
        2
 70
     0
 43
1.0
 10
176500.3122841517
 20
418280.1842452191
 10
176524.1795701797
 20
418306.4636273408
  0
LWPOLYLINE
  5
A67
330
1F
100
AcDbEntity
  8
Osu_line
100
AcDbPolyline
 90
        2
 70
     0
 43
1.0
 10
176272.2515635416
 20
417984.0944592996
 10
176286.843875113
 20
418000.1824312975
  0
LWPOLYLINE
  5
A68
330
1F
100
AcDbEntity
  8
Osu_line
100
AcDbPolyline
 90
        2
 70
     0
 43
1.0
 10
176626.6897373692
 20
418213.7460543898
 10
176628.6891560589
 20
418215.9826421711
  0
LWPOLYLINE
  5
A69
330
1F
100
AcDbEntity
  8
Osu_line
100
AcDbPolyline
 90
        2
 70
     0
 43
1.0
 10
176552.5296223404
 20
418281.0866028321
 10
176554.5451350064
 20
418283.3086983957
  0
LWPOLYLINE
  5
A6A
330
1F
100
AcDbEntity
  8
Osu_line
100
AcDbPolyline
 90
        3
 70
     0
 43
1.0
 10
175481.9005093784
 20
417763.190081501
 10
175509.8931101035
 20
417741.8501165979
 10
175509.8931101035
 20
417741.8501165979
  0
LWPOLYLINE
  5
A6B
330
1F
100
AcDbEntity
  8
Osu_line
100
AcDbPolyline
 90
        3
 70
     0
 43
1.0
 10
175509.8931101036
 20
417741.8501165979
 10
175516.9405710958
 20
417735.4578411565
 42
0.0262527850281448
 10
175556.3808424409
 20
417703.2895469971
 42
0.0262527850281448
  0
LWPOLYLINE
  5
A6C
330
1F
100
AcDbEntity
  8
Osu_line
100
AcDbPolyline
 90
        2
 70
     0
 43
1.0
 10
175236.8953741252
 20
417733.6662985257
 10
175226.6495878358
 20
417722.0333661384
  0
LWPOLYLINE
  5
A6D
330
1F
100
AcDbEntity
  8
Osu_line
100
AcDbPolyline
 90
        4
 70
     0
 43
1.0
 10
175257.1459112917
 20
417688.9719049588
 10
175226.6477808509
 20
417722.035005132
 10
175226.6495878357
 20
417722.0333661383
 42
0.0000238017350565
 10
175226.4818848918
 20
417722.185463591
 42
0.0000238017350565
  0
LWPOLYLINE
  5
A6E
330
1F
100
AcDbEntity
  8
Osu_line
100
AcDbPolyline
 90
        2
 70
     0
 43
1.0
 10
175226.4818848918
 20
417722.185463591
 42
0.0012994439505766
 10
175217.3042975908
 20
417730.4648753993
  0
TEXT
  5
C1C
330
1F
100
AcDbEntity
  8
오수원형관로명(2공구)
 62
     7
100
AcDbText
 10
175617.1755556629
 20
418531.1624682616
 30
0.0
 40
3.999999999999998
  1
E53
 50
317.7909528816821
 41
0.8
 72
     1
 11
175620.1213733007
 21
418528.4905162265
 31
0.0
100
AcDbText
1001
Dream_TTE
1000
공구별 오수관로연장|Sheet4
1070
    54
1071
        2
  0
TEXT
  5
C1D
330
1F
100
AcDbEntity
  8
오수원형관로연장(2공구)
 62
     7
100
AcDbText
 10
176006.3204646699
 20
417568.4522056404
 30
0.0
 40
3.999999999999998
  1
D300mm L=73.00m
 50
317.7909528816821
 41
0.7
 72
     1
 11
176019.0832155436
 21
417556.8759771146
 31
0.0
100
AcDbText
1001
Dream_TTE
1000
통합 문서1|2공구
1070
   175
1071
        2
  0
TEXT
  5
C1E
330
1F
100
AcDbEntity
  8
오수원형관로명(2공구)
 62
     7
100
AcDbText
 10
176273.7896950573
 20
417935.839994544
 30
0.0
 40
3.999999999999998
  1
E38
 50
317.7909528816821
 41
0.8
 72
     1
 11
176276.7355126951
 21
417933.1680425089
 31
0.0
100
AcDbText
1001
Dream_TTE
1000
공구별 오수관로연장|Sheet4
1070
   133
1071
        2
  0
TEXT
  5
C1F
330
1F
100
AcDbEntity
  8
오수원형관로연장(2공구)
 62
     7
100
AcDbText
 10
176261.0707824818
 20
417941.5448491098
 30
0.0
 40
3.999999999999998
  1
D400mm L=66.93m
 50
317.7909528816821
 41
0.7
 72
     1
 11
176273.8335333555
 21
417929.968620584
 31
0.0
100
AcDbText
1001
Dream_TTE
1000
통합 문서1|2공구
1070
   134
1071
        2
  0
TEXT
  5
C20
330
1F
100
AcDbEntity
  8
오수원형관로명(2공구)
 62
     7
100
AcDbText
 10
176322.6494773707
 20
417891.5225890421
 30
0.0
 40
3.999999999999998
  1
E37
 50
317.7909528816821
 41
0.8
 72
     1
 11
176325.5952950085
 21
417888.850637007
 31
0.0
100
AcDbText
1001
Dream_TTE
1000
공구별 오수관로연장|Sheet4
1070
   136
1071
        2
  0
TEXT
  5
C21
330
1F
100
AcDbEntity
  8
오수원형관로연장(2공구)
 62
     7
100
AcDbText
 10
176221.4232361333
 20
417973.4202544954
 30
0.0
 40
3.999999999999998
  1
D400mm L=34.20m
 50
322.8229401093408
 41
0.7
 72
     1
 11
176235.1521707516
 21
417963.0080870461
 31
0.0
100
AcDbText
1001
Dream_TTE
1000
통합 문서1|2공구
1070
   132
1071
        2
  0
TEXT
  5
C22
330
1F
100
AcDbEntity
  8
오수원형관로연장(2공구)
 62
     7
100
AcDbText
 10
176309.9305647952
 20
417897.2274436083
 30
0.0
 40
3.999999999999998
  1
D400mm L=65.00m
 50
317.7909528816821
 41
0.7
 72
     1
 11
176322.6933156689
 21
417885.6512150825
 31
0.0
100
AcDbText
1001
Dream_TTE
1000
통합 문서1|2공구
1070
   139
1071
        2
  0
TEXT
  5
C23
330
1F
100
AcDbEntity
  8
오수원형관로명(2공구)
 62
     7
100
AcDbText
 10
176234.5935121211
 20
417968.8529869177
 30
0.0
 40
3.999999999999998
  1
E39
 50
322.8229401093408
 41
0.8
 72
     1
 11
176237.7623381953
 21
417966.4497161163
 31
0.0
100
AcDbText
1001
Dream_TTE
1000
공구별 오수관로연장|Sheet4
1070
   130
1071
        2
  0
TEXT
  5
C24
330
1F
100
AcDbEntity
  8
오수원형관로연장(2공구)
 62
     7
100
AcDbText
 10
176125.9711730144
 20
417876.6142109412
 30
0.0
 40
3.999999999999998
  1
D300mm L=70.22m
 50
47.79095289110395
 41
0.7
 72
     1
 11
176137.5474015381
 21
417889.3769618169
 31
0.0
100
AcDbText
1001
Dream_TTE
1000
통합 문서1|2공구
1070
   141
1071
        2
  0
TEXT
  5
C25
330
1F
100
AcDbEntity
  8
오수원형관로연장(2공구)
 62
     7
100
AcDbText
 10
176081.8829746443
 20
417828.8096124616
 30
0.0
 40
3.999999999999998
  1
D300mm L=70.22m
 50
47.79095289110395
 41
0.7
 72
     1
 11
176093.459203168
 21
417841.5723633372
 31
0.0
100
AcDbText
1001
Dream_TTE
1000
통합 문서1|2공구
1070
   146
1071
        2
  0
TEXT
  5
C26
330
1F
100
AcDbEntity
  8
오수원형관로연장(2공구)
 62
     7
100
AcDbText
 10
176179.9322286632
 20
417932.8783629776
 30
0.0
 40
3.999999999999998
  1
D300mm L=73.46m
 50
47.79095289110395
 41
0.7
 72
     1
 11
176191.5084571869
 21
417945.6411138533
 31
0.0
100
AcDbText
1001
Dream_TTE
1000
통합 문서1|2공구
1070
   136
1071
        2
  0
TEXT
  5
C27
330
1F
100
AcDbEntity
  8
오수원형관로연장(2공구)
 62
     7
100
AcDbText
 10
176181.4684016073
 20
418009.6965566458
 30
0.0
 40
3.999999999999998
  1
D400mm L=74.43m
 50
317.7909528816821
 41
0.7
 72
     1
 11
176194.231152481
 21
417998.12032812
 31
0.0
100
AcDbText
1001
Dream_TTE
1000
통합 문서1|2공구
1070
   125
1071
        2
  0
TEXT
  5
C28
330
1F
100
AcDbEntity
  8
오수원형관로연장(2공구)
 62
     7
100
AcDbText
 10
176113.3303510251
 20
418075.550206888
 30
0.0
 40
3.999999999999998
  1
D400mm L=75.00m
 50
317.7909528816821
 41
0.7
 72
     1
 11
176126.0931018988
 21
418063.9739783622
 31
0.0
100
AcDbText
1001
Dream_TTE
1000
통합 문서1|2공구
1070
   115
1071
        2
  0
TEXT
  5
C29
330
1F
100
AcDbEntity
  8
오수원형관로연장(2공구)
 62
     7
100
AcDbText
 10
176057.7779619482
 20
418125.9380235488
 30
0.0
 40
3.999999999999998
  1
D400mm L=75.00m
 50
317.7909528816821
 41
0.7
 72
     1
 11
176070.5407128219
 21
418114.361795023
 31
0.0
100
AcDbText
1001
Dream_TTE
1000
통합 문서1|2공구
1070
   111
1071
        2
  0
TEXT
  5
C2A
330
1F
100
AcDbEntity
  8
오수원형관로연장(2공구)
 62
     7
100
AcDbText
 10
176004.0773191741
 20
418174.6462463212
 30
0.0
 40
3.999999999999998
  1
D400mm L=70.00m
 50
317.7909528816821
 41
0.7
 72
     1
 11
176016.8400700478
 21
418163.0700177954
 31
0.0
100
AcDbText
1001
Dream_TTE
1000
통합 문서1|2공구
1070
   107
1071
        2
  0
TEXT
  5
C2B
330
1F
100
AcDbEntity
  8
오수원형관로연장(2공구)
 62
     7
100
AcDbText
 10
175824.5404219147
 20
418111.1384399719
 30
0.0
 40
3.999999999999998
  1
D300mm L=60.00m
 50
47.79095289110395
 41
0.7
 72
     1
 11
175836.1166504385
 21
418123.9011908475
 31
0.0
100
AcDbText
1001
Dream_TTE
1000
통합 문서1|2공구
1070
   112
1071
        2
  0
TEXT
  5
C2C
330
1F
100
AcDbEntity
  8
오수원형관로연장(2공구)
 62
     7
100
AcDbText
 10
175784.2301685934
 20
418066.6965287038
 30
0.0
 40
3.999999999999998
  1
D300mm L=60.00m
 50
47.79095289110395
 41
0.7
 72
     1
 11
175795.8063971171
 21
418079.4592795794
 31
0.0
100
AcDbText
1001
Dream_TTE
1000
통합 문서1|2공구
1070
   117
1071
        2
  0
TEXT
  5
C2D
330
1F
100
AcDbEntity
  8
오수원형관로연장(2공구)
 62
     7
100
AcDbText
 10
176149.7710914802
 20
418043.8636410513
 30
0.0
 40
3.999999999999998
  1
D400mm L=20.22m
 50
309.2601872739131
 41
0.7
 72
     1
 11
176160.6754167995
 21
418030.5222555882
 31
0.0
100
AcDbText
1001
Dream_TTE
1000
통합 문서1|2공구
1070
   121
1071
        2
  0
TEXT
  5
C2E
330
1F
100
AcDbEntity
  8
오수원형관로연장(2공구)
 62
     7
100
AcDbText
 10
175952.7563249642
 20
418221.1960507504
 30
0.0
 40
3.999999999999998
  1
D400mm L=68.57m
 50
317.7909528816821
 41
0.7
 72
     1
 11
175965.5190758379
 21
418209.6198222246
 31
0.0
100
AcDbText
1001
Dream_TTE
1000
통합 문서1|2공구
1070
    99
1071
        2
  0
TEXT
  5
C2F
330
1F
100
AcDbEntity
  8
오수원형관로명(2공구)
 62
     7
100
AcDbText
 10
175916.0059896324
 20
418260.361406725
 30
0.0
 40
3.999999999999998
  1
E46
 50
317.7909528816821
 41
0.8
 72
     1
 11
175918.9518072702
 21
418257.6894546899
 31
0.0
100
AcDbText
1001
Dream_TTE
1000
공구별 오수관로연장|Sheet4
1070
    92
1071
        2
  0
TEXT
  5
C30
330
1F
100
AcDbEntity
  8
오수원형관로연장(2공구)
 62
     7
100
AcDbText
 10
175864.8506752361
 20
418155.5803512401
 30
0.0
 40
3.999999999999998
  1
D300mm L=60.00m
 50
47.79095289110395
 41
0.7
 72
     1
 11
175876.4269037598
 21
418168.3431021157
 31
0.0
100
AcDbText
1001
Dream_TTE
1000
통합 문서1|2공구
1070
   108
1071
        2
  0
TEXT
  5
C31
330
1F
100
AcDbEntity
  8
오수원형관로연장(2공구)
 62
     7
100
AcDbText
 10
175903.2870770568
 20
418266.0662612911
 30
0.0
 40
3.999999999999998
  1
D400mm L=65.00m
 50
317.7909528816821
 41
0.7
 72
     1
 11
175916.0498279305
 21
418254.4900327652
 31
0.0
100
AcDbText
1001
Dream_TTE
1000
통합 문서1|2공구
1070
    92
1071
        2
  0
TEXT
  5
C32
330
1F
100
AcDbEntity
  8
오수원형관로명(2공구)
 62
     7
100
AcDbText
 10
175819.7151818992
 20
418347.7002889373
 30
0.0
 40
3.999999999999998
  1
E48
 50
317.7909528816821
 41
0.8
 72
     1
 11
175822.660999537
 21
418345.0283369022
 31
0.0
100
AcDbText
1001
Dream_TTE
1000
공구별 오수관로연장|Sheet4
1070
    80
1071
        2
  0
TEXT
  5
C33
330
1F
100
AcDbEntity
  8
오수원형관로명(2공구)
 62
     7
100
AcDbText
 10
175867.8605857658
 20
418304.0308478311
 30
0.0
 40
3.999999999999998
  1
E47
 50
317.7909528816821
 41
0.8
 72
     1
 11
175870.8064034036
 21
418301.358895796
 31
0.0
100
AcDbText
1001
Dream_TTE
1000
공구별 오수관로연장|Sheet4
1070
    87
1071
        2
  0
TEXT
  5
C34
330
1F
100
AcDbEntity
  8
오수원형관로연장(2공구)
 62
     7
100
AcDbText
 10
175855.1416731903
 20
418309.7357023973
 30
0.0
 40
3.999999999999998
  1
D400mm L=65.00m
 50
317.7909528816821
 41
0.7
 72
     1
 11
175867.904424064
 21
418298.1594738714
 31
0.0
100
AcDbText
1001
Dream_TTE
1000
통합 문서1|2공구
1070
    87
1071
        2
  0
TEXT
  5
C35
330
1F
100
AcDbEntity
  8
오수원형관로연장(2공구)
 62
     7
100
AcDbText
 10
175806.9962693237
 20
418353.4051435033
 30
0.0
 40
3.999999999999998
  1
D400mm L=65.00m
 50
317.7909528816821
 41
0.7
 72
     1
 11
175819.7590201974
 21
418341.8289149775
 31
0.0
100
AcDbText
1001
Dream_TTE
1000
통합 문서1|2공구
1070
    80
1071
        2
  0
TEXT
  5
C36
330
1F
100
AcDbEntity
  8
오수원형관로명(2공구)
 62
     7
100
AcDbText
 10
175688.6115435623
 20
418466.6155363622
 30
0.0
 40
3.999999999999998
  1
E51
 50
317.7909528816821
 41
0.8
 72
     1
 11
175691.5573612001
 21
418463.9435843271
 31
0.0
100
AcDbText
1001
Dream_TTE
1000
공구별 오수관로연장|Sheet4
1070
    67
1071
        2
  0
TEXT
  5
C37
330
1F
100
AcDbEntity
  8
오수원형관로연장(2공구)
 62
     7
100
AcDbText
 10
175675.8926309868
 20
418472.3203909284
 30
0.0
 40
3.999999999999998
  1
D400mm L=55.00m
 50
317.7909528816821
 41
0.7
 72
     1
 11
175688.6553818605
 21
418460.7441624025
 31
0.0
100
AcDbText
1001
Dream_TTE
1000
통합 문서1|2공구
1070
    66
1071
        2
  0
TEXT
  5
C38
330
1F
100
AcDbEntity
  8
오수원형관로명(2공구)
 62
     7
100
AcDbText
 10
175730.0906607975
 20
418428.9926332026
 30
0.0
 40
3.999999999999998
  1
E50
 50
317.7909528816821
 41
0.8
 72
     1
 11
175733.0364784353
 21
418426.3206811676
 31
0.0
100
AcDbText
1001
Dream_TTE
1000
공구별 오수관로연장|Sheet4
1070
    71
1071
        2
  0
TEXT
  5
C39
330
1F
100
AcDbEntity
  8
오수원형관로연장(2공구)
 62
     7
100
AcDbText
 10
175717.371748222
 20
418434.6974877686
 30
0.0
 40
3.999999999999998
  1
D400mm L=57.00m
 50
317.7909528816821
 41
0.7
 72
     1
 11
175730.1344990957
 21
418423.1212592428
 31
0.0
100
AcDbText
1001
Dream_TTE
1000
통합 문서1|2공구
1070
    69
1071
        2
  0
TEXT
  5
C3A
330
1F
100
AcDbEntity
  8
오수원형관로연장(2공구)
 62
     7
100
AcDbText
 10
175604.4566430875
 20
418536.8673228277
 30
0.0
 40
3.999999999999998
  1
D400mm L=48.50m
 50
317.7909528816821
 41
0.7
 72
     1
 11
175617.2193939612
 21
418525.2910943018
 31
0.0
100
AcDbText
1001
Dream_TTE
1000
통합 문서1|2공구
1070
    52
1071
        2
  0
TEXT
  5
C3B
330
1F
100
AcDbEntity
  8
오수원형관로명(2공구)
 62
     7
100
AcDbText
 10
175773.4215243352
 20
418389.6901361547
 30
0.0
 40
3.999999999999998
  1
E49
 50
317.7909528816821
 41
0.8
 72
     1
 11
175776.367341973
 21
418387.0181841196
 31
0.0
100
AcDbText
1001
Dream_TTE
1000
공구별 오수관로연장|Sheet4
1070
    75
1071
        2
  0
TEXT
  5
C3C
330
1F
100
AcDbEntity
  8
오수원형관로연장(2공구)
 62
     7
100
AcDbText
 10
175760.7026117598
 20
418395.3949907208
 30
0.0
 40
3.999999999999998
  1
D400mm L=60.00m
 50
317.7909528816821
 41
0.7
 72
     1
 11
175773.4653626335
 21
418383.8187621949
 31
0.0
100
AcDbText
1001
Dream_TTE
1000
통합 문서1|2공구
1070
    75
1071
        2
  0
TEXT
  5
C3D
330
1F
100
AcDbEntity
  8
오수원형관로명(2공구)
 62
     7
100
AcDbText
 10
175649.7248712085
 20
418501.8870080248
 30
0.0
 40
3.999999999999998
  1
E52
 50
317.7909528816821
 41
0.8
 72
     1
 11
175652.6706888463
 21
418499.2150559898
 31
0.0
100
AcDbText
1001
Dream_TTE
1000
공구별 오수관로연장|Sheet4
1070
    59
1071
        2
  0
TEXT
  5
C3E
330
1F
100
AcDbEntity
  8
오수원형관로연장(2공구)
 62
     7
100
AcDbText
 10
175637.005958633
 20
418507.5918625908
 30
0.0
 40
3.999999999999998
  1
D400mm L=50.00m
 50
317.7909528816821
 41
0.7
 72
     1
 11
175649.7687095067
 21
418496.0156340649
 31
0.0
100
AcDbText
1001
Dream_TTE
1000
통합 문서1|2공구
1070
    58
1071
        2
  0
TEXT
  5
C3F
330
1F
100
AcDbEntity
  8
오수원형관로연장(2공구)
 62
     7
100
AcDbText
 10
175903.9708269764
 20
418198.7101797377
 30
0.0
 40
3.999999999999998
  1
D300mm L=56.46m
 50
47.79095289110395
 41
0.7
 72
     1
 11
175915.5470555002
 21
418211.4729306134
 31
0.0
100
AcDbText
1001
Dream_TTE
1000
통합 문서1|2공구
1070
   102
1071
        2
  0
TEXT
  5
C40
330
1F
100
AcDbEntity
  8
오수원형관로명(2공구)
 62
     7
100
AcDbText
 10
175755.2353227039
 20
417258.3288140482
 30
0.0
 40
3.999999999999998
  1
H19
 50
309.0262258261031
 41
0.8
 72
     1
 11
175757.8172522036
 21
417255.1433790235
 31
0.0
100
AcDbText
1001
Dream_TTE
1000
공구별 오수관로연장|Sheet4
1070
   197
1071
        2
  0
TEXT
  5
C41
330
1F
100
AcDbEntity
  8
오수원형관로명(2공구)
 62
     7
100
AcDbText
 10
175714.973954775
 20
417290.0119105313
 30
0.0
 40
3.999999999999998
  1
H20
 50
317.7909528833627
 41
0.8
 72
     1
 11
175718.0111218621
 21
417287.2571015863
 31
0.0
100
AcDbText
1001
Dream_TTE
1000
공구별 오수관로연장|Sheet4
1070
   195
1071
        2
  0
TEXT
  5
C42
330
1F
100
AcDbEntity
  8
오수원형관로연장(2공구)
 62
     7
100
AcDbText
 10
175702.3463916486
 20
417295.633908187
 30
0.0
 40
3.999999999999998
  1
D300mm L=68.97m
 50
317.7909528833627
 41
0.7
 72
     1
 11
175715.1091425226
 21
417284.0576796614
 31
0.0
100
AcDbText
1001
Dream_TTE
1000
통합 문서1|2공구
1070
   201
1071
        2
  0
TEXT
  5
C43
330
1F
100
AcDbEntity
  8
오수원형관로명(2공구)
 62
     7
100
AcDbText
 10
175666.7153933425
 20
417332.7316284122
 30
0.0
 40
3.999999999999998
  1
H21
 50
317.7909528833627
 41
0.8
 72
     1
 11
175669.7525604296
 21
417329.9768194672
 31
0.0
100
AcDbText
1001
Dream_TTE
1000
공구별 오수관로연장|Sheet4
1070
   194
1071
        2
  0
TEXT
  5
C44
330
1F
100
AcDbEntity
  8
오수원형관로연장(2공구)
 62
     7
100
AcDbText
 10
175654.0878302162
 20
417338.3536260679
 30
0.0
 40
3.999999999999998
  1
D300mm L=60.00m
 50
317.7909528833627
 41
0.7
 72
     1
 11
175666.8505810902
 21
417326.7773975424
 31
0.0
100
AcDbText
1001
Dream_TTE
1000
통합 문서1|2공구
1070
   200
1071
        2
  0
TEXT
  5
C45
330
1F
100
AcDbEntity
  8
오수원형관로명(2공구)
 62
     7
100
AcDbText
 10
175623.1703040985
 20
417373.570209388
 30
0.0
 40
3.999999999999998
  1
H22
 50
317.7909528833627
 41
0.8
 72
     1
 11
175626.2074711856
 21
417370.815400443
 31
0.0
100
AcDbText
1001
Dream_TTE
1000
공구별 오수관로연장|Sheet4
1070
   192
1071
        2
  0
TEXT
  5
C46
330
1F
100
AcDbEntity
  8
오수원형관로연장(2공구)
 62
     7
100
AcDbText
 10
175610.5427409722
 20
417379.1922070436
 30
0.0
 40
3.999999999999998
  1
D300mm L=62.38m
 50
317.7909528833627
 41
0.7
 72
     1
 11
175623.3054918462
 21
417367.6159785181
 31
0.0
100
AcDbText
1001
Dream_TTE
1000
통합 문서1|2공구
1070
   197
1071
        2
  0
TEXT
  5
C47
330
1F
100
AcDbEntity
  8
오수원형관로명(2공구)
 62
     7
100
AcDbText
 10
174977.018393613
 20
417847.2526308453
 30
0.0
 40
3.999999999999998
  1
I28
 50
43.42049420991494
 41
0.8
 72
     1
 11
174979.2752648404
 21
417849.3883775559
 31
0.0
100
AcDbText
1001
Dream_TTE
1000
공구별 오수관로연장|Sheet4
1070
   141
1071
        2
  0
TEXT
  5
C48
330
1F
100
AcDbEntity
  8
오수원형관로연장(2공구)
 62
     7
100
AcDbText
 10
174969.7290866324
 20
417834.4075517072
 30
0.0
 40
3.999999999999998
  1
D300mm L=20.18m
 50
43.42049420991494
 41
0.7
 72
     1
 11
174982.2442382344
 21
417846.251024894
 31
0.0
100
AcDbText
1001
Dream_TTE
1000
통합 문서1|2공구
1070
   145
1071
        2
  0
TEXT
  5
C49
330
1F
100
AcDbEntity
  8
오수원형관로명(2공구)
 62
     7
100
AcDbText
 10
175001.3697766219
 20
417874.3162134205
 30
0.0
 40
3.999999999999998
  1
I29
 50
51.96954658976984
 41
0.8
 72
     1
 11
175003.2840799263
 21
417876.7637273852
 31
0.0
100
AcDbText
1001
Dream_TTE
1000
공구별 오수관로연장|Sheet4
1070
   139
1071
        2
  0
TEXT
  5
C4A
330
1F
100
AcDbEntity
  8
오수원형관로연장(2공구)
 62
     7
100
AcDbText
 10
174996.7004599289
 20
417860.5302831839
 30
0.0
 40
3.999999999999998
  1
D300mm L=45.10m
 50
51.96954658976984
 41
0.7
 72
     1
 11
175007.3159508689
 21
417874.1026163971
 31
0.0
100
AcDbText
1001
Dream_TTE
1000
통합 문서1|2공구
1070
   143
1071
        2
  0
TEXT
  5
C4B
330
1F
100
AcDbEntity
  8
오수원형관로명(2공구)
 62
     7
100
AcDbText
 10
174948.0393019686
 20
417811.6785988629
 30
0.0
 40
3.999999999999998
  1
I27
 50
51.96954658976984
 41
0.8
 72
     1
 11
174949.953605273
 21
417814.1261128277
 31
0.0
100
AcDbText
1001
Dream_TTE
1000
공구별 오수관로연장|Sheet4
1070
   143
1071
        2
  0
TEXT
  5
C4C
330
1F
100
AcDbEntity
  8
오수원형관로연장(2공구)
 62
     7
100
AcDbText
 10
174942.7404858814
 20
417797.8926421533
 30
0.0
 40
3.999999999999998
  1
D300mm L=72.85m
 50
51.96954658976984
 41
0.7
 72
     1
 11
174953.3559768214
 21
417811.4649753665
 31
0.0
100
AcDbText
1001
Dream_TTE
1000
통합 문서1|2공구
1070
   148
1071
        2
  0
TEXT
  5
C4D
330
1F
100
AcDbEntity
  8
오수원형관로명(2공구)
 62
     7
100
AcDbText
 10
174907.5114709604
 20
417759.8621327242
 30
0.0
 40
3.999999999999998
  1
I26
 50
51.96954658976984
 41
0.8
 72
     1
 11
174909.4257742648
 21
417762.309646689
 31
0.0
100
AcDbText
1001
Dream_TTE
1000
공구별 오수관로연장|Sheet4
1070
   145
1071
        2
  0
TEXT
  5
C4E
330
1F
100
AcDbEntity
  8
오수원형관로연장(2공구)
 62
     7
100
AcDbText
 10
174902.2126548731
 20
417746.0761760146
 30
0.0
 40
3.999999999999998
  1
D300mm L=70.00m
 50
51.96954658976984
 41
0.7
 72
     1
 11
174912.8281458131
 21
417759.6485092278
 31
0.0
100
AcDbText
1001
Dream_TTE
1000
통합 문서1|2공구
1070
   150
1071
        2
  0
TEXT
  5
C4F
330
1F
100
AcDbEntity
  8
오수원형관로명(2공구)
 62
     7
100
AcDbText
 10
174859.9126711822
 20
417701.2618176081
 30
0.0
 40
3.999999999999998
  1
I25
 50
50.95701522870385
 41
0.8
 72
     1
 11
174861.8699258064
 21
417703.675121585
 31
0.0
100
AcDbText
1001
Dream_TTE
1000
공구별 오수관로연장|Sheet4
1070
   152
1071
        2
  0
TEXT
  5
C50
330
1F
100
AcDbEntity
  8
오수원형관로연장(2공구)
 62
     7
100
AcDbText
 10
174854.3710696535
 20
417687.5716493543
 30
0.0
 40
3.999999999999998
  1
D300mm L=70.00m
 50
50.95701522870385
 41
0.7
 72
     1
 11
174865.2247408992
 21
417700.9542760486
 31
0.0
100
AcDbText
1001
Dream_TTE
1000
통합 문서1|2공구
1070
   157
1071
        2
  0
TEXT
  5
C51
330
1F
100
AcDbEntity
  8
오수원형관로명(2공구)
 62
     7
100
AcDbText
 10
174818.0939864488
 20
417647.07521124
 30
0.0
 40
3.999999999999998
  1
I25-07
 50
50.95701522870385
 41
0.8
 72
     1
 11
174822.0861809001
 21
417651.9976054071
 31
0.0
100
AcDbText
1001
Dream_TTE
1000
공구별 오수관로연장|Sheet4
1070
   159
1071
        2
  0
TEXT
  5
C52
330
1F
100
AcDbEntity
  8
오수원형관로연장(2공구)
 62
     7
100
AcDbText
 10
174814.5873247471
 20
417635.8941331765
 30
0.0
 40
3.999999999999998
  1
D300mm L=64.88m
 50
50.95701522870385
 41
0.7
 72
     1
 11
174825.4409959928
 21
417649.2767598707
 31
0.0
100
AcDbText
1001
Dream_TTE
1000
통합 문서1|2공구
1070
   166
1071
        2
  0
TEXT
  5
C53
330
1F
100
AcDbEntity
  8
오수원형관로명(2공구)
 62
     7
100
AcDbText
 10
174784.7399070157
 20
417584.1679166917
 30
0.0
 40
3.999999999999998
  1
I25-06
 50
51.96954659108333
 41
0.8
 72
     1
 11
174788.6444940506
 21
417589.16008866
 31
0.0
100
AcDbText
1001
Dream_TTE
1000
공구별 오수관로연장|Sheet4
1070
   169
1071
        2
  0
TEXT
  5
C54
330
1F
100
AcDbEntity
  8
오수원형관로연장(2공구)
 62
     7
100
AcDbText
 10
174781.4313746592
 20
417572.9266179856
 30
0.0
 40
3.999999999999998
  1
D300mm L=70.00m
 50
51.96954659108333
 41
0.7
 72
     1
 11
174792.0468655989
 21
417586.498951199
 31
0.0
100
AcDbText
1001
Dream_TTE
1000
통합 문서1|2공구
1070
   174
1071
        2
  0
TEXT
  5
C55
330
1F
100
AcDbEntity
  8
오수원형관로명(2공구)
 62
     7
100
AcDbText
 10
174738.4910960137
 20
417524.697178852
 30
0.0
 40
3.999999999999998
  1
I25-05
 50
51.96954659108333
 41
0.8
 72
     1
 11
174742.3956830486
 21
417529.6893508203
 31
0.0
100
AcDbText
1001
Dream_TTE
1000
공구별 오수관로연장|Sheet4
1070
   175
1071
        2
  0
TEXT
  5
C56
330
1F
100
AcDbEntity
  8
오수원형관로연장(2공구)
 62
     7
100
AcDbText
 10
174735.1825636573
 20
417513.4558801459
 30
0.0
 40
3.999999999999998
  1
D300mm L=75.00m
 50
51.96954659108333
 41
0.7
 72
     1
 11
174745.798054597
 21
417527.0282133594
 31
0.0
100
AcDbText
1001
Dream_TTE
1000
통합 문서1|2공구
1070
   179
1071
        2
  0
TEXT
  5
C57
330
1F
100
AcDbEntity
  8
오수원형관로명(2공구)
 62
     7
100
AcDbText
 10
174693.3004655009
 20
417467.1682987542
 30
0.0
 40
3.999999999999998
  1
I25-04
 50
51.96954659108333
 41
0.8
 72
     1
 11
174697.2050525358
 21
417472.1604707226
 31
0.0
100
AcDbText
1001
Dream_TTE
1000
공구별 오수관로연장|Sheet4
1070
   182
1071
        2
  0
TEXT
  5
C58
330
1F
100
AcDbEntity
  8
오수원형관로연장(2공구)
 62
     7
100
AcDbText
 10
174689.9919331445
 20
417455.9270000481
 30
0.0
 40
3.999999999999998
  1
D300mm L=75.00m
 50
51.96954659108333
 41
0.7
 72
     1
 11
174700.6074240842
 21
417469.4993332615
 31
0.0
100
AcDbText
1001
Dream_TTE
1000
통합 문서1|2공구
1070
   187
1071
        2
  0
TEXT
  5
C59
330
1F
100
AcDbEntity
  8
오수원형관로명(2공구)
 62
     7
100
AcDbText
 10
174642.379009782
 20
417403.4413993923
 30
0.0
 40
3.999999999999998
  1
I25-03
 50
51.96954659108333
 41
0.8
 72
     1
 11
174646.2835968169
 21
417408.4335713606
 31
0.0
100
AcDbText
1001
Dream_TTE
1000
공구별 오수관로연장|Sheet4
1070
   189
1071
        2
  0
TEXT
  5
C5A
330
1F
100
AcDbEntity
  8
오수원형관로연장(2공구)
 62
     7
100
AcDbText
 10
174639.0704774256
 20
417392.2001006863
 30
0.0
 40
3.999999999999998
  1
D300mm L=75.00m
 50
51.96954659108333
 41
0.7
 72
     1
 11
174649.6859683653
 21
417405.7724338997
 31
0.0
100
AcDbText
1001
Dream_TTE
1000
통합 문서1|2공구
1070
   196
1071
        2
  0
TEXT
  5
C5B
330
1F
100
AcDbEntity
  8
오수원형관로명(2공구)
 62
     7
100
AcDbText
 10
174586.4699362039
 20
417351.2916349374
 30
0.0
 40
3.999999999999998
  1
I25-02
 50
54.88689471077176
 41
0.8
 72
     1
 11
174590.115384617
 21
417356.4760622674
 31
0.0
100
AcDbText
1001
Dream_TTE
1000
공구별 오수관로연장|Sheet4
1070
   193
1071
        2
  0
TEXT
  5
C5C
330
1F
100
AcDbEntity
  8
오수원형관로연장(2공구)
 62
     7
100
AcDbText
 10
174583.7378213568
 20
417339.8965161836
 30
0.0
 40
3.999999999999998
  1
D300mm L=75.00m
 50
54.88689471077176
 41
0.7
 72
     1
 11
174593.6487861414
 21
417353.9915384888
 31
0.0
100
AcDbText
1001
Dream_TTE
1000
통합 문서1|2공구
1070
   199
1071
        2
  0
TEXT
  5
C5D
330
1F
100
AcDbEntity
  8
오수원형관로명(2공구)
 62
     7
100
AcDbText
 10
174557.9623510615
 20
417288.7635262265
 30
0.0
 40
3.999999999999998
  1
I25-01
 50
67.34980523804174
 41
0.8
 72
     1
 11
174560.4030590907
 21
417294.6125026489
 31
0.0
100
AcDbText
1001
Dream_TTE
1000
공구별 오수관로연장|Sheet4
1070
   196
1071
        2
  0
TEXT
  5
C5E
330
1F
100
AcDbEntity
  8
오수원형관로연장(2공구)
 62
     7
100
AcDbText
 10
174557.7537690093
 20
417277.0473119711
 30
0.0
 40
3.999999999999998
  1
D300mm L=75.00m
 50
67.34980523804174
 41
0.7
 72
     1
 11
174564.3893782909
 21
417292.9490592401
 31
0.0
100
AcDbText
1001
Dream_TTE
1000
통합 문서1|2공구
1070
   202
1071
        2
  0
TEXT
  5
C5F
330
1F
100
AcDbEntity
  8
오수원형관로연장(2공구)
 62
     7
100
AcDbText
 10
176036.9579344069
 20
417600.7414522742
 30
0.0
 40
3.999999999999998
  1
D300mm L=72.00m
 50
317.7909528816821
 41
0.7
 72
     1
 11
176049.7206852806
 21
417589.1652237484
 31
0.0
100
AcDbText
1001
Dream_TTE
1000
통합 문서1|2공구
1070
   170
1071
        2
  0
TEXT
  5
C60
330
1F
100
AcDbEntity
  8
오수원형관로명(2공구)
 62
     7
100
AcDbText
 10
175697.0834427337
 20
417632.1424736411
 30
0.0
 40
3.999999999999998
  1
G12
 50
328.3996385738153
 41
0.8
 72
     1
 11
175700.6818298192
 21
417629.9286998458
 31
0.0
100
AcDbText
1001
Dream_TTE
1000
공구별 오수관로연장|Sheet4
1070
   162
1071
        2
  0
TEXT
  5
C61
330
1F
100
AcDbEntity
  8
오수원형관로연장(2공구)
 62
     7
100
AcDbText
 10
175683.7426766863
 20
417635.2784430761
 30
0.0
 40
3.999999999999998
  1
D300mm L=75.00m
 50
328.3996385738153
 41
0.7
 72
     1
 11
175698.4184674147
 21
417626.2497087659
 31
0.0
100
AcDbText
1001
Dream_TTE
1000
통합 문서1|2공구
1070
   167
1071
        2
  0
TEXT
  5
C62
330
1F
100
AcDbEntity
  8
오수원형관로명(2공구)
 62
     7
100
AcDbText
 10
175755.0168390768
 20
417592.5725335728
 30
0.0
 40
3.999999999999998
  1
G11
 50
320.2785559832648
 41
0.8
 72
     1
 11
175758.2664107286
 21
417589.8726320722
 31
0.0
100
AcDbText
1001
Dream_TTE
1000
공구별 오수관로연장|Sheet4
1070
   167
1071
        2
  0
TEXT
  5
C63
330
1F
100
AcDbEntity
  8
오수원형관로연장(2공구)
 62
     7
100
AcDbText
 10
175742.252861967
 20
417597.5616448529
 30
0.0
 40
3.999999999999998
  1
D300mm L=75.00m
 50
320.2785559832648
 41
0.7
 72
     1
 11
175755.5060313416
 21
417586.5502699036
 31
0.0
100
AcDbText
1001
Dream_TTE
1000
통합 문서1|2공구
1070
   171
1071
        2
  0
TEXT
  5
C64
330
1F
100
AcDbEntity
  8
오수원형관로명(2공구)
 62
     7
100
AcDbText
 10
175809.6551131644
 20
417542.578748646
 30
0.0
 40
3.999999999999998
  1
G10
 50
317.7909528816821
 41
0.8
 72
     1
 11
175812.7844381029
 21
417539.740349544
 31
0.0
100
AcDbText
1001
Dream_TTE
1000
공구별 오수관로연장|Sheet4
1070
   172
1071
        2
  0
TEXT
  5
C65
330
1F
100
AcDbEntity
  8
오수원형관로연장(2공구)
 62
     7
100
AcDbText
 10
175797.1197078896
 20
417548.1171561454
 30
0.0
 40
3.999999999999998
  1
D300mm L=75.00m
 50
317.7909528816821
 41
0.7
 72
     1
 11
175809.8824587633
 21
417536.5409276195
 31
0.0
100
AcDbText
1001
Dream_TTE
1000
통합 문서1|2공구
1070
   177
1071
        2
  0
TEXT
  5
C66
330
1F
100
AcDbEntity
  8
오수원형관로명(2공구)
 62
     7
100
AcDbText
 10
175913.1109996336
 20
417452.3081648667
 30
0.0
 40
3.999999999999998
  1
G10-06
 50
317.7909528816821
 41
0.8
 72
     1
 11
175918.6331951012
 21
417447.2993546713
 31
0.0
100
AcDbText
1001
Dream_TTE
1000
공구별 오수관로연장|Sheet4
1070
   184
1071
        2
  0
TEXT
  5
C67
330
1F
100
AcDbEntity
  8
오수원형관로연장(2공구)
 62
     7
100
AcDbText
 10
175902.9684648879
 20
417455.6761612723
 30
0.0
 40
3.999999999999998
  1
D300mm L=70.00m
 50
317.7909528816821
 41
0.7
 72
     1
 11
175915.7312157616
 21
417444.0999327464
 31
0.0
100
AcDbText
1001
Dream_TTE
1000
통합 문서1|2공구
1070
   189
1071
        2
  0
TEXT
  5
C68
330
1F
100
AcDbEntity
  8
오수원형관로연장(2공구)
 62
     7
100
AcDbText
 10
175958.0079423859
 20
417611.8411688949
 30
0.0
 40
3.999999999999998
  1
D300mm L=65.00m
 50
317.7909528816821
 41
0.7
 72
     1
 11
175970.7706932596
 21
417600.2649403691
 31
0.0
100
AcDbText
1001
Dream_TTE
1000
통합 문서1|2공구
1070
   169
1071
        2
  0
TEXT
  5
C69
330
1F
100
AcDbEntity
  8
오수원형관로명(2공구)
 62
     7
100
AcDbText
 10
175751.6410794267
 20
417431.3953004785
 30
0.0
 40
3.999999999999998
  1
G10-11
 50
47.79095288168217
 41
0.8
 72
     1
 11
175756.649889622
 21
417436.9174959461
 31
0.0
100
AcDbText
1001
Dream_TTE
1000
공구별 오수관로연장|Sheet4
1070
   187
1071
        2
  0
TEXT
  5
C6A
330
1F
100
AcDbEntity
  8
오수원형관로연장(2공구)
 62
     7
100
AcDbText
 10
175748.2730830209
 20
417421.2527657328
 30
0.0
 40
3.999999999999998
  1
D300mm L=72.00m
 50
47.79095288168217
 41
0.7
 72
     1
 11
175759.8493115467
 21
417434.0155166065
 31
0.0
100
AcDbText
1001
Dream_TTE
1000
통합 문서1|2공구
1070
   192
1071
        2
  0
TEXT
  5
C6B
330
1F
100
AcDbEntity
  8
오수원형관로명(2공구)
 62
     7
100
AcDbText
 10
175399.4149226667
 20
417849.8518356096
 30
0.0
 40
3.999999999999998
  1
G17
 50
317.7909528816821
 41
0.8
 72
     1
 11
175402.5442476052
 21
417847.0134365076
 31
0.0
100
AcDbText
1001
Dream_TTE
1000
공구별 오수관로연장|Sheet4
1070
   140
1071
        2
  0
TEXT
  5
C6C
330
1F
100
AcDbEntity
  8
오수원형관로연장(2공구)
 62
     7
100
AcDbText
 10
175386.8795173919
 20
417855.3902431087
 30
0.0
 40
3.999999999999998
  1
D400mm L=75.00m
 50
317.7909528816821
 41
0.7
 72
     1
 11
175399.6422682656
 21
417843.8140145828
 31
0.0
100
AcDbText
1001
Dream_TTE
1000
통합 문서1|2공구
1070
   144
1071
        2
  0
TEXT
  5
C6D
330
1F
100
AcDbEntity
  8
오수원형관로연장(2공구)
 62
     7
100
AcDbText
 10
175653.1124831423
 20
417944.2459727886
 30
0.0
 40
3.999999999999998
  1
D300mm L=48.63m
 50
322.8229401093408
 41
0.7
 72
     1
 11
175666.8414177606
 21
417933.8338053393
 31
0.0
100
AcDbText
1001
Dream_TTE
1000
통합 문서1|2공구
1070
   133
1071
        2
  0
TEXT
  5
C6E
330
1F
100
AcDbEntity
  8
오수원형관로연장(2공구)
 62
     7
100
AcDbText
 10
175607.031473225
 20
417986.6484503363
 30
0.0
 40
3.999999999999998
  1
D300mm L=74.43m
 50
317.7909528816821
 41
0.7
 72
     1
 11
175619.7942240987
 21
417975.0722218105
 31
0.0
100
AcDbText
1001
Dream_TTE
1000
통합 문서1|2공구
1070
   130
1071
        2
  0
TEXT
  5
C6F
330
1F
100
AcDbEntity
  8
오수원형관로연장(2공구)
 62
     7
100
AcDbText
 10
175542.5969153128
 20
418049.1429127424
 30
0.0
 40
3.999999999999998
  1
D300mm L=65.00m
 50
317.7909528816821
 41
0.7
 72
     1
 11
175555.3596661865
 21
418037.5666842165
 31
0.0
100
AcDbText
1001
Dream_TTE
1000
통합 문서1|2공구
1070
   120
1071
        2
  0
TEXT
  5
C70
330
1F
100
AcDbEntity
  8
오수원형관로연장(2공구)
 62
     7
100
AcDbText
 10
175575.3341631637
 20
418020.8155346843
 30
0.0
 40
3.999999999999998
  1
D300mm L=20.22m
 50
309.2601872694498
 41
0.7
 72
     1
 11
175586.238488482
 21
418007.4741492203
 31
0.0
100
AcDbText
1001
Dream_TTE
1000
통합 문서1|2공구
1070
   123
1071
        2
  0
TEXT
  5
C71
330
1F
100
AcDbEntity
  8
오수원형관로명(2공구)
 62
     7
100
AcDbText
 10
175497.9347245376
 20
417760.725717275
 30
0.0
 40
3.999999999999998
  1
G15
 50
317.7909528816821
 41
0.8
 72
     1
 11
175501.0640494761
 21
417757.887318173
 31
0.0
100
AcDbText
1001
Dream_TTE
1000
공구별 오수관로연장|Sheet4
1070
   146
1071
        2
  0
TEXT
  5
C72
330
1F
100
AcDbEntity
  8
오수원형관로연장(2공구)
 62
     7
100
AcDbText
 10
175485.3993192628
 20
417766.2641247741
 30
0.0
 40
3.999999999999998
  1
D300mm L=35.20m
 50
317.7909528816821
 41
0.7
 72
     1
 11
175498.1620701365
 21
417754.6878962483
 31
0.0
100
AcDbText
1001
Dream_TTE
1000
통합 문서1|2공구
1070
   149
1071
        2
  0
TEXT
  5
C73
330
1F
100
AcDbEntity
  8
오수원형관로명(2공구)
 62
     7
100
AcDbText
 10
175453.3355876193
 20
417798.2682547519
 30
0.0
 40
3.999999999999998
  1
G16
 50
317.7909528816821
 41
0.8
 72
     1
 11
175456.4649125578
 21
417795.4298556499
 31
0.0
100
AcDbText
1001
Dream_TTE
1000
공구별 오수관로연장|Sheet4
1070
   144
1071
        2
  0
TEXT
  5
C74
330
1F
100
AcDbEntity
  8
오수원형관로연장(2공구)
 62
     7
100
AcDbText
 10
175440.8001823445
 20
417803.8066622508
 30
0.0
 40
3.999999999999998
  1
D400mm L=68.72m
 50
317.7909528816821
 41
0.7
 72
     1
 11
175453.5629332182
 21
417792.230433725
 31
0.0
100
AcDbText
1001
Dream_TTE
1000
통합 문서1|2공구
1070
   147
1071
        2
  0
TEXT
  5
C75
330
1F
100
AcDbEntity
  8
오수원형관로명(2공구)
 62
     7
100
AcDbText
 10
175532.2769792581
 20
417729.1575537725
 30
0.0
 40
3.999999999999998
  1
G15-01
 50
319.7732196638571
 41
0.8
 72
     1
 11
175537.969125786
 21
417724.3427546843
 31
0.0
100
AcDbText
1001
Dream_TTE
1000
공구별 오수관로연장|Sheet4
1070
   148
1071
        2
  0
TEXT
  5
C76
330
1F
100
AcDbEntity
  8
오수원형관로연장(2공구)
 62
     7
100
AcDbText
 10
175522.4182016559
 20
417731.8761627908
 30
0.0
 40
3.999999999999998
  1
D300mm L=60.43m
 50
319.7732196638571
 41
0.7
 72
     1
 11
175535.5737388872
 21
417720.7483275611
 31
0.0
100
AcDbText
1001
Dream_TTE
1000
통합 문서1|2공구
1070
   151
1071
        2
  0
TEXT
  5
C77
330
1F
100
AcDbEntity
  8
오수원형관로명(2공구)
 62
     7
100
AcDbText
 10
175587.1455266038
 20
418013.1898862277
 30
0.0
 40
3.999999999999998
  1
F05
 50
309.2601872694498
 41
0.8
 72
     1
 11
175589.5829650436
 21
418010.2076929401
 31
0.0
100
AcDbText
1001
Dream_TTE
1000
공구별 오수관로연장|Sheet4
1070
   123
1071
        2
  0
TEXT
  5
C78
330
1F
100
AcDbEntity
  8
오수원형관로명(2공구)
 62
     7
100
AcDbText
 10
176085.4174181152
 20
417839.1356545088
 30
0.0
 40
3.999999999999998
  1
E40-01
 50
47.79095289110395
 41
0.8
 72
     1
 11
176090.2597812427
 21
417844.4743426764
 31
0.0
100
AcDbText
1001
Dream_TTE
1000
공구별 오수관로연장|Sheet4
1070
   142
1071
        2
  0
TEXT
  5
C79
330
1F
100
AcDbEntity
  8
오수원형관로명(2공구)
 62
     7
100
AcDbText
 10
176129.5056164854
 20
417886.9402529885
 30
0.0
 40
3.999999999999998
  1
E40-02
 50
47.79095289110395
 41
0.8
 72
     1
 11
176134.3479796129
 21
417892.2789411561
 31
0.0
100
AcDbText
1001
Dream_TTE
1000
공구별 오수관로연장|Sheet4
1070
   137
1071
        2
  0
TEXT
  5
C7A
330
1F
100
AcDbEntity
  8
오수원형관로명(2공구)
 62
     7
100
AcDbText
 10
176183.4666721343
 20
417943.2044050246
 30
0.0
 40
3.999999999999998
  1
E40-03
 50
47.79095289110395
 41
0.8
 72
     1
 11
176188.3090352618
 21
417948.5430931922
 31
0.0
100
AcDbText
1001
Dream_TTE
1000
공구별 오수관로연장|Sheet4
1070
   132
1071
        2
  0
TEXT
  5
C7B
330
1F
100
AcDbEntity
  8
오수원형관로명(2공구)
 62
     7
100
AcDbText
 10
176194.1873141828
 20
418003.9917020796
 30
0.0
 40
3.999999999999998
  1
E40
 50
317.7909528816821
 41
0.8
 72
     1
 11
176197.1331318206
 21
418001.3197500445
 31
0.0
100
AcDbText
1001
Dream_TTE
1000
공구별 오수관로연장|Sheet4
1070
   124
1071
        2
  0
TEXT
  5
C7C
330
1F
100
AcDbEntity
  8
오수원형관로명(2공구)
 62
     7
100
AcDbText
 10
176126.0492636006
 20
418069.8453523222
 30
0.0
 40
3.999999999999998
  1
E42
 50
317.7909528816821
 41
0.8
 72
     1
 11
176128.9950812384
 21
418067.173400287
 31
0.0
100
AcDbText
1001
Dream_TTE
1000
공구별 오수관로연장|Sheet4
1070
   116
1071
        2
  0
TEXT
  5
C7D
330
1F
100
AcDbEntity
  8
오수원형관로명(2공구)
 62
     7
100
AcDbText
 10
176070.4968745237
 20
418120.2331689829
 30
0.0
 40
3.999999999999998
  1
E43
 50
317.7909528816821
 41
0.8
 72
     1
 11
176073.4426921615
 21
418117.5612169478
 31
0.0
100
AcDbText
1001
Dream_TTE
1000
공구별 오수관로연장|Sheet4
1070
   111
1071
        2
  0
TEXT
  5
C7E
330
1F
100
AcDbEntity
  8
오수원형관로명(2공구)
 62
     7
100
AcDbText
 10
175787.7646120645
 20
418077.0225707507
 30
0.0
 40
3.999999999999998
  1
E46-01
 50
47.79095289110395
 41
0.8
 72
     1
 11
175792.606975192
 21
418082.3612589184
 31
0.0
100
AcDbText
1001
Dream_TTE
1000
공구별 오수관로연장|Sheet4
1070
   114
1071
        2
  0
TEXT
  5
C7F
330
1F
100
AcDbEntity
  8
오수원형관로명(2공구)
 62
     7
100
AcDbText
 10
176016.7962317496
 20
418168.941391755
 30
0.0
 40
3.999999999999998
  1
E44
 50
317.7909528816821
 41
0.8
 72
     1
 11
176019.7420493874
 21
418166.2694397199
 31
0.0
100
AcDbText
1001
Dream_TTE
1000
공구별 오수관로연장|Sheet4
1070
   106
1071
        2
  0
TEXT
  5
C80
330
1F
100
AcDbEntity
  8
오수원형관로명(2공구)
 62
     7
100
AcDbText
 10
175828.0748653858
 20
418121.4644820188
 30
0.0
 40
3.999999999999998
  1
E46-02
 50
47.79095289110395
 41
0.8
 72
     1
 11
175832.9172285133
 21
418126.8031701864
 31
0.0
100
AcDbText
1001
Dream_TTE
1000
공구별 오수관로연장|Sheet4
1070
   110
1071
        2
  0
TEXT
  5
C81
330
1F
100
AcDbEntity
  8
오수원형관로명(2공구)
 62
     7
100
AcDbText
 10
176161.5030257851
 20
418036.3351737313
 30
0.0
 40
3.999999999999998
  1
E41
 50
309.2601872739131
 41
0.8
 72
     1
 11
176164.019893361
 21
418033.2557993081
 31
0.0
100
AcDbText
1001
Dream_TTE
1000
공구별 오수관로연장|Sheet4
1070
   120
1071
        2
  0
TEXT
  5
C82
330
1F
100
AcDbEntity
  8
오수원형관로명(2공구)
 62
     7
100
AcDbText
 10
175965.4752375397
 20
418215.4911961841
 30
0.0
 40
3.999999999999998
  1
E45
 50
317.7909528816821
 41
0.8
 72
     1
 11
175968.4210551775
 21
418212.8192441491
 31
0.0
100
AcDbText
1001
Dream_TTE
1000
공구별 오수관로연장|Sheet4
1070
    99
1071
        2
  0
TEXT
  5
C83
330
1F
100
AcDbEntity
  8
오수원형관로명(2공구)
 62
     7
100
AcDbText
 10
175868.3851187071
 20
418165.906393287
 30
0.0
 40
3.999999999999998
  1
E46-03
 50
47.79095289110395
 41
0.8
 72
     1
 11
175873.2274818346
 21
418171.2450814546
 31
0.0
100
AcDbText
1001
Dream_TTE
1000
공구별 오수관로연장|Sheet4
1070
   107
1071
        2
  0
TEXT
  5
C84
330
1F
100
AcDbEntity
  8
오수원형관로명(2공구)
 62
     7
100
AcDbText
 10
175907.5052704476
 20
418209.0362217848
 30
0.0
 40
3.999999999999998
  1
E46-04
 50
47.79095289110395
 41
0.8
 72
     1
 11
175912.3476335751
 21
418214.3749099524
 31
0.0
100
AcDbText
1001
Dream_TTE
1000
공구별 오수관로연장|Sheet4
1070
   100
1071
        2
  0
TEXT
  5
C85
330
1F
100
AcDbEntity
  8
오수원형관로명(2공구)
 62
     7
100
AcDbText
 10
176047.1004691527
 20
417597.3734558685
 30
0.0
 40
3.999999999999998
  1
G07-01
 50
317.7909528816821
 41
0.8
 72
     1
 11
176052.6226646202
 21
417592.3646456732
 31
0.0
100
AcDbText
1001
Dream_TTE
1000
공구별 오수관로연장|Sheet4
1070
   166
1071
        2
  0
TEXT
  5
C86
330
1F
100
AcDbEntity
  8
오수원형관로명(2공구)
 62
     7
100
AcDbText
 10
176018.8558699447
 20
417562.9137981413
 30
0.0
 40
3.999999999999998
  1
G05
 50
317.7909528816821
 41
0.8
 72
     1
 11
176021.9851948832
 21
417560.0753990393
 31
0.0
100
AcDbText
1001
Dream_TTE
1000
공구별 오수관로연장|Sheet4
1070
   171
1071
        2
  0
TEXT
  5
C87
330
1F
100
AcDbEntity
  8
오수원형관로명(2공구)
 62
     7
100
AcDbText
 10
175970.5433476608
 20
417606.3027613956
 30
0.0
 40
3.999999999999998
  1
G06
 50
317.7909528816821
 41
0.8
 72
     1
 11
175973.6726725993
 21
417603.4643622936
 31
0.0
100
AcDbText
1001
Dream_TTE
1000
공구별 오수관로연장|Sheet4
1070
   164
1071
        2
  0
TEXT
  5
C88
330
1F
100
AcDbEntity
  8
오수원형관로명(2공구)
 62
     7
100
AcDbText
 10
175663.8087442615
 20
417941.5550239348
 30
0.0
 40
3.999999999999998
  1
F04-01
 50
322.8229401093408
 41
0.8
 72
     1
 11
175669.4515852042
 21
417937.2754344096
 31
0.0
100
AcDbText
1001
Dream_TTE
1000
공구별 오수관로연장|Sheet4
1070
   131
1071
        2
  0
TEXT
  5
C89
330
1F
100
AcDbEntity
  8
오수원형관로명(2공구)
 62
     7
100
AcDbText
 10
175619.8433520541
 20
417980.8592723664
 30
0.0
 40
3.999999999999998
  1
F04
 50
317.7909528816821
 41
0.8
 72
     1
 11
175622.6962034382
 21
417978.2716437352
 31
0.0
100
AcDbText
1001
Dream_TTE
1000
공구별 오수관로연장|Sheet4
1070
   128
1071
        2
  0
TEXT
  5
C8A
330
1F
100
AcDbEntity
  8
오수원형관로명(2공구)
 62
     7
100
AcDbText
 10
175555.408794142
 20
418043.3537347723
 30
0.0
 40
3.999999999999998
  1
F06
 50
317.7909528816821
 41
0.8
 72
     1
 11
175558.2616455261
 21
418040.7661061411
 31
0.0
100
AcDbText
1001
Dream_TTE
1000
공구별 오수관로연장|Sheet4
1070
   118
1071
        2
  0
TEXT
  5
C8B
330
1F
100
AcDbEntity
  8
오수원형관로명(2공구)
 62
     7
100
AcDbText
 10
174827.2474613056
 20
417678.37056268
 30
0.0
 40
3.999999999999998
  1
I24
 50
324.9214852594378
 41
0.8
 72
     1
 11
174829.7903109131
 21
417676.584842203
 31
0.0
100
AcDbText
1001
Dream_TTE
1000
공구별 오수관로연장|Sheet4
1070
   155
1071
        2
  0
TEXT
  5
C8C
330
1F
100
AcDbEntity
  8
오수원형관로연장(2공구)
 62
     7
100
AcDbText
 10
174821.124538118
 20
417676.8592385713
 30
0.0
 40
3.999999999999998
  1
D300mm
 50
324.9214852594378
 41
0.7
 72
     1
 11
174827.6174236895
 21
417672.2995985966
 31
0.0
100
AcDbText
1001
Dream_TTE
1000
통합 문서1|2공구
1070
   159
1071
        2
  0
TEXT
  5
C8D
330
1F
100
AcDbEntity
  8
오수원형관로연장(2공구)
 62
     7
100
AcDbText
 10
174817.2165497219
 20
417673.4703738194
 30
0.0
 40
3.999999999999998
  1
L=26.08m
 50
324.9214852594378
 41
0.7
 72
     1
 11
174824.3799812516
 21
417668.439841801
 31
0.0
100
AcDbText
1001
Dream_TTE
1000
통합 문서1|2공구
1070
   161
1071
        2
  0
TEXT
  5
C8E
330
1F
100
AcDbEntity
  8
오수원형관로명(2공구)
 62
     7
100
AcDbText
 10
175368.2380678726
 20
417887.5434205306
 30
0.0
 40
3.999999999999998
  1
G18
 50
317.7909528816821
 41
0.8
 72
     1
 11
175371.3673928111
 21
417884.7050214286
 31
0.0
100
AcDbText
1001
Dream_TTE
1000
공구별 오수관로연장|Sheet4
1070
   138
1071
        2
  0
TEXT
  5
C8F
330
1F
100
AcDbEntity
  8
오수원형관로연장(2공구)
 62
     7
100
AcDbText
 10
175362.6497699219
 20
417885.4688144593
 30
0.0
 40
3.999999999999998
  1
D400mm
 50
317.7909528816821
 41
0.7
 72
     1
 11
175368.5264497567
 21
417880.1384754584
 31
0.0
100
AcDbText
1001
Dream_TTE
1000
통합 문서1|2공구
1070
   140
1071
        2
  0
TEXT
  5
C90
330
1F
100
AcDbEntity
  8
오수원형관로연장(2공구)
 62
     7
100
AcDbText
 10
175358.4043893764
 20
417882.1330597021
 30
0.0
 40
3.999999999999998
  1
L=30.50m
 50
317.7909528816821
 41
0.7
 72
     1
 11
175364.8879771671
 21
417876.2522355228
 31
0.0
100
AcDbText
1001
Dream_TTE
1000
통합 문서1|2공구
1070
   142
1071
        2
  0
TEXT
  5
C91
330
1F
100
AcDbEntity
  8
오수원형관로명(2공구)
 62
     7
100
AcDbText
 10
175698.5175693658
 20
418421.4304291879
 30
0.0
 40
3.999999999999998
  1
E51-05
 50
47.79095288168217
 41
0.8
 72
     1
 11
175703.3599324942
 21
418426.7691173547
 31
0.0
100
AcDbText
1001
Dream_TTE
1000
공구별 오수관로연장|Sheet4
1070
    73
1071
        2
  0
TEXT
  5
C92
330
1F
100
AcDbEntity
  8
오수원형관로연장(2공구)
 62
     7
100
AcDbText
 10
175701.9517170992
 20
418417.7840876921
 30
0.0
 40
3.999999999999998
  1
D300mm
 50
47.79095288168217
 41
0.7
 72
     1
 11
175707.2820561001
 21
418423.6607675268
 31
0.0
100
AcDbText
1001
Dream_TTE
1000
통합 문서1|2공구
1070
    73
1071
        2
  0
TEXT
  5
C93
330
1F
100
AcDbEntity
  8
오수원형관로연장(2공구)
 62
     7
100
AcDbText
 10
175705.5531280697
 20
418414.822449693
 30
0.0
 40
3.999999999999998
  1
L=1.00m
 50
47.79095288168217
 41
0.7
 72
     1
 11
175710.7031799667
 21
418420.5003636355
 31
0.0
100
AcDbText
1001
Dream_TTE
1000
통합 문서1|2공구
1070
    74
1071
        2
  0
TEXT
  5
C94
330
1F
100
AcDbEntity
  8
오수원형관로연장(2공구)
 62
     7
100
AcDbText
 10
175527.5091220708
 20
418069.7488977637
 30
0.0
 40
3.999999999999998
  1
D300mm
 50
317.7909528816821
 41
0.7
 72
     1
 11
175533.3858019056
 21
418064.4185587628
 31
0.0
100
AcDbText
1001
Dream_TTE
1000
통합 문서1|2공구
1070
   116
1071
        2
  0
TEXT
  5
C95
330
1F
100
AcDbEntity
  8
오수원형관로명(2공구)
 62
     7
100
AcDbText
 10
175533.9994868707
 20
418070.769774455
 30
0.0
 40
3.999999999999998
  1
F07
 50
317.7909528816821
 41
0.8
 72
     1
 11
175536.8523382548
 21
418068.1821458239
 31
0.0
100
AcDbText
1001
Dream_TTE
1000
공구별 오수관로연장|Sheet4
1070
   115
1071
        2
  0
TEXT
  5
C96
330
1F
100
AcDbEntity
  8
오수원형관로연장(2공구)
 62
     7
100
AcDbText
 10
175523.5147575425
 20
418066.3504249905
 30
0.0
 40
3.999999999999998
  1
L=11.57m
 50
317.7909528816821
 41
0.7
 72
     1
 11
175529.9983453333
 21
418060.4696008112
 31
0.0
100
AcDbText
1001
Dream_TTE
1000
통합 문서1|2공구
1070
   118
1071
        2
  0
TEXT
  5
C97
330
1F
100
AcDbEntity
  8
오수원형관로연장(2공구)
 62
     7
100
AcDbText
 10
176624.0279130158
 20
418439.0532078929
 30
0.0
 40
3.999999999999998
  1
D600mm L=65.00m
 50
47.79095289110395
 41
0.7
 72
     1
 11
176635.6041415396
 21
418451.8159587685
 31
0.0
100
AcDbText
1001
Dream_TTE
1000
통합 문서1|2공구
1070
    70
1071
        2
  0
TEXT
  5
C98
330
1F
100
AcDbEntity
  8
오수원형관로연장(2공구)
 62
     7
100
AcDbText
 10
175982.195378682
 20
418328.1581544331
 30
0.0
 40
3.999999999999998
  1
D300mm L=60.00m
 50
47.92751026859273
 41
0.7
 72
     1
 11
175993.741155923
 21
418340.9484595369
 31
0.0
100
AcDbText
1001
Dream_TTE
1000
통합 문서1|2공구
1070
    83
1071
        2
  0
TEXT
  5
C99
330
1F
100
AcDbEntity
  8
오수원형관로명(2공구)
 62
     7
100
AcDbText
 10
176200.5392499179
 20
419087.0673506065
 30
0.0
 40
3.999999999999998
  1
C15
 50
317.7909528822423
 41
0.8
 72
     1
 11
176203.5764170049
 21
419084.3125416614
 31
0.0
100
AcDbText
1001
Dream_TTE
1000
공구별 오수관로연장|Sheet4
1070
     5
1071
        2
  0
TEXT
  5
C9A
330
1F
100
AcDbEntity
  8
오수원형관로명(2공구)
 62
     7
100
AcDbText
 10
176442.5187977051
 20
418893.6013172035
 30
0.0
 40
3.999999999999998
  1
B13
 50
317.7929584718317
 41
0.8
 72
     1
 11
176445.4647088705
 21
418890.929468286
 31
0.0
100
AcDbText
1001
Dream_TTE
1000
공구별 오수관로연장|Sheet4
1070
    16
1071
        2
  0
TEXT
  5
C9B
330
1F
100
AcDbEntity
  8
오수원형관로명(2공구)
 62
     7
100
AcDbText
 10
176390.6429274048
 20
418941.4040395773
 30
0.0
 40
3.999999999999998
  1
B14
 50
317.7929584718317
 41
0.8
 72
     1
 11
176393.5888385702
 21
418938.7321906596
 31
0.0
100
AcDbText
1001
Dream_TTE
1000
공구별 오수관로연장|Sheet4
1070
    13
1071
        2
  0
TEXT
  5
C9C
330
1F
100
AcDbEntity
  8
오수원형관로연장(2공구)
 62
     7
100
AcDbText
 10
176376.7947354936
 20
418945.8637102466
 30
0.0
 40
3.999999999999998
  1
D300mm L=75.00m
 50
317.7929584718317
 41
0.7
 72
     1
 11
176389.5578915755
 21
418934.2879284772
 31
0.0
100
AcDbText
1001
Dream_TTE
1000
통합 문서1|2공구
1070
    11
1071
        2
  0
TEXT
  5
C9D
330
1F
100
AcDbEntity
  8
오수원형관로연장(2공구)
 62
     7
100
AcDbText
 10
176428.6706057937
 20
418898.060987873
 30
0.0
 40
3.999999999999998
  1
D300mm L=75.00m
 50
317.7929584718317
 41
0.7
 72
     1
 11
176441.4337618757
 21
418886.4852061035
 31
0.0
100
AcDbText
1001
Dream_TTE
1000
통합 문서1|2공구
1070
    15
1071
        2
  0
TEXT
  5
C9E
330
1F
100
AcDbEntity
  8
오수원형관로연장(2공구)
 62
     7
100
AcDbText
 10
176484.0269784292
 20
418848.753177109
 30
0.0
 40
3.999999999999998
  1
D300mm L=70.00m
 50
317.7929584718317
 41
0.7
 72
     1
 11
176496.7901345111
 21
418837.1773953396
 31
0.0
100
AcDbText
1001
Dream_TTE
1000
통합 문서1|2공구
1070
    18
1071
        2
  0
TEXT
  5
C9F
330
1F
100
AcDbEntity
  8
오수원형관로연장(2공구)
 62
     7
100
AcDbText
 10
176534.3843409425
 20
418801.9440284213
 30
0.0
 40
4.0
  1
D300mm L=70.00m
 50
317.7929584718317
 41
0.7
 72
     1
 11
176547.1474970244
 21
418790.3682466518
 31
0.0
100
AcDbText
1001
Dream_TTE
1000
통합 문서1|2공구
1070
    22
1071
        2
  0
TEXT
  5
CA0
330
1F
100
AcDbEntity
  8
오수원형관로연장(2공구)
 62
     7
100
AcDbText
 10
176589.2692422454
 20
418752.5104112268
 30
0.0
 40
3.999999999999998
  1
D300mm L=75.00m
 50
317.7929584718317
 41
0.7
 72
     1
 11
176602.0323983274
 21
418740.9346294574
 31
0.0
100
AcDbText
1001
Dream_TTE
1000
통합 문서1|2공구
1070
    27
1071
        2
  0
TEXT
  5
CA1
330
1F
100
AcDbEntity
  8
오수원형관로연장(2공구)
 62
     7
100
AcDbText
 10
176643.0492092961
 20
418703.8936107817
 30
0.0
 40
3.999999999999998
  1
D300mm L=75.00m
 50
317.7929584718317
 41
0.7
 72
     1
 11
176655.8123653781
 21
418692.3178290123
 31
0.0
100
AcDbText
1001
Dream_TTE
1000
통합 문서1|2공구
1070
    32
1071
        2
  0
TEXT
  5
CA2
330
1F
100
AcDbEntity
  8
오수원형관로연장(2공구)
 62
     7
100
AcDbText
 10
176700.701919991
 20
418652.0081330234
 30
0.0
 40
3.999999999999998
  1
D300mm L=75.00m
 50
317.7929584718317
 41
0.7
 72
     1
 11
176713.4650760729
 21
418640.4323512539
 31
0.0
100
AcDbText
1001
Dream_TTE
1000
통합 문서1|2공구
1070
    37
1071
        2
  0
TEXT
  5
CA3
330
1F
100
AcDbEntity
  8
오수원형관로연장(2공구)
 62
     7
100
AcDbText
 10
176754.0019633437
 20
418603.5123949844
 30
0.0
 40
4.0
  1
D300mm L=75.00m
 50
317.7929584718317
 41
0.7
 72
     1
 11
176766.7651194257
 21
418591.9366132149
 31
0.0
100
AcDbText
1001
Dream_TTE
1000
통합 문서1|2공구
1070
    46
1071
        2
  0
TEXT
  5
CA4
330
1F
100
AcDbEntity
  8
오수원형관로명(2공구)
 62
     7
100
AcDbText
 10
176336.2315511916
 20
418990.3374831401
 30
0.0
 40
3.999999999999998
  1
B15
 50
317.7929584718317
 41
0.8
 72
     1
 11
176339.177462357
 21
418987.6656342224
 31
0.0
100
AcDbText
1001
Dream_TTE
1000
공구별 오수관로연장|Sheet4
1070
    10
1071
        2
  0
TEXT
  5
CA5
330
1F
100
AcDbEntity
  8
오수원형관로연장(2공구)
 62
     7
100
AcDbText
 10
176322.3833592804
 20
418994.797153809
 30
0.0
 40
3.999999999999998
  1
D300mm L=66.00m
 50
317.7929584718317
 41
0.7
 72
     1
 11
176335.1465153623
 21
418983.2213720396
 31
0.0
100
AcDbText
1001
Dream_TTE
1000
통합 문서1|2공구
1070
     9
1071
        2
  0
TEXT
  5
CA6
330
1F
100
AcDbEntity
  8
오수원형관로명(2공구)
 62
     7
100
AcDbText
 10
176228.5050068259
 20
419087.0289129497
 30
0.0
 40
3.999999999999998
  1
B17
 50
317.7929584718317
 41
0.8
 72
     1
 11
176231.4509179913
 21
419084.357064032
 31
0.0
100
AcDbText
1001
Dream_TTE
1000
공구별 오수관로연장|Sheet4
1070
     6
1071
        2
  0
TEXT
  5
CA7
330
1F
100
AcDbEntity
  8
오수원형관로명(2공구)
 62
     7
100
AcDbText
 10
176284.8611829644
 20
419037.5312248385
 30
0.0
 40
3.999999999999998
  1
B16
 50
317.7929584718317
 41
0.8
 72
     1
 11
176287.8070941298
 21
419034.8593759209
 31
0.0
100
AcDbText
1001
Dream_TTE
1000
공구별 오수관로연장|Sheet4
1070
     8
1071
        2
  0
TEXT
  5
CA8
330
1F
100
AcDbEntity
  8
오수원형관로연장(2공구)
 62
     7
100
AcDbText
 10
176266.8900540778
 20
419045.3311444988
 30
0.0
 40
3.999999999999998
  1
D300mm L=75.00m
 50
317.7929584718317
 41
0.7
 72
     1
 11
176279.6532101598
 21
419033.7553627293
 31
0.0
100
AcDbText
1001
Dream_TTE
1000
통합 문서1|2공구
1070
     7
1071
        2
  0
TEXT
  5
CA9
330
1F
100
AcDbEntity
  8
오수원형관로연장(2공구)
 62
     7
100
AcDbText
 10
176214.7742166727
 20
419091.271296047
 30
0.0
 40
3.999999999999998
  1
D300mm L=75.00m
 50
317.7929584718317
 41
0.7
 72
     1
 11
176227.5373727546
 21
419079.6955142775
 31
0.0
100
AcDbText
1001
Dream_TTE
1000
통합 문서1|2공구
1070
     5
1071
        2
  0
TEXT
  5
CAA
330
1F
100
AcDbEntity
  8
오수원형관로명(2공구)
 62
     7
100
AcDbText
 10
176176.75477573
 20
419134.275412128
 30
0.0
 40
3.999999999999998
  1
B18
 50
317.7929584718317
 41
0.8
 72
     1
 11
176179.7006868954
 21
419131.6035632104
 31
0.0
100
AcDbText
1001
Dream_TTE
1000
공구별 오수관로연장|Sheet4
1070
     3
1071
        2
  0
TEXT
  5
CAB
330
1F
100
AcDbEntity
  8
오수원형관로연장(2공구)
 62
     7
100
AcDbText
 10
176162.9065838188
 20
419138.7350827974
 30
0.0
 40
3.999999999999998
  1
D300mm L=71.95m
 50
317.7929584718317
 41
0.7
 72
     1
 11
176175.6697399007
 21
419127.159301028
 31
0.0
100
AcDbText
1001
Dream_TTE
1000
통합 문서1|2공구
1070
     2
1071
        2
  0
TEXT
  5
CAC
330
1F
100
AcDbEntity
  8
오수원형관로명(2공구)
 62
     7
100
AcDbText
 10
176599.1679511957
 20
418201.3753365969
 30
0.0
 40
3.999999999999998
  1
D45-04
 50
317.7909528816821
 41
0.8
 72
     1
 11
176604.5979888118
 21
418196.4501165585
 31
0.0
100
AcDbText
1001
Dream_TTE
1000
공구별 오수관로연장|Sheet4
1070
   102
1071
        2
  0
TEXT
  5
CAD
330
1F
100
AcDbEntity
  8
오수원형관로연장(2공구)
 62
     7
100
AcDbText
 10
176588.9332585985
 20
418204.8269231597
 30
0.0
 40
3.999999999999998
  1
D300mm L=70.00m
 50
317.7909528816821
 41
0.7
 72
     1
 11
176601.6960094722
 21
418193.2506946338
 31
0.0
100
AcDbText
1001
Dream_TTE
1000
통합 문서1|2공구
1070
   101
1071
        2
  0
TEXT
  5
CAE
330
1F
100
AcDbEntity
  8
오수원형관로명(2공구)
 62
     7
100
AcDbText
 10
176546.7635308759
 20
418248.9078436082
 30
0.0
 40
3.999999999999998
  1
D45-05
 50
317.7909528816821
 41
0.8
 72
     1
 11
176552.193568492
 21
418243.9826235699
 31
0.0
100
AcDbText
1001
Dream_TTE
1000
공구별 오수관로연장|Sheet4
1070
    94
1071
        2
  0
TEXT
  5
CAF
330
1F
100
AcDbEntity
  8
오수원형관로연장(2공구)
 62
     7
100
AcDbText
 10
176536.5288382787
 20
418252.3594301712
 30
0.0
 40
3.999999999999998
  1
D300mm L=71.50m
 50
317.7909528816821
 41
0.7
 72
     1
 11
176549.2915891524
 21
418240.7832016454
 31
0.0
100
AcDbText
1001
Dream_TTE
1000
통합 문서1|2공구
1070
    94
1071
        2
  0
TEXT
  5
CB0
330
1F
100
AcDbEntity
  8
오수원형관로명(2공구)
 62
     7
100
AcDbText
 10
176489.8471624103
 20
418240.7995222654
 30
0.0
 40
3.999999999999998
  1
D45-06-03
 50
47.79095289110395
 41
0.8
 72
     1
 11
176496.9427935406
 21
418248.6224304117
 31
0.0
100
AcDbText
1001
Dream_TTE
1000
공구별 오수관로연장|Sheet4
1070
    96
1071
        2
  0
TEXT
  5
CB1
330
1F
100
AcDbEntity
  8
오수원형관로연장(2공구)
 62
     7
100
AcDbText
 10
176488.5659869419
 20
418232.9577001969
 30
0.0
 40
3.999999999999998
  1
D300mm L=50.78m
 50
47.79095289110395
 41
0.7
 72
     1
 11
176500.1422154657
 21
418245.7204510726
 31
0.0
100
AcDbText
1001
Dream_TTE
1000
통합 문서1|2공구
1070
    97
1071
        2
  0
TEXT
  5
CB2
330
1F
100
AcDbEntity
  8
오수원형관로명(2공구)
 62
     7
100
AcDbText
 10
176631.2499240203
 20
418202.3412763001
 30
0.0
 40
3.999999999999998
  1
D26
 50
317.7909528816821
 41
0.8
 72
     1
 11
176634.2870911073
 21
418199.5864673551
 31
0.0
100
AcDbText
1001
Dream_TTE
1000
공구별 오수관로연장|Sheet4
1070
   101
1071
        2
  0
TEXT
  5
CB3
330
1F
100
AcDbEntity
  8
오수원형관로연장(2공구)
 62
     7
100
AcDbText
 10
176618.6223608942
 20
418207.9632739561
 30
0.0
 40
3.999999999999998
  1
D400mm L=38.28m
 50
317.7909528816821
 41
0.7
 72
     1
 11
176631.3851117679
 21
418196.3870454302
 31
0.0
100
AcDbText
1001
Dream_TTE
1000
통합 문서1|2공구
1070
   100
1071
        2
  0
TEXT
  5
CB4
330
1F
100
AcDbEntity
  8
오수원형관로명(2공구)
 62
     7
100
AcDbText
 10
176606.0923860807
 20
418241.9506359971
 30
0.0
 40
3.999999999999998
  1
D-27-1
 50
317.7909528816821
 41
0.8
 72
     1
 11
176611.1529838888
 21
418237.3605098336
 31
0.0
100
AcDbText
1001
Dream_TTE
1000
공구별 오수관로연장|Sheet4
1070
    93
1071
        2
  0
TEXT
  5
CB5
330
1F
100
AcDbEntity
  8
오수원형관로연장(2공구)
 62
     7
100
AcDbText
 10
176595.4882536755
 20
418245.7373164349
 30
0.0
 40
3.999999999999998
  1
D400mm L=30.00m
 50
317.7909528816821
 41
0.7
 72
     1
 11
176608.2510045492
 21
418234.1610879091
 31
0.0
100
AcDbText
1001
Dream_TTE
1000
통합 문서1|2공구
1070
    93
1071
        2
  0
TEXT
  5
CB6
330
1F
100
AcDbEntity
  8
오수원형관로명(2공구)
 62
     7
100
AcDbText
 10
176539.2675747326
 20
418301.9861866293
 30
0.0
 40
3.999999999999998
  1
D30
 50
318.0046189419974
 41
0.8
 72
     1
 11
176542.3149938454
 21
418299.2427229446
 31
0.0
100
AcDbText
1001
Dream_TTE
1000
공구별 오수관로연장|Sheet4
1070
    86
1071
        2
  0
TEXT
  5
CB7
330
1F
100
AcDbEntity
  8
오수원형관로연장(2공구)
 62
     7
100
AcDbText
 10
176526.619134039
 20
418307.5610548939
 30
0.0
 40
3.999999999999998
  1
D400mm L=34.79m
 50
318.0046189419974
 41
0.7
 72
     1
 11
176539.424965865
 21
418296.0325012991
 31
0.0
100
AcDbText
1001
Dream_TTE
1000
통합 문서1|2공구
1070
    86
1071
        2
  0
TEXT
  5
CB8
330
1F
100
AcDbEntity
  8
오수원형관로명(2공구)
 62
     7
100
AcDbText
 10
176569.8330902328
 20
418275.2226016007
 30
0.0
 40
3.999999999999998
  1
D29
 50
317.7909528816821
 41
0.8
 72
     1
 11
176572.8702573199
 21
418272.4677926556
 31
0.0
100
AcDbText
1001
Dream_TTE
1000
공구별 오수관로연장|Sheet4
1070
    91
1071
        2
  0
TEXT
  5
CB9
330
1F
100
AcDbEntity
  8
오수원형관로연장(2공구)
 62
     7
100
AcDbText
 10
176557.2055271066
 20
418280.8445992567
 30
0.0
 40
3.999999999999998
  1
D400mm L=43.57m
 50
317.7909528816821
 41
0.7
 72
     1
 11
176569.9682779803
 21
418269.2683707309
 31
0.0
100
AcDbText
1001
Dream_TTE
1000
통합 문서1|2공구
1070
    90
1071
        2
  0
TEXT
  5
CBA
330
1F
100
AcDbEntity
  8
오수원형관로명(2공구)
 62
     7
100
AcDbText
 10
176243.6501721273
 20
418569.8507368182
 30
0.0
 40
3.999999999999998
  1
D37
 50
317.7909528822423
 41
0.8
 72
     1
 11
176246.6873392144
 21
418567.0959278732
 31
0.0
100
AcDbText
1001
Dream_TTE
1000
공구별 오수관로연장|Sheet4
1070
    48
1071
        2
  0
TEXT
  5
CBB
330
1F
100
AcDbEntity
  8
오수원형관로연장(2공구)
 62
     7
100
AcDbText
 10
176231.0226090011
 20
418575.4727344741
 30
0.0
 40
3.999999999999998
  1
D300mm L=71.54m
 50
317.7909528822423
 41
0.7
 72
     1
 11
176243.7853598749
 21
418563.8965059484
 31
0.0
100
AcDbText
1001
Dream_TTE
1000
통합 문서1|2공구
1070
    47
1071
        2
  0
TEXT
  5
CBC
330
1F
100
AcDbEntity
  8
오수원형관로연장(2공구)
 62
     7
100
AcDbText
 10
176215.7374004564
 20
418624.7411304608
 30
0.0
 40
3.999999999999998
  1
D400mm L=70.22m
 50
47.79095289110395
 41
0.7
 72
     1
 11
176227.3136289802
 21
418637.5038813365
 31
0.0
100
AcDbText
1001
Dream_TTE
1000
통합 문서1|2공구
1070
    44
1071
        2
  0
TEXT
  5
CBD
330
1F
100
AcDbEntity
  8
오수원형관로연장(2공구)
 62
     7
100
AcDbText
 10
176252.9140420319
 20
418668.2607739547
 30
0.0
 40
3.999999999999998
  1
D400mm L=65.00m
 50
47.79095289110395
 41
0.7
 72
     1
 11
176264.4902705557
 21
418681.0235248304
 31
0.0
100
AcDbText
1001
Dream_TTE
1000
통합 문서1|2공구
1070
    38
1071
        2
  0
TEXT
  5
CBE
330
1F
100
AcDbEntity
  8
오수원형관로연장(2공구)
 62
     7
100
AcDbText
 10
176484.9259267158
 20
418347.7677129665
 30
0.0
 40
3.999999999999998
  1
D300mm L=72.07m
 50
317.7909528816821
 41
0.7
 72
     1
 11
176497.6886775895
 21
418336.1914844407
 31
0.0
100
AcDbText
1001
Dream_TTE
1000
통합 문서1|2공구
1070
    82
1071
        2
  0
TEXT
  5
CBF
330
1F
100
AcDbEntity
  8
오수원형관로명(2공구)
 62
     7
100
AcDbText
 10
176452.6330834309
 20
418199.771132224
 30
0.0
 40
3.999999999999998
  1
D45-06-02
 50
47.79095289110395
 41
0.8
 72
     1
 11
176459.7287145612
 21
418207.5940403703
 31
0.0
100
AcDbText
1001
Dream_TTE
1000
공구별 오수관로연장|Sheet4
1070
   103
1071
        2
  0
TEXT
  5
CC0
330
1F
100
AcDbEntity
  8
오수원형관로명(2공구)
 62
     7
100
AcDbText
 10
176412.3228301096
 20
418155.3292209559
 30
0.0
 40
3.999999999999998
  1
D45-06-01
 50
47.79095289110395
 41
0.8
 72
     1
 11
176419.4184612399
 21
418163.1521291023
 31
0.0
100
AcDbText
1001
Dream_TTE
1000
공구별 오수관로연장|Sheet4
1070
   108
1071
        2
  0
TEXT
  5
CC1
330
1F
100
AcDbEntity
  8
오수원형관로연장(2공구)
 62
     7
100
AcDbText
 10
176411.0416546412
 20
418147.4873988875
 30
0.0
 40
3.999999999999998
  1
D300mm L=60.00m
 50
47.79095289110395
 41
0.7
 72
     1
 11
176422.617883165
 21
418160.2501497631
 31
0.0
100
AcDbText
1001
Dream_TTE
1000
통합 문서1|2공구
1070
   109
1071
        2
  0
TEXT
  5
CC2
330
1F
100
AcDbEntity
  8
오수원형관로연장(2공구)
 62
     7
100
AcDbText
 10
176451.3519079625
 20
418191.9293101557
 30
0.0
 40
3.999999999999998
  1
D300mm L=60.00m
 50
47.79095289110395
 41
0.7
 72
     1
 11
176462.9281364863
 21
418204.6920610313
 31
0.0
100
AcDbText
1001
Dream_TTE
1000
통합 문서1|2공구
1070
   103
1071
        2
  0
TEXT
  5
CC3
330
1F
100
AcDbEntity
  8
오수원형관로연장(2공구)
 62
     7
100
AcDbText
 10
176503.2440097474
 20
418282.4912037214
 30
0.0
 40
3.999999999999998
  1
D600mm L=27.02m
 50
316.9455371921204
 41
0.7
 72
     1
 11
176515.8345669227
 21
418270.7279241294
 31
0.0
100
AcDbText
1001
Dream_TTE
1000
통합 문서1|2공구
1070
    89
1071
        2
  0
TEXT
  5
CC4
330
1F
100
AcDbEntity
  8
오수원형관로연장(2공구)
 62
     7
100
AcDbText
 10
176461.061960792
 20
418317.0659219711
 30
0.0
 40
3.999999999999998
  1
D300mm L=71.43m
 50
317.7909528822423
 41
0.7
 72
     1
 11
176473.8247116658
 21
418305.4896934454
 31
0.0
100
AcDbText
1001
Dream_TTE
1000
통합 문서1|2공구
1070
    85
1071
        2
  0
TEXT
  5
CC5
330
1F
100
AcDbEntity
  8
오수원형관로연장(2공구)
 62
     7
100
AcDbText
 10
176235.5857568485
 20
418526.0051394259
 30
0.0
 40
3.999999999999998
  1
D300mm L=70.22m
 50
317.7909528816821
 41
0.7
 72
     1
 11
176248.3485077222
 21
418514.4289109
 31
0.0
100
AcDbText
1001
Dream_TTE
1000
통합 문서1|2공구
1070
    55
1071
        2
  0
TEXT
  5
CC6
330
1F
100
AcDbEntity
  8
오수원형관로연장(2공구)
 62
     7
100
AcDbText
 10
176203.6129454151
 20
418554.6044457134
 30
0.0
 40
3.999999999999998
  1
D300mm L=41.57m
 50
317.7909528816821
 41
0.7
 72
     1
 11
176216.3756962888
 21
418543.0282171876
 31
0.0
100
AcDbText
1001
Dream_TTE
1000
통합 문서1|2공구
1070
    48
1071
        2
  0
TEXT
  5
CC7
330
1F
100
AcDbEntity
  8
오수원형관로명(2공구)
 62
     7
100
AcDbText
 10
175929.1901421192
 20
418857.0737359632
 30
0.0
 40
3.999999999999998
  1
D44
 50
317.7909528816821
 41
0.8
 72
     1
 11
175932.2273092062
 21
418854.3189270181
 31
0.0
100
AcDbText
1001
Dream_TTE
1000
공구별 오수관로연장|Sheet4
1070
    18
1071
        2
  0
TEXT
  5
CC8
330
1F
100
AcDbEntity
  8
오수원형관로연장(2공구)
 62
     7
100
AcDbText
 10
175916.562578993
 20
418862.6957336192
 30
0.0
 40
3.999999999999998
  1
D400mm L=61.43m
 50
317.7909528816821
 41
0.7
 72
     1
 11
175929.3253298667
 21
418851.1195050934
 31
0.0
100
AcDbText
1001
Dream_TTE
1000
통합 문서1|2공구
1070
    17
1071
        2
  0
TEXT
  5
CC9
330
1F
100
AcDbEntity
  8
오수원형관로연장(2공구)
 62
     7
100
AcDbText
 10
176086.1131943844
 20
418708.9284600559
 30
0.0
 40
3.999999999999998
  1
D300mm L=31.00m
 50
317.7909528816821
 41
0.7
 72
     1
 11
176098.8759452581
 21
418697.3522315301
 31
0.0
100
AcDbText
1001
Dream_TTE
1000
통합 문서1|2공구
1070
    30
1071
        2
  0
TEXT
  5
CCA
330
1F
100
AcDbEntity
  8
오수원형관로명(2공구)
 62
     7
100
AcDbText
 10
176098.7407575107
 20
418703.3064623997
 30
0.0
 40
3.999999999999998
  1
D40
 50
317.7909528816821
 41
0.8
 72
     1
 11
176101.7779245977
 21
418700.5516534546
 31
0.0
100
AcDbText
1001
Dream_TTE
1000
공구별 오수관로연장|Sheet4
1070
    32
1071
        2
  0
TEXT
  5
CCB
330
1F
100
AcDbEntity
  8
오수원형관로명(2공구)
 62
     7
100
AcDbText
 10
176169.7943942682
 20
418639.4338336293
 30
0.0
 40
3.999999999999998
  1
D39
 50
317.7909528816821
 41
0.8
 72
     1
 11
176172.8315613552
 21
418636.6790246842
 31
0.0
100
AcDbText
1001
Dream_TTE
1000
공구별 오수관로연장|Sheet4
1070
    40
1071
        2
  0
TEXT
  5
CCC
330
1F
100
AcDbEntity
  8
오수원형관로연장(2공구)
 62
     7
100
AcDbText
 10
176157.1668311419
 20
418645.0558312854
 30
0.0
 40
3.999999999999998
  1
D300mm L=66.00m
 50
317.7909528816821
 41
0.7
 72
     1
 11
176169.9295820156
 21
418633.4796027595
 31
0.0
100
AcDbText
1001
Dream_TTE
1000
통합 문서1|2공구
1070
    39
1071
        2
  0
TEXT
  5
CCD
330
1F
100
AcDbEntity
  8
오수원형관로연장(2공구)
 62
     7
100
AcDbText
 10
175797.3689611109
 20
418420.1907327973
 30
0.0
 40
3.999999999999998
  1
D300mm L=75.00m
 50
317.7909528816821
 41
0.7
 72
     1
 11
175810.1317119846
 21
418408.6145042714
 31
0.0
100
AcDbText
1001
Dream_TTE
1000
통합 문서1|2공구
1070
    72
1071
        2
  0
TEXT
  5
CCE
330
1F
100
AcDbEntity
  8
오수원형관로명(2공구)
 62
     7
100
AcDbText
 10
175807.6950031573
 20
418416.6562893244
 30
0.0
 40
3.999999999999998
  1
E55-20
 50
317.7909528816821
 41
0.8
 72
     1
 11
175813.0336913241
 21
418411.813926196
 31
0.0
100
AcDbText
1001
Dream_TTE
1000
공구별 오수관로연장|Sheet4
1070
    74
1071
        2
  0
TEXT
  5
CCF
330
1F
100
AcDbEntity
  8
오수원형관로명(2공구)
 62
     7
100
AcDbText
 10
175948.0341118352
 20
418296.7368584605
 30
0.0
 40
3.999999999999998
  1
E55-18-03
 50
47.79095289110395
 41
0.8
 72
     1
 11
175955.0468860556
 21
418304.4684171575
 31
0.0
100
AcDbText
1001
Dream_TTE
1000
공구별 오수관로연장|Sheet4
1070
    88
1071
        2
  0
TEXT
  5
CD0
330
1F
100
AcDbEntity
  8
오수원형관로연장(2공구)
 62
     7
100
AcDbText
 10
175946.670079457
 20
418288.8036869428
 30
0.0
 40
3.999999999999998
  1
D300mm L=51.41m
 50
47.79095289110395
 41
0.7
 72
     1
 11
175958.2463079807
 21
418301.5664378184
 31
0.0
100
AcDbText
1001
Dream_TTE
1000
통합 문서1|2공구
1070
    88
1071
        2
  0
TEXT
  5
CD1
330
1F
100
AcDbEntity
  8
오수원형관로명(2공구)
 62
     7
100
AcDbText
 10
175983.5404994744
 20
418336.0945544173
 30
0.0
 40
3.999999999999998
  1
E55-18-02
 50
47.92751026859273
 41
0.8
 72
     1
 11
175990.534826584
 21
418343.8428052158
 31
0.0
100
AcDbText
1001
Dream_TTE
1000
공구별 오수관로연장|Sheet4
1070
    83
1071
        2
  0
TEXT
  5
CD2
330
1F
100
AcDbEntity
  8
오수원형관로명(2공구)
 62
     7
100
AcDbText
 10
176031.8625664397
 20
418388.7383298324
 30
0.0
 40
3.999999999999998
  1
E55-18-01
 50
54.14364232444931
 41
0.8
 72
     1
 11
176037.9767956399
 21
418397.1983654966
 31
0.0
100
AcDbText
1001
Dream_TTE
1000
공구별 오수관로연장|Sheet4
1070
    77
1071
        2
  0
TEXT
  5
CD3
330
1F
100
AcDbEntity
  8
오수원형관로연장(2공구)
 62
     7
100
AcDbText
 10
176031.3847017965
 20
418380.7029430936
 30
0.0
 40
3.999999999999998
  1
D300mm L=60.00m
 50
54.14364232444931
 41
0.7
 72
     1
 11
176041.4776710329
 21
418394.6682160498
 31
0.0
100
AcDbText
1001
Dream_TTE
1000
통합 문서1|2공구
1070
    78
1071
        2
  0
TEXT
  5
CD4
330
1F
100
AcDbEntity
  8
오수원형관로명(2공구)
 62
     7
100
AcDbText
 10
175863.2473922342
 20
418366.2684726633
 30
0.0
 40
3.999999999999998
  1
E55-19
 50
317.7909528816821
 41
0.8
 72
     1
 11
175868.586080401
 21
418361.4261095349
 31
0.0
100
AcDbText
1001
Dream_TTE
1000
공구별 오수관로연장|Sheet4
1070
    79
1071
        2
  0
TEXT
  5
CD5
330
1F
100
AcDbEntity
  8
오수원형관로연장(2공구)
 62
     7
100
AcDbText
 10
175852.9213501877
 20
418369.8029161361
 30
0.0
 40
3.999999999999998
  1
D300mm L=75.00m
 50
317.7909528816821
 41
0.7
 72
     1
 11
175865.6841010614
 21
418358.2266876102
 31
0.0
100
AcDbText
1001
Dream_TTE
1000
통합 문서1|2공구
1070
    79
1071
        2
  0
TEXT
  5
CD6
330
1F
100
AcDbEntity
  8
오수원형관로명(2공구)
 62
     7
100
AcDbText
 10
175918.799781311
 20
418315.8806560024
 30
0.0
 40
3.999999999999998
  1
E55-18
 50
317.7909528816821
 41
0.8
 72
     1
 11
175924.1384694778
 21
418311.038292874
 31
0.0
100
AcDbText
1001
Dream_TTE
1000
공구별 오수관로연장|Sheet4
1070
    84
1071
        2
  0
TEXT
  5
CD7
330
1F
100
AcDbEntity
  8
오수원형관로연장(2공구)
 62
     7
100
AcDbText
 10
175908.4737392644
 20
418319.4150994751
 30
0.0
 40
3.999999999999998
  1
D300mm L=75.00m
 50
317.7909528816821
 41
0.7
 72
     1
 11
175921.2364901381
 21
418307.8388709493
 31
0.0
100
AcDbText
1001
Dream_TTE
1000
통합 문서1|2공구
1070
    84
1071
        2
  0
TEXT
  5
CD8
330
1F
100
AcDbEntity
  8
오수원형관로연장(2공구)
 62
     7
100
AcDbText
 10
176676.6296954443
 20
418481.5707535149
 30
0.0
 40
3.999999999999998
  1
D600mm L=65.00m
 50
47.79095289110395
 41
0.7
 72
     1
 11
176688.2059239681
 21
418494.3335043906
 31
0.0
100
AcDbText
1001
Dream_TTE
1000
통합 문서1|2공구
1070
    61
1071
        2
  0
TEXT
  5
CD9
330
1F
100
AcDbEntity
  8
오수원형관로명(2공구)
 62
     7
100
AcDbText
 10
176775.5909015598
 20
418561.9906270862
 30
0.0
 40
3.999999999999998
  1
C04-01
 50
322.2465557663406
 41
0.8
 72
     1
 11
176781.3871522074
 21
418557.502132977
 31
0.0
100
AcDbText
1001
Dream_TTE
1000
공구별 오수관로연장|Sheet4
1070
    50
1071
        2
  0
TEXT
  5
CDA
330
1F
100
AcDbEntity
  8
오수원형관로연장(2공구)
 62
     7
100
AcDbText
 10
176763.4142970927
 20
418565.2039013639
 30
0.0
 40
3.999999999999998
  1
D300mm L=38.62m
 50
322.2465557663406
 41
0.7
 72
     1
 11
176777.0377944323
 21
418554.6541526948
 31
0.0
100
AcDbText
1001
Dream_TTE
1000
통합 문서1|2공구
1070
    49
1071
        2
  0
TEXT
  5
CDB
330
1F
100
AcDbEntity
  8
오수원형관로연장(2공구)
 62
     7
100
AcDbText
 10
176722.3181972416
 20
418530.8569689802
 30
0.0
 40
3.999999999999998
  1
D600mm L=65.82m
 50
47.79095289110395
 41
0.7
 72
     1
 11
176733.8944257654
 21
418543.6197198558
 31
0.0
100
AcDbText
1001
Dream_TTE
1000
통합 문서1|2공구
1070
    53
1071
        2
  0
TEXT
  5
CDC
330
1F
100
AcDbEntity
  8
오수원형관로연장(2공구)
 62
     7
100
AcDbText
 10
176721.6602266568
 20
418604.5118995697
 30
0.0
 40
3.999999999999998
  1
D600mm L=73.43m
 50
317.7909528822423
 41
0.7
 72
     1
 11
176734.4229775306
 21
418592.9356710441
 31
0.0
100
AcDbText
1001
Dream_TTE
1000
통합 문서1|2공구
1070
    45
1071
        2
  0
TEXT
  5
CDD
330
1F
100
AcDbEntity
  8
오수원형관로연장(2공구)
 62
     7
100
AcDbText
 10
176690.3332658384
 20
418638.3430651523
 30
0.0
 40
3.999999999999998
  1
D600mm L=20.22m
 50
309.2601872746393
 41
0.7
 72
     1
 11
176701.2375911579
 21
418625.0016796893
 31
0.0
100
AcDbText
1001
Dream_TTE
1000
통합 문서1|2공구
1070
    40
1071
        2
  0
TEXT
  5
CDE
330
1F
100
AcDbEntity
  8
오수원형관로연장(2공구)
 62
     7
100
AcDbText
 10
176653.8925253827
 20
418670.0296309875
 30
0.0
 40
3.999999999999998
  1
D600mm L=75.00m
 50
317.7909528822423
 41
0.7
 72
     1
 11
176666.6552762565
 21
418658.4534024618
 31
0.0
100
AcDbText
1001
Dream_TTE
1000
통합 문서1|2공구
1070
    35
1071
        2
  0
TEXT
  5
CDF
330
1F
100
AcDbEntity
  8
오수원형관로연장(2공구)
 62
     7
100
AcDbText
 10
176598.3401363043
 20
418720.4174476468
 30
0.0
 40
3.999999999999998
  1
D600mm L=75.00m
 50
317.7909528822423
 41
0.7
 72
     1
 11
176611.1028871782
 21
418708.8412191211
 31
0.0
100
AcDbText
1001
Dream_TTE
1000
통합 문서1|2공구
1070
    29
1071
        2
  0
TEXT
  5
CE0
330
1F
100
AcDbEntity
  8
오수원형관로연장(2공구)
 62
     7
100
AcDbText
 10
176542.7877472262
 20
418770.8052643063
 30
0.0
 40
3.999999999999998
  1
D600mm L=75.00m
 50
317.7909528822423
 41
0.7
 72
     1
 11
176555.5504981
 21
418759.2290357806
 31
0.0
100
AcDbText
1001
Dream_TTE
1000
통합 문서1|2공구
1070
    25
1071
        2
  0
TEXT
  5
CE1
330
1F
100
AcDbEntity
  8
오수원형관로연장(2공구)
 62
     7
100
AcDbText
 10
176487.235358148
 20
418821.1930809657
 30
0.0
 40
3.999999999999998
  1
D600mm L=75.00m
 50
317.7909528822423
 41
0.7
 72
     1
 11
176499.9981090218
 21
418809.6168524401
 31
0.0
100
AcDbText
1001
Dream_TTE
1000
통합 문서1|2공구
1070
    21
1071
        2
  0
TEXT
  5
CE2
330
1F
100
AcDbEntity
  8
오수원형관로명(2공구)
 62
     7
100
AcDbText
 10
176424.8784271942
 20
418883.5844487559
 30
0.0
 40
3.999999999999998
  1
C10-01
 50
317.7909528822423
 41
0.8
 72
     1
 11
176430.3084648103
 21
418878.6592287176
 31
0.0
100
AcDbText
1001
Dream_TTE
1000
공구별 오수관로연장|Sheet4
1070
    17
1071
        2
  0
TEXT
  5
CE3
330
1F
100
AcDbEntity
  8
오수원형관로연장(2공구)
 62
     7
100
AcDbText
 10
176414.643734597
 20
418887.0360353184
 30
0.0
 40
3.999999999999998
  1
D600mm L=28.43m
 50
317.7909528822423
 41
0.7
 72
     1
 11
176427.4064854708
 21
418875.4598067927
 31
0.0
100
AcDbText
1001
Dream_TTE
1000
통합 문서1|2공구
1070
    16
1071
        2
  0
TEXT
  5
CE4
330
1F
100
AcDbEntity
  8
오수원형관로명(2공구)
 62
     7
100
AcDbText
 10
176390.6098894205
 20
418914.6671227403
 30
0.0
 40
3.999999999999998
  1
C11
 50
317.7909528822423
 41
0.8
 72
     1
 11
176393.6470565076
 21
418911.9123137952
 31
0.0
100
AcDbText
1001
Dream_TTE
1000
공구별 오수관로연장|Sheet4
1070
    14
1071
        2
  0
TEXT
  5
CE5
330
1F
100
AcDbEntity
  8
오수원형관로연장(2공구)
 62
     7
100
AcDbText
 10
176377.9823262943
 20
418920.2891203961
 30
0.0
 40
3.999999999999998
  1
D700mm L=70.00m
 50
317.7909528822423
 41
0.7
 72
     1
 11
176390.7450771681
 21
418908.7128918704
 31
0.0
100
AcDbText
1001
Dream_TTE
1000
통합 문서1|2공구
1070
    13
1071
        2
  0
TEXT
  5
CE6
330
1F
100
AcDbEntity
  8
오수원형관로명(2공구)
 62
     7
100
AcDbText
 10
176340.0164809317
 20
418960.5569833457
 30
0.0
 40
3.999999999999998
  1
C12
 50
317.7909528822423
 41
0.8
 72
     1
 11
176343.0536480187
 21
418957.8021744007
 31
0.0
100
AcDbText
1001
Dream_TTE
1000
공구별 오수관로연장|Sheet4
1070
    11
1071
        2
  0
TEXT
  5
CE7
330
1F
100
AcDbEntity
  8
오수원형관로연장(2공구)
 62
     7
100
AcDbText
 10
176327.3889178054
 20
418966.1789810016
 30
0.0
 40
3.999999999999998
  1
D700mm L=66.61m
 50
317.7909528822423
 41
0.7
 72
     1
 11
176340.1516686792
 21
418954.6027524759
 31
0.0
100
AcDbText
1001
Dream_TTE
1000
통합 문서1|2공구
1070
    10
1071
        2
  0
TEXT
  5
CE8
330
1F
100
AcDbEntity
  8
오수원형관로명(2공구)
 62
     7
100
AcDbText
 10
176291.2748187456
 20
419004.7672500626
 30
0.0
 40
3.999999999999998
  1
C13
 50
317.7909528822423
 41
0.8
 72
     1
 11
176294.3119858327
 21
419002.0124411176
 31
0.0
100
AcDbText
1001
Dream_TTE
1000
공구별 오수관로연장|Sheet4
1070
     9
1071
        2
  0
TEXT
  5
CE9
330
1F
100
AcDbEntity
  8
오수원형관로연장(2공구)
 62
     7
100
AcDbText
 10
176278.6472556194
 20
419010.3892477186
 30
0.0
 40
3.999999999999998
  1
D700mm L=65.00m
 50
317.7909528822423
 41
0.7
 72
     1
 11
176291.4100064932
 21
418998.8130191929
 31
0.0
100
AcDbText
1001
Dream_TTE
1000
통합 문서1|2공구
1070
     8
1071
        2
  0
TEXT
  5
CEA
330
1F
100
AcDbEntity
  8
오수원형관로명(2공구)
 62
     7
100
AcDbText
 10
176244.9811611803
 20
419046.7570972789
 30
0.0
 40
3.999999999999998
  1
C14
 50
317.7909528822423
 41
0.8
 72
     1
 11
176248.0183282674
 21
419044.0022883339
 31
0.0
100
AcDbText
1001
Dream_TTE
1000
공구별 오수관로연장|Sheet4
1070
     7
1071
        2
  0
TEXT
  5
CEB
330
1F
100
AcDbEntity
  8
오수원형관로연장(2공구)
 62
     7
100
AcDbText
 10
176232.3535980541
 20
419052.3790949347
 30
0.0
 40
3.999999999999998
  1
D700mm L=60.00m
 50
317.7909528822423
 41
0.7
 72
     1
 11
176245.1163489279
 21
419040.802866409
 31
0.0
100
AcDbText
1001
Dream_TTE
1000
통합 문서1|2공구
1070
     6
1071
        2
  0
TEXT
  5
CEC
330
1F
100
AcDbEntity
  8
오수원형관로연장(2공구)
 62
     7
100
AcDbText
 10
176187.9116867916
 20
419092.6893482622
 30
0.0
 40
3.999999999999998
  1
D700mm L=60.00m
 50
317.7909528822423
 41
0.7
 72
     1
 11
176200.6744376654
 21
419081.1131197365
 31
0.0
100
AcDbText
1001
Dream_TTE
1000
통합 문서1|2공구
1070
     4
1071
        2
  0
TEXT
  5
CED
330
1F
100
AcDbEntity
  8
오수원형관로명(2공구)
 62
     7
100
AcDbText
 10
176163.2315305096
 20
419120.1495036612
 30
0.0
 40
3.999999999999998
  1
C16
 50
317.3421350364981
 41
0.8
 72
     1
 11
176166.2470252552
 21
419117.3709882883
 31
0.0
100
AcDbText
1001
Dream_TTE
1000
공구별 오수관로연장|Sheet4
1070
     4
1071
        2
  0
TEXT
  5
CEE
330
1F
100
AcDbEntity
  8
오수원형관로연장(2공구)
 62
     7
100
AcDbText
 10
176150.6483934239
 20
419125.8702439305
 30
0.0
 40
3.999999999999998
  1
D700mm L=58.93m
 50
317.3421350364981
 41
0.7
 72
     1
 11
176163.3200730173
 21
419114.1943965082
 31
0.0
100
AcDbText
1001
Dream_TTE
1000
통합 문서1|2공구
1070
     3
1071
        2
  0
TEXT
  5
CEF
330
1F
100
AcDbEntity
  8
오수원형관로명(2공구)
 62
     7
100
AcDbText
 10
176338.4054933612
 20
417935.2846809229
 30
0.0
 40
3.999999999999998
  1
E55-09
 50
317.7909528816821
 41
0.8
 72
     1
 11
176343.744181528
 21
417930.4423177945
 31
0.0
100
AcDbText
1001
Dream_TTE
1000
공구별 오수관로연장|Sheet4
1070
   134
1071
        2
  0
TEXT
  5
CF0
330
1F
100
AcDbEntity
  8
오수원형관로연장(2공구)
 62
     7
100
AcDbText
 10
176328.0794513147
 20
417938.8191243956
 30
0.0
 40
3.999999999999998
  1
D300mm L=75.00m
 50
317.7909528816821
 41
0.7
 72
     1
 11
176340.8422021884
 21
417927.2428958697
 31
0.0
100
AcDbText
1001
Dream_TTE
1000
통합 문서1|2공구
1070
   135
1071
        2
  0
TEXT
  5
CF1
330
1F
100
AcDbEntity
  8
오수원형관로명(2공구)
 62
     7
100
AcDbText
 10
176290.8193289504
 20
417976.023276612
 30
0.0
 40
3.999999999999998
  1
E55-09-01
 50
317.7909528816821
 41
0.8
 72
     1
 11
176298.5508876463
 21
417969.0105023904
 31
0.0
100
AcDbText
1001
Dream_TTE
1000
공구별 오수관로연장|Sheet4
1070
   129
1071
        2
  0
TEXT
  5
CF2
330
1F
100
AcDbEntity
  8
오수원형관로연장(2공구)
 62
     7
100
AcDbText
 10
176282.886157433
 20
417977.3873089916
 30
0.0
 40
3.999999999999998
  1
D300mm L=51.50m
 50
317.7909528816821
 41
0.7
 72
     1
 11
176295.6489083067
 21
417965.8110804658
 31
0.0
100
AcDbText
1001
Dream_TTE
1000
통합 문서1|2공구
1070
   131
1071
        2
  0
TEXT
  5
CF3
330
1F
100
AcDbEntity
  8
오수원형관로명(2공구)
 62
     7
100
AcDbText
 10
176264.7283473993
 20
417991.0124492728
 30
0.0
 40
3.999999999999998
  1
E55-10-05
 50
47.79095288168217
 41
0.8
 72
     1
 11
176271.741121621
 21
417998.7440079687
 31
0.0
100
AcDbText
1001
Dream_TTE
1000
공구별 오수관로연장|Sheet4
1070
   125
1071
        2
  0
TEXT
  5
CF4
330
1F
100
AcDbEntity
  8
오수원형관로연장(2공구)
 62
     7
100
AcDbText
 10
176263.3643150197
 20
417983.0792777553
 30
0.0
 40
3.999999999999998
  1
D300mm L=21.72m
 50
47.79095288168217
 41
0.7
 72
     1
 11
176274.9405435456
 21
417995.842028629
 31
0.0
100
AcDbText
1001
Dream_TTE
1000
통합 문서1|2공구
1070
   129
1071
        2
  0
TEXT
  5
CF5
330
1F
100
AcDbEntity
  8
오수원형관로명(2공구)
 62
     7
100
AcDbText
 10
175760.6367600268
 20
418456.4847600246
 30
0.0
 40
3.999999999999998
  1
E55-20-01
 50
317.7909528816821
 41
0.8
 72
     1
 11
175768.3683187227
 21
418449.471985803
 31
0.0
100
AcDbText
1001
Dream_TTE
1000
공구별 오수관로연장|Sheet4
1070
    68
1071
        2
  0
TEXT
  5
CF6
330
1F
100
AcDbEntity
  8
오수원형관로연장(2공구)
 62
     7
100
AcDbText
 10
175752.7035885095
 20
418457.8487924041
 30
0.0
 40
3.999999999999998
  1
D300mm L=60.00m
 50
317.7909528816821
 41
0.7
 72
     1
 11
175765.4663393832
 21
418446.2725638783
 31
0.0
100
AcDbText
1001
Dream_TTE
1000
통합 문서1|2공구
1070
    67
1071
        2
  0
TEXT
  5
CF7
330
1F
100
AcDbEntity
  8
오수원형관로명(2공구)
 62
     7
100
AcDbText
 10
176192.4922784627
 20
418625.0393894115
 30
0.0
 40
3.999999999999998
  1
D39-01
 50
47.79095289110395
 41
0.8
 72
     1
 11
176197.4174985001
 21
418630.4694270284
 31
0.0
100
AcDbText
1001
Dream_TTE
1000
공구별 오수관로연장|Sheet4
1070
    42
1071
        2
  0
TEXT
  5
CF8
330
1F
100
AcDbEntity
  8
오수원형관로연장(2공구)
 62
     7
100
AcDbText
 10
176189.7714641839
 20
418615.6103706622
 30
0.0
 40
3.999999999999998
  1
D300mm L=3.00m
 50
47.79095289110395
 41
0.7
 72
     1
 11
176200.6169204254
 21
418627.5674476894
 31
0.0
100
AcDbText
1001
Dream_TTE
1000
통합 문서1|2공구
1070
    41
1071
        2
  0
TEXT
  5
CF9
330
1F
100
AcDbEntity
  8
오수원형관로연장(2공구)
 62
     7
100
AcDbText
 10
176117.4519152458
 20
418679.726764768
 30
0.0
 40
3.999999999999998
  1
D300mm L=40.93m
 50
317.7909528816821
 41
0.7
 72
     1
 11
176130.2146661195
 21
418668.1505362422
 31
0.0
100
AcDbText
1001
Dream_TTE
1000
통합 문서1|2공구
1070
    34
1071
        2
  0
TEXT
  5
CFA
330
1F
100
AcDbEntity
  8
오수원형관로명(2공구)
 62
     7
100
AcDbText
 10
176127.6866078429
 20
418676.2751782054
 30
0.0
 40
3.999999999999998
  1
D40-01
 50
317.7909528816821
 41
0.8
 72
     1
 11
176133.116645459
 21
418671.349958167
 31
0.0
100
AcDbText
1001
Dream_TTE
1000
공구별 오수관로연장|Sheet4
1070
    35
1071
        2
  0
TEXT
  5
CFB
330
1F
100
AcDbEntity
  8
오수원형관로명(2공구)
 62
     7
100
AcDbText
 10
176125.5928909281
 20
418692.5472375016
 30
0.0
 40
3.999999999999998
  1
D40-02
 50
47.79095289110395
 41
0.8
 72
     1
 11
176130.5181109656
 21
418697.9772751185
 31
0.0
100
AcDbText
1001
Dream_TTE
1000
공구별 오수관로연장|Sheet4
1070
    34
1071
        2
  0
TEXT
  5
CFC
330
1F
100
AcDbEntity
  8
오수원형관로연장(2공구)
 62
     7
100
AcDbText
 10
176122.8720766494
 20
418683.1182187523
 30
0.0
 40
3.999999999999998
  1
D300mm L=3.00m
 50
47.79095289110395
 41
0.7
 72
     1
 11
176133.7175328909
 21
418695.0752957794
 31
0.0
100
AcDbText
1001
Dream_TTE
1000
통합 문서1|2공구
1070
    33
1071
        2
  0
TEXT
  5
CFD
330
1F
100
AcDbEntity
  8
오수원형관로명(2공구)
 62
     7
100
AcDbText
 10
176497.8751703403
 20
418844.2935064397
 30
0.0
 40
3.999999999999998
  1
B12
 50
317.7929584718317
 41
0.8
 72
     1
 11
176500.8210815057
 21
418841.6216575221
 31
0.0
100
AcDbText
1001
Dream_TTE
1000
공구별 오수관로연장|Sheet4
1070
    19
1071
        2
  0
TEXT
  5
CFE
330
1F
100
AcDbEntity
  8
오수원형관로명(2공구)
 62
     7
100
AcDbText
 10
176552.0484307261
 20
418794.7608900239
 30
0.0
 40
4.0
  1
B11
 50
317.7929584718317
 41
0.8
 72
     1
 11
176554.9943418915
 21
418792.0890411063
 31
0.0
100
AcDbText
1001
Dream_TTE
1000
공구별 오수관로연장|Sheet4
1070
    24
1071
        2
  0
TEXT
  5
CFF
330
1F
100
AcDbEntity
  8
오수원형관로명(2공구)
 62
     7
100
AcDbText
 10
176656.8974012074
 20
418699.4339401126
 30
0.0
 40
3.999999999999998
  1
B09
 50
317.7929584718317
 41
0.8
 72
     1
 11
176659.8433123728
 21
418696.7620911949
 31
0.0
100
AcDbText
1001
Dream_TTE
1000
공구별 오수관로연장|Sheet4
1070
    33
1071
        2
  0
TEXT
  5
D00
330
1F
100
AcDbEntity
  8
오수원형관로명(2공구)
 62
     7
100
AcDbText
 10
176603.1174341568
 20
418748.0507405578
 30
0.0
 40
3.999999999999998
  1
B10
 50
317.7929584718317
 41
0.8
 72
     1
 11
176606.0633453222
 21
418745.3788916402
 31
0.0
100
AcDbText
1001
Dream_TTE
1000
공구별 오수관로연장|Sheet4
1070
    28
1071
        2
  0
TEXT
  5
D01
330
1F
100
AcDbEntity
  8
오수원형관로명(2공구)
 62
     7
100
AcDbText
 10
176767.8501552551
 20
418599.0527243151
 30
0.0
 40
4.0
  1
B07
 50
317.7929584718317
 41
0.8
 72
     1
 11
176770.7960664205
 21
418596.3808753975
 31
0.0
100
AcDbText
1001
Dream_TTE
1000
공구별 오수관로연장|Sheet4
1070
    46
1071
        2
  0
TEXT
  5
D02
330
1F
100
AcDbEntity
  8
오수원형관로명(2공구)
 62
     7
100
AcDbText
 10
176714.5501119023
 20
418647.5484623543
 30
0.0
 40
3.999999999999998
  1
B08
 50
317.7929584718317
 41
0.8
 72
     1
 11
176717.4960230677
 21
418644.8766134367
 31
0.0
100
AcDbText
1001
Dream_TTE
1000
공구별 오수관로연장|Sheet4
1070
    39
1071
        2
  0
TEXT
  5
D03
330
1F
100
AcDbEntity
  8
오수원형관로명(2공구)
 62
     7
100
AcDbText
 10
176219.1889870176
 20
418634.9758230589
 30
0.0
 40
3.999999999999998
  1
D38-02
 50
47.79095289110395
 41
0.8
 72
     1
 11
176224.114207055
 21
418640.4058606757
 31
0.0
100
AcDbText
1001
Dream_TTE
1000
공구별 오수관로연장|Sheet4
1070
    43
1071
        2
  0
TEXT
  5
D04
330
1F
100
AcDbEntity
  8
오수원형관로명(2공구)
 62
     7
100
AcDbText
 10
176256.3656285931
 20
418678.4954665527
 30
0.0
 40
3.999999999999998
  1
D38-01
 50
47.79095289110395
 41
0.8
 72
     1
 11
176261.2908486306
 21
418683.9255041696
 31
0.0
100
AcDbText
1001
Dream_TTE
1000
공구별 오수관로연장|Sheet4
1070
    37
1071
        2
  0
TEXT
  5
D05
330
1F
100
AcDbEntity
  8
오수원형관로명(2공구)
 62
     7
100
AcDbText
 10
176497.5534898421
 20
418342.1457153105
 30
0.0
 40
3.999999999999998
  1
D31
 50
317.7909528816821
 41
0.8
 72
     1
 11
176500.5906569291
 21
418339.3909063655
 31
0.0
100
AcDbText
1001
Dream_TTE
1000
공구별 오수관로연장|Sheet4
1070
    82
1071
        2
  0
TEXT
  5
D06
330
1F
100
AcDbEntity
  8
오수원형관로명(2공구)
 62
     7
100
AcDbText
 10
176629.6499106698
 20
418451.6807710201
 30
0.0
 40
3.999999999999998
  1
C01
 50
47.79095289110395
 41
0.8
 72
     1
 11
176632.4047196144
 21
418454.7179381076
 31
0.0
100
AcDbText
1001
Dream_TTE
1000
공구별 오수관로연장|Sheet4
1070
    69
1071
        2
  0
TEXT
  5
D07
330
1F
100
AcDbEntity
  8
오수원형관로명(2공구)
 62
     7
100
AcDbText
 10
176471.2966533893
 20
418313.6143354085
 30
0.0
 40
3.999999999999998
  1
D45-07
 50
317.7909528822423
 41
0.8
 72
     1
 11
176476.7266910054
 21
418308.6891153702
 31
0.0
100
AcDbText
1001
Dream_TTE
1000
공구별 오수관로연장|Sheet4
1070
    85
1071
        2
  0
TEXT
  5
D08
330
1F
100
AcDbEntity
  8
오수원형관로명(2공구)
 62
     7
100
AcDbText
 10
176511.1804922923
 20
418281.8195062216
 30
0.0
 40
3.999999999999998
  1
D45-06
 50
316.9455371921204
 41
0.8
 72
     1
 11
176516.5372684094
 21
418276.8147034713
 31
0.0
100
AcDbText
1001
Dream_TTE
1000
공구별 오수관로연장|Sheet4
1070
    89
1071
        2
  0
TEXT
  5
D09
330
1F
100
AcDbEntity
  8
오수원형관로명(2공구)
 62
     7
100
AcDbText
 10
176245.8204494456
 20
418522.5535528629
 30
0.0
 40
3.999999999999998
  1
D45-12
 50
317.7909528816821
 41
0.8
 72
     1
 11
176251.2504870617
 21
418517.6283328245
 31
0.0
100
AcDbText
1001
Dream_TTE
1000
공구별 오수관로연장|Sheet4
1070
    56
1071
        2
  0
TEXT
  5
D0A
330
1F
100
AcDbEntity
  8
오수원형관로명(2공구)
 62
     7
100
AcDbText
 10
176213.8476380123
 20
418551.1528591506
 30
0.0
 40
3.999999999999998
  1
D45-13
 50
317.7909528816821
 41
0.8
 72
     1
 11
176219.2776756284
 21
418546.2276391123
 31
0.0
100
AcDbText
1001
Dream_TTE
1000
공구별 오수관로연장|Sheet4
1070
    49
1071
        2
  0
TEXT
  5
D0B
330
1F
100
AcDbEntity
  8
오수원형관로명(2공구)
 62
     7
100
AcDbText
 10
176682.2516930984
 20
418494.198316642
 30
0.0
 40
3.999999999999998
  1
C02
 50
47.79095289110395
 41
0.8
 72
     1
 11
176685.006502043
 21
418497.2354837295
 31
0.0
100
AcDbText
1001
Dream_TTE
1000
공구별 오수관로연장|Sheet4
1070
    61
1071
        2
  0
TEXT
  5
D0C
330
1F
100
AcDbEntity
  8
오수원형관로명(2공구)
 62
     7
100
AcDbText
 10
176727.9401948957
 20
418543.484532107
 30
0.0
 40
3.999999999999998
  1
C03
 50
47.79095289110395
 41
0.8
 72
     1
 11
176730.6950038403
 21
418546.5216991945
 31
0.0
100
AcDbText
1001
Dream_TTE
1000
공구별 오수관로연장|Sheet4
1070
    52
1071
        2
  0
TEXT
  5
D0D
330
1F
100
AcDbEntity
  8
오수원형관로명(2공구)
 62
     7
100
AcDbText
 10
176734.287789783
 20
418598.8899019139
 30
0.0
 40
3.999999999999998
  1
C04
 50
317.7909528822423
 41
0.8
 72
     1
 11
176737.3249568701
 21
418596.1350929689
 31
0.0
100
AcDbText
1001
Dream_TTE
1000
공구별 오수관로연장|Sheet4
1070
    47
1071
        2
  0
TEXT
  5
D0E
330
1F
100
AcDbEntity
  8
오수원형관로명(2공구)
 62
     7
100
AcDbText
 10
176701.9871523839
 20
418630.9100888613
 30
0.0
 40
3.999999999999998
  1
C05
 50
309.2601872746393
 41
0.8
 72
     1
 11
176704.5820677195
 21
418627.7352234091
 31
0.0
100
AcDbText
1001
Dream_TTE
1000
공구별 오수관로연장|Sheet4
1070
    41
1071
        2
  0
TEXT
  5
D0F
330
1F
100
AcDbEntity
  8
오수원형관로명(2공구)
 62
     7
100
AcDbText
 10
176666.5200885089
 20
418664.4076333315
 30
0.0
 40
3.999999999999998
  1
C06
 50
317.7909528822423
 41
0.8
 72
     1
 11
176669.557255596
 21
418661.6528243866
 31
0.0
100
AcDbText
1001
Dream_TTE
1000
공구별 오수관로연장|Sheet4
1070
    36
1071
        2
  0
TEXT
  5
D10
330
1F
100
AcDbEntity
  8
오수원형관로명(2공구)
 62
     7
100
AcDbText
 10
176610.9676994306
 20
418714.7954499911
 30
0.0
 40
3.999999999999998
  1
C07
 50
317.7909528822423
 41
0.8
 72
     1
 11
176614.0048665176
 21
418712.040641046
 31
0.0
100
AcDbText
1001
Dream_TTE
1000
공구별 오수관로연장|Sheet4
1070
    30
1071
        2
  0
TEXT
  5
D11
330
1F
100
AcDbEntity
  8
오수원형관로명(2공구)
 62
     7
100
AcDbText
 10
176555.4153103525
 20
418765.1832666503
 30
0.0
 40
3.999999999999998
  1
C08
 50
317.7909528822423
 41
0.8
 72
     1
 11
176558.4524774396
 21
418762.4284577053
 31
0.0
100
AcDbText
1001
Dream_TTE
1000
공구별 오수관로연장|Sheet4
1070
    26
1071
        2
  0
TEXT
  5
D12
330
1F
100
AcDbEntity
  8
오수원형관로명(2공구)
 62
     7
100
AcDbText
 10
176499.8629212743
 20
418815.5710833098
 30
0.0
 40
3.999999999999998
  1
C09
 50
317.7909528822423
 41
0.8
 72
     1
 11
176502.9000883614
 21
418812.8162743647
 31
0.0
100
AcDbText
1001
Dream_TTE
1000
공구별 오수관로연장|Sheet4
1070
    22
1071
        2
  0
TEXT
  5
D13
330
1F
100
AcDbEntity
  8
오수원형관로명(2공구)
 62
     7
100
AcDbText
 10
176375.5642052356
 20
417909.5195591793
 30
0.0
 40
3.999999999999998
  1
E55-08
 50
317.7909528833627
 41
0.8
 72
     1
 11
176380.9028934026
 21
417904.6771960511
 31
0.0
100
AcDbText
1001
Dream_TTE
1000
공구별 오수관로연장|Sheet4
1070
   135
1071
        2
  0
TEXT
  5
D14
330
1F
100
AcDbEntity
  8
오수원형관로연장(2공구)
 62
     7
100
AcDbText
 10
176372.1242342283
 20
417906.808113127
 30
0.0
 40
3.999999999999998
  1
D300mm
 50
317.7909528833627
 41
0.7
 72
     1
 11
176378.0009140632
 21
417901.4777741263
 31
0.0
100
AcDbText
1001
Dream_TTE
1000
통합 문서1|2공구
1070
   137
1071
        2
  0
TEXT
  5
D15
330
1F
100
AcDbEntity
  8
오수원형관로연장(2공구)
 62
     7
100
AcDbText
 10
176367.6936835641
 20
417903.6394744091
 30
0.0
 40
3.999999999999998
  1
L=18.31m
 50
317.7909528833627
 41
0.7
 72
     1
 11
176374.177271355
 21
417897.75865023
 31
0.0
100
AcDbText
1001
Dream_TTE
1000
통합 문서1|2공구
1070
   138
1071
        2
  0
TEXT
  5
D16
330
1F
100
AcDbEntity
  8
오수원형관로명(2공구)
 62
     7
100
AcDbText
 10
176627.3696259158
 20
418182.5368524307
 30
0.0
 40
3.999999999999998
  1
D45-03
 50
317.7909528833627
 41
0.8
 72
     1
 11
176632.799663532
 21
418177.6116323926
 31
0.0
100
AcDbText
1001
Dream_TTE
1000
공구별 오수관로연장|Sheet4
1070
   105
1071
        2
  0
TEXT
  5
D17
330
1F
100
AcDbEntity
  8
오수원형관로연장(2공구)
 62
     7
100
AcDbText
 10
176624.0210043577
 20
418179.7425494685
 30
0.0
 40
3.999999999999998
  1
D300mm
 50
317.7909528833627
 41
0.7
 72
     1
 11
176629.8976841926
 21
418174.4122104678
 31
0.0
100
AcDbText
1001
Dream_TTE
1000
통합 문서1|2공구
1070
   105
1071
        2
  0
TEXT
  5
D18
330
1F
100
AcDbEntity
  8
오수원형관로연장(2공구)
 62
     7
100
AcDbText
 10
176620.3961275418
 20
418175.8431384682
 30
0.0
 40
3.999999999999998
  1
L=8.00m
 50
317.7909528833627
 41
0.7
 72
     1
 11
176626.0740414844
 21
418170.6930865714
 31
0.0
100
AcDbText
1001
Dream_TTE
1000
통합 문서1|2공구
1070
   106
1071
        2
  0
TEXT
  5
D19
330
1F
100
AcDbEntity
  8
오수원형관로연장(2공구)
 62
     7
100
AcDbText
 10
176524.2082425302
 20
418315.1204689213
 30
0.0
 40
3.999999999999998
  1
D600mm L=60.00m
 50
47.79095288168217
 41
0.7
 72
     1
 11
176535.784471056
 21
418327.8832197951
 31
0.0
100
AcDbText
1001
Dream_TTE
1000
통합 문서1|2공구
1070
    85
1071
        2
  0
TEXT
  5
D1A
330
1F
100
AcDbEntity
  8
오수원형관로명(2공구)
 62
     7
100
AcDbText
 10
176527.6598290929
 20
418325.3551615186
 30
0.0
 40
3.999999999999998
  1
D31-01
 50
47.79095288168217
 41
0.8
 72
     1
 11
176532.5850491312
 21
418330.7851991346
 31
0.0
100
AcDbText
1001
Dream_TTE
1000
공구별 오수관로연장|Sheet4
1070
    85
1071
        2
  0
TEXT
  5
D1B
330
1F
100
AcDbEntity
  8
오수원형관로연장(2공구)
 62
     7
100
AcDbText
 10
176561.8480476081
 20
418356.3215677471
 30
0.0
 40
3.999999999999998
  1
D600mm L=60.00m
 50
47.79095288168217
 41
0.7
 72
     1
 11
176573.424276134
 21
418369.0843186208
 31
0.0
100
AcDbText
1001
Dream_TTE
1000
통합 문서1|2공구
1070
    85
1071
        2
  0
TEXT
  5
D1C
330
1F
100
AcDbEntity
  8
오수원형관로명(2공구)
 62
     7
100
AcDbText
 10
176565.2996341708
 20
418366.5562603443
 30
0.0
 40
3.999999999999998
  1
D31-02
 50
47.79095288168217
 41
0.8
 72
     1
 11
176570.2248542092
 21
418371.9862979604
 31
0.0
100
AcDbText
1001
Dream_TTE
1000
공구별 오수관로연장|Sheet4
1070
    85
1071
        2
  0
TEXT
  5
D1D
330
1F
100
AcDbEntity
  8
오수원형관로연장(2공구)
 62
     7
100
AcDbText
 10
176598.0910453313
 20
418397.6116020384
 30
0.0
 40
3.999999999999998
  1
D600mm L=33.39m
 50
47.79095288168217
 41
0.7
 72
     1
 11
176609.6672738571
 21
418410.3743529121
 31
0.0
100
AcDbText
1001
Dream_TTE
1000
통합 문서1|2공구
1070
    85
1071
        2
  0
TEXT
  5
D1E
330
1F
100
AcDbEntity
  8
오수원형관로명(2공구)
 62
     7
100
AcDbText
 10
176601.5426318939
 20
418407.8462946358
 30
0.0
 40
3.999999999999998
  1
D31-03
 50
47.79095288168217
 41
0.8
 72
     1
 11
176606.4678519323
 21
418413.2763322518
 31
0.0
100
AcDbText
1001
Dream_TTE
1000
공구별 오수관로연장|Sheet4
1070
    85
1071
        2
  0
TEXT
  5
D1F
330
1F
100
AcDbEntity
  8
오수원형관로명(2공구)
 62
     7
100
AcDbText
 10
176071.1336244766
 20
418419.0672796898
 30
0.0
 40
3.999999999999998
  1
E55-18-01-01
 50
57.50093858107916
 41
0.8
 72
     1
 11
176078.4776542327
 21
418430.5955140126
 31
0.0
100
AcDbText
1001
Dream_TTE
1000
공구별 오수관로연장|Sheet4
1070
    77
1071
        2
  0
TEXT
  5
D20
330
1F
100
AcDbEntity
  8
오수원형관로연장(2공구)
 62
     7
100
AcDbText
 10
176072.7207215947
 20
418413.5329914902
 30
0.0
 40
3.999999999999998
  1
D300mm L=65.00m
 50
57.50093858107916
 41
0.7
 72
     1
 11
176081.9785296256
 21
418428.0653645659
 31
0.0
100
AcDbText
1001
Dream_TTE
1000
통합 문서1|2공구
1070
    78
1071
        2
  0
TEXT
  5
D21
330
1F
100
AcDbEntity
  8
오수원형관로명(2공구)
 62
     7
100
AcDbText
 10
176098.3832961318
 20
418489.3158927136
 30
0.0
 40
3.999999999999998
  1
E55-18-01-02
 50
57.50093858107916
 41
0.8
 72
     1
 11
176105.7273258879
 21
418500.8441270364
 31
0.0
100
AcDbText
1001
Dream_TTE
1000
공구별 오수관로연장|Sheet4
1070
    77
1071
        2
  0
TEXT
  5
D22
330
1F
100
AcDbEntity
  8
오수원형관로연장(2공구)
 62
     7
100
AcDbText
 10
176099.97039325
 20
418483.7816045144
 30
0.0
 40
3.999999999999998
  1
D300mm L=65.00m
 50
57.50093858107916
 41
0.7
 72
     1
 11
176109.2282012809
 21
418498.31397759
 31
0.0
100
AcDbText
1001
Dream_TTE
1000
통합 문서1|2공구
1070
    78
1071
        2
  0
TEXT
  5
D23
330
1F
100
AcDbEntity
  8
오수원형관로명(2공구)
 62
     7
100
AcDbText
 10
176131.0463484948
 20
418537.8959699111
 30
0.0
 40
3.999999999999996
  1
E55-18-01-03
 50
50.60592445277786
 41
0.8
 72
     1
 11
176139.7212344074
 21
418548.4591755828
 31
0.0
100
AcDbText
1001
Dream_TTE
1000
공구별 오수관로연장|Sheet4
1070
    77
1071
        2
  0
TEXT
  5
D24
330
1F
100
AcDbEntity
  8
오수원형관로연장(2공구)
 62
     7
100
AcDbText
 10
176132.2866382493
 20
418532.6131582072
 30
0.0
 40
3.999999999999996
  1
D300mm L=73.04m
 50
50.60592445277786
 41
0.7
 72
     1
 11
176143.2221098004
 21
418545.9290261362
 31
0.0
100
AcDbText
1001
Dream_TTE
1000
통합 문서1|2공구
1070
    78
1071
        2
  0
TEXT
  5
D25
330
1F
100
AcDbEntity
  8
오수원형관로연장(2공구)
 62
     7
100
AcDbText
 10
176443.3335669635
 20
418861.0134278792
 30
0.0
 40
3.999999999999998
  1
D600mm L=46.57m
 50
317.7909528822423
 41
0.7
 72
     1
 11
176456.0963178373
 21
418849.4371993535
 31
0.0
100
AcDbText
1001
Dream_TTE
1000
통합 문서1|2공구
1070
    16
1071
        2
  0
TEXT
  5
D26
330
1F
100
AcDbEntity
  8
오수원형관로명(2공구)
 62
     7
100
AcDbText
 10
176455.3781315889
 20
418855.9202287532
 30
0.0
 40
3.999999999999998
  1
C10
 50
317.7909528822423
 41
0.8
 72
     1
 11
176458.415298676
 21
418853.1654198081
 31
0.0
100
AcDbText
1001
Dream_TTE
1000
공구별 오수관로연장|Sheet4
1070
    17
1071
        2
  0
TEXT
  5
D27
330
1F
100
AcDbEntity
  8
오수원형관로연장(2공구)
 62
     7
100
AcDbText
 10
176293.1668244057
 20
418728.8010434153
 30
0.0
 40
3.999999999999998
  1
D400mm L=75.00m
 50
47.79095289110395
 41
0.7
 72
     1
 11
176304.7430529294
 21
418741.5637942909
 31
0.0
100
AcDbText
1001
Dream_TTE
1000
통합 문서1|2공구
1070
    38
1071
        2
  0
TEXT
  5
D28
330
1F
100
AcDbEntity
  8
오수원형관로명(2공구)
 62
     7
100
AcDbText
 10
176294.4479998739
 20
418736.6428654837
 30
0.0
 40
3.999999999999998
  1
D38-01-01
 50
47.79095289110395
 41
0.8
 72
     1
 11
176301.5436310043
 21
418744.46577363
 31
0.0
100
AcDbText
1001
Dream_TTE
1000
공구별 오수관로연장|Sheet4
1070
    37
1071
        2
  0
TEXT
  5
D29
330
1F
100
AcDbEntity
  8
오수원형관로연장(2공구)
 62
     7
100
AcDbText
 10
176350.3304875702
 20
418775.6620595091
 30
0.0
 40
3.999999999999998
  1
D400mm L=75.00m
 50
47.79095289110395
 41
0.7
 72
     1
 11
176361.906716094
 21
418788.4248103848
 31
0.0
100
AcDbText
1001
Dream_TTE
1000
통합 문서1|2공구
1070
    38
1071
        2
  0
TEXT
  5
D2A
330
1F
100
AcDbEntity
  8
오수원형관로명(2공구)
 62
     7
100
AcDbText
 10
176351.6116630385
 20
418783.5038815776
 30
0.0
 40
3.999999999999998
  1
D38-01-02
 50
47.79095289110395
 41
0.8
 72
     1
 11
176358.7072941688
 21
418791.3267897239
 31
0.0
100
AcDbText
1001
Dream_TTE
1000
공구별 오수관로연장|Sheet4
1070
    37
1071
        2
  0
TEXT
  5
D2B
330
1F
100
AcDbEntity
  8
오수원형관로연장(2공구)
 62
     7
100
AcDbText
 10
176398.0309540117
 20
418828.2516545076
 30
0.0
 40
3.999999999999998
  1
D400mm L=67.00m
 50
47.79095289110395
 41
0.7
 72
     1
 11
176409.6071825354
 21
418841.0144053832
 31
0.0
100
AcDbText
1001
Dream_TTE
1000
통합 문서1|2공구
1070
    38
1071
        2
  0
TEXT
  5
D2C
330
1F
100
AcDbEntity
  8
오수원형관로명(2공구)
 62
     7
100
AcDbText
 10
176399.31212948
 20
418836.0934765757
 30
0.0
 40
3.999999999999998
  1
D38-01-03
 50
47.79095289110395
 41
0.8
 72
     1
 11
176406.4077606103
 21
418843.916384722
 31
0.0
100
AcDbText
1001
Dream_TTE
1000
공구별 오수관로연장|Sheet4
1070
    37
1071
        2
  0
TEXT
  5
D2D
330
1F
100
AcDbEntity
  8
오수원형관로명(2공구)
 62
     7
100
AcDbText
 10
176197.6339777996
 20
418664.1732179897
 30
0.0
 40
3.999999999999998
  1
D39-02
 50
317.7909528816821
 41
0.8
 72
     1
 11
176203.0640154157
 21
418659.2479979514
 31
0.0
100
AcDbText
1001
Dream_TTE
1000
공구별 오수관로연장|Sheet4
1070
    40
1071
        2
  0
TEXT
  5
D2E
330
1F
100
AcDbEntity
  8
오수원형관로연장(2공구)
 62
     7
100
AcDbText
 10
176187.3992852024
 20
418667.6248045529
 30
0.0
 40
3.999999999999998
  1
D300mm L=11.07m
 50
317.7909528816821
 41
0.7
 72
     1
 11
176200.1620360761
 21
418656.048576027
 31
0.0
100
AcDbText
1001
Dream_TTE
1000
통합 문서1|2공구
1070
    39
1071
        2
  0
TEXT
  5
D2F
330
1F
100
AcDbEntity
  8
오수원형관로명(2공구)
 62
     7
100
AcDbText
 10
175550.3005546193
 20
417424.2965509967
 30
0.0
 40
3.999999999999998
  1
H24
 50
317.7909528833627
 41
0.8
 72
     1
 11
175553.3377217064
 21
417421.5417420518
 31
0.0
100
AcDbText
1001
Dream_TTE
1000
공구별 오수관로연장|Sheet4
1070
   185
1071
        2
  0
TEXT
  5
D30
330
1F
100
AcDbEntity
  8
오수원형관로연장(2공구)
 62
     7
100
AcDbText
 10
175537.672991493
 20
417429.9185486524
 30
0.0
 40
3.999999999999998
  1
D300mm L=72.02m
 50
317.7909528833627
 41
0.7
 72
     1
 11
175550.435742367
 21
417418.3423201269
 31
0.0
100
AcDbText
1001
Dream_TTE
1000
통합 문서1|2공구
1070
   190
1071
        2
  0
TEXT
  5
D31
330
1F
100
AcDbEntity
  8
오수원형관로명(2공구)
 62
     7
100
AcDbText
 10
175494.6897254458
 20
417475.4756480763
 30
0.0
 40
3.999999999999998
  1
H25
 50
317.7909528833627
 41
0.8
 72
     1
 11
175497.7268925329
 21
417472.7208391313
 31
0.0
100
AcDbText
1001
Dream_TTE
1000
공구별 오수관로연장|Sheet4
1070
   179
1071
        2
  0
TEXT
  5
D32
330
1F
100
AcDbEntity
  8
오수원형관로연장(2공구)
 62
     7
100
AcDbText
 10
175482.0621623195
 20
417481.097645732
 30
0.0
 40
3.999999999999998
  1
D300mm L=75.00m
 50
317.7909528833627
 41
0.7
 72
     1
 11
175494.8249131935
 21
417469.5214172065
 31
0.0
100
AcDbText
1001
Dream_TTE
1000
통합 문서1|2공구
1070
   184
1071
        2
  0
TEXT
  5
D33
330
1F
100
AcDbEntity
  8
오수원형관로명(2공구)
 62
     7
100
AcDbText
 10
175438.0517375774
 20
417526.9785388718
 30
0.0
 40
3.999999999999998
  1
H26
 50
317.7909528833627
 41
0.8
 72
     1
 11
175441.0889046645
 21
417524.2237299268
 31
0.0
100
AcDbText
1001
Dream_TTE
1000
공구별 오수관로연장|Sheet4
1070
   173
1071
        2
  0
TEXT
  5
D34
330
1F
100
AcDbEntity
  8
오수원형관로연장(2공구)
 62
     7
100
AcDbText
 10
175425.4241744511
 20
417532.6005365273
 30
0.0
 40
3.999999999999998
  1
D300mm L=75.00m
 50
317.7909528833627
 41
0.7
 72
     1
 11
175438.1869253251
 21
417521.0243080018
 31
0.0
100
AcDbText
1001
Dream_TTE
1000
통합 문서1|2공구
1070
   178
1071
        2
  0
TEXT
  5
D35
330
1F
100
AcDbEntity
  8
오수원형관로명(2공구)
 62
     7
100
AcDbText
 10
175380.7520027617
 20
417574.0265050265
 30
0.0
 40
3.999999999999998
  1
H27
 50
317.7909528833627
 41
0.8
 72
     1
 11
175383.7891698488
 21
417571.2716960815
 31
0.0
100
AcDbText
1001
Dream_TTE
1000
공구별 오수관로연장|Sheet4
1070
   168
1071
        2
  0
TEXT
  5
D36
330
1F
100
AcDbEntity
  8
오수원형관로연장(2공구)
 62
     7
100
AcDbText
 10
175368.1244396354
 20
417579.6485026822
 30
0.0
 40
3.999999999999998
  1
D300mm L=71.58m
 50
317.7909528833627
 41
0.7
 72
     1
 11
175380.8871905094
 21
417568.0722741567
 31
0.0
100
AcDbText
1001
Dream_TTE
1000
통합 문서1|2공구
1070
   173
1071
        2
  0
TEXT
  5
D37
330
1F
100
AcDbEntity
  8
오수원형관로명(2공구)
 62
     7
100
AcDbText
 10
175339.6702803174
 20
417626.5649300792
 30
0.0
 40
3.999999999999998
  1
H28
 50
317.7909528833627
 41
0.8
 72
     1
 11
175342.7074474045
 21
417623.8101211342
 31
0.0
100
AcDbText
1001
Dream_TTE
1000
공구별 오수관로연장|Sheet4
1070
   163
1071
        2
  0
TEXT
  5
D38
330
1F
100
AcDbEntity
  8
오수원형관로연장(2공구)
 62
     7
100
AcDbText
 10
175327.0427171911
 20
417632.1869277351
 30
0.0
 40
3.999999999999998
  1
D300mm L=75.00m
 50
317.7909528833627
 41
0.7
 72
     1
 11
175339.8054680651
 21
417620.6106992096
 31
0.0
100
AcDbText
1001
Dream_TTE
1000
통합 문서1|2공구
1070
   165
1071
        2
  0
TEXT
  5
D39
330
1F
100
AcDbEntity
  8
오수원형관로명(2공구)
 62
     7
100
AcDbText
 10
175287.5919768261
 20
417670.3342524596
 30
0.0
 40
3.999999999999998
  1
H29
 50
317.7909528833627
 41
0.8
 72
     1
 11
175290.6291439132
 21
417667.5794435147
 31
0.0
100
AcDbText
1001
Dream_TTE
1000
공구별 오수관로연장|Sheet4
1070
   156
1071
        2
  0
TEXT
  5
D3A
330
1F
100
AcDbEntity
  8
오수원형관로연장(2공구)
 62
     7
100
AcDbText
 10
175274.5619304516
 20
417676.321315461
 30
0.0
 40
3.999999999999998
  1
D300mm L=66.72.m
 50
317.7909528833627
 41
0.7
 72
     1
 11
175287.7271645738
 21
417664.3800215899
 31
0.0
100
AcDbText
1001
Dream_TTE
1000
통합 문서1|2공구
1070
   158
1071
        2
  0
TEXT
  5
D3B
330
1F
100
AcDbEntity
  8
오수원형관로명(2공구)
 62
     7
100
AcDbText
 10
175241.7432686472
 20
417715.9678151864
 30
0.0
 40
3.999999999999998
  1
H29-1
 50
317.7909528833627
 41
0.8
 72
     1
 11
175246.2525361511
 21
417711.8777634709
 31
0.0
100
AcDbText
1001
Dream_TTE
1000
공구별 오수관로연장|Sheet4
1070
   150
1071
        2
  0
TEXT
  5
D3C
330
1F
100
AcDbEntity
  8
오수원형관로연장(2공구)
 62
     7
100
AcDbText
 10
175230.5878059378
 20
417720.2545700716
 30
0.0
 40
3.999999999999998
  1
D300mm L=45.21m
 50
317.7909528833627
 41
0.7
 72
     1
 11
175243.3505568118
 21
417708.6783415461
 31
0.0
100
AcDbText
1001
Dream_TTE
1000
통합 문서1|2공구
1070
   153
1071
        2
  0
TEXT
  5
D3D
330
1F
100
AcDbEntity
  8
오수원형관로명(2공구)
 62
     7
100
AcDbText
 10
175721.3216759269
 20
417371.8324946194
 30
0.0
 40
3.999999999999998
  1
G10-11-01
 50
47.79095288168217
 41
0.8
 72
     1
 11
175728.5008972155
 21
417379.747560616
 31
0.0
100
AcDbText
1001
Dream_TTE
1000
공구별 오수관로연장|Sheet4
1070
   191
1071
        2
  0
TEXT
  5
D3E
330
1F
100
AcDbEntity
  8
오수원형관로연장(2공구)
 62
     7
100
AcDbText
 10
175720.1240906143
 20
417364.0828304026
 30
0.0
 40
3.999999999999998
  1
D300mm L=50.89m
 50
47.79095288168217
 41
0.7
 72
     1
 11
175731.7003191402
 21
417376.8455812763
 31
0.0
100
AcDbText
1001
Dream_TTE
1000
통합 문서1|2공구
1070
   198
1071
        2
  0
TEXT
  5
D3F
330
1F
100
AcDbEntity
  8
오수원형관로명(2공구)
 62
     7
100
AcDbText
 10
175758.0692815636
 20
417471.6587852074
 30
0.0
 40
3.999999999999998
  1
G10-12-01
 50
317.7909528816821
 41
0.8
 72
     1
 11
175765.9843475602
 21
417464.4795639188
 31
0.0
100
AcDbText
1001
Dream_TTE
1000
공구별 오수관로연장|Sheet4
1070
   177
1071
        2
  0
TEXT
  5
D40
330
1F
100
AcDbEntity
  8
오수원형관로연장(2공구)
 62
     7
100
AcDbText
 10
175750.3196173469
 20
417472.8563705197
 30
0.0
 40
3.999999999999998
  1
D300mm L=30.00m
 50
317.7909528816821
 41
0.7
 72
     1
 11
175763.0823682206
 21
417461.2801419939
 31
0.0
100
AcDbText
1001
Dream_TTE
1000
통합 문서1|2공구
1070
   182
1071
        2
  0
TEXT
  5
D41
330
1F
100
AcDbEntity
  8
오수원형관로명(2공구)
 62
     7
100
AcDbText
 10
175764.9728693018
 20
417420.3897270468
 30
0.0
 40
3.999999999999998
  1
G10-11
 50
47.79095288168217
 41
0.8
 72
     1
 11
175769.9816794971
 21
417425.9119225143
 31
0.0
100
AcDbText
1001
Dream_TTE
1000
공구별 오수관로연장|Sheet4
1070
   187
1071
        2
  0
TEXT
  5
D42
330
1F
100
AcDbEntity
  8
오수원형관로연장(2공구)
 62
     7
100
AcDbText
 10
175761.6048728959
 20
417410.2471923009
 30
0.0
 40
3.999999999999998
  1
D300mm L=73.00m
 50
47.79095288168217
 41
0.7
 72
     1
 11
175773.1811014217
 21
417423.0099431746
 31
0.0
100
AcDbText
1001
Dream_TTE
1000
통합 문서1|2공구
1070
   192
1071
        2
  0
TEXT
  5
D43
330
1F
100
AcDbEntity
  8
오수원형관로명(2공구)
 62
     7
100
AcDbText
 10
175810.8638966881
 20
417470.9907318172
 30
0.0
 40
3.999999999999998
  1
G10-12
 50
47.79095288168217
 41
0.8
 72
     1
 11
175815.8727068834
 21
417476.5129272848
 31
0.0
100
AcDbText
1001
Dream_TTE
1000
공구별 오수관로연장|Sheet4
1070
   180
1071
        2
  0
TEXT
  5
D44
330
1F
100
AcDbEntity
  8
오수원형관로연장(2공구)
 62
     7
100
AcDbText
 10
175807.4959002822
 20
417460.8481970715
 30
0.0
 40
3.999999999999998
  1
D300mm L=71.08m
 50
47.79095288168217
 41
0.7
 72
     1
 11
175819.0721288081
 21
417473.6109479452
 31
0.0
100
AcDbText
1001
Dream_TTE
1000
통합 문서1|2공구
1070
   186
1071
        2
  0
TEXT
  5
D45
330
1F
100
AcDbEntity
  8
오수원형관로명(2공구)
 62
     7
100
AcDbText
 10
175761.4803436289
 20
417392.2539615964
 30
0.0
 40
3.999999999999998
  1
G10-10
 50
317.7909528816821
 41
0.8
 72
     1
 11
175767.0025390964
 21
417387.2451514012
 31
0.0
100
AcDbText
1001
Dream_TTE
1000
공구별 오수관로연장|Sheet4
1070
   186
1071
        2
  0
TEXT
  5
D46
330
1F
100
AcDbEntity
  8
오수원형관로연장(2공구)
 62
     7
100
AcDbText
 10
175751.3378088832
 20
417395.6219580023
 30
0.0
 40
3.999999999999998
  1
D300mm L=66.00m
 50
317.7909528816821
 41
0.7
 72
     1
 11
175764.1005597569
 21
417384.0457294764
 31
0.0
100
AcDbText
1001
Dream_TTE
1000
통합 문서1|2공구
1070
   191
1071
        2
  0
TEXT
  5
D47
330
1F
100
AcDbEntity
  8
오수원형관로명(2공구)
 62
     7
100
AcDbText
 10
175805.2430830633
 20
417353.852061765
 30
0.0
 40
3.999999999999998
  1
G10-09
 50
317.3715804296568
 41
0.8
 72
     1
 11
175810.7284692996
 21
417348.8029667775
 31
0.0
100
AcDbText
1001
Dream_TTE
1000
공구별 오수관로연장|Sheet4
1070
   183
1071
        2
  0
TEXT
  5
D48
330
1F
100
AcDbEntity
  8
오수원형관로연장(2공구)
 62
     7
100
AcDbText
 10
175795.1254715987
 20
417357.2942048638
 30
0.0
 40
3.999999999999998
  1
D300mm L=24.00m
 50
317.3715804296568
 41
0.7
 72
     1
 11
175807.803149959
 21
417345.6248712008
 31
0.0
100
AcDbText
1001
Dream_TTE
1000
통합 문서1|2공구
1070
   188
1071
        2
  0
TEXT
  5
D49
330
1F
100
AcDbEntity
  8
오수원형관로명(2공구)
 62
     7
100
AcDbText
 10
175786.5024308929
 20
417385.4820296283
 30
0.0
 40
3.999999999999998
  1
G10-08
 50
47.79095289110395
 41
0.8
 72
     1
 11
175791.5112410873
 21
417391.0042250967
 31
0.0
100
AcDbText
1001
Dream_TTE
1000
공구별 오수관로연장|Sheet4
1070
   181
1071
        2
  0
TEXT
  5
D4A
330
1F
100
AcDbEntity
  8
오수원형관로연장(2공구)
 62
     7
100
AcDbText
 10
175783.1344344888
 20
417375.339494882
 30
0.0
 40
3.999999999999998
  1
D300mm L=45.00m
 50
47.79095289110395
 41
0.7
 72
     1
 11
175794.7106630125
 21
417388.1022457577
 31
0.0
100
AcDbText
1001
Dream_TTE
1000
통합 문서1|2공구
1070
   185
1071
        2
  0
TEXT
  5
D4B
330
1F
100
AcDbEntity
  8
오수원형관로명(2공구)
 62
     7
100
AcDbText
 10
175869.1374632525
 20
417494.4326198457
 30
0.0
 40
3.999999999999998
  1
G10-07
 50
318.0871754136378
 41
0.8
 72
     1
 11
175874.6854806438
 21
417489.4524265382
 31
0.0
100
AcDbText
1001
Dream_TTE
1000
공구별 오수관로연장|Sheet4
1070
   176
1071
        2
  0
TEXT
  5
D4C
330
1F
100
AcDbEntity
  8
오수원형관로연장(2공구)
 62
     7
100
AcDbText
 10
175858.9776513981
 20
417497.7481339748
 30
0.0
 40
3.999999999999998
  1
D300mm L=67.22m
 50
318.0871754136378
 41
0.7
 72
     1
 11
175871.8000812132
 21
417486.2380440368
 31
0.0
100
AcDbText
1001
Dream_TTE
1000
통합 문서1|2공구
1070
   181
1071
        2
  0
TEXT
  5
D4D
330
1F
100
AcDbEntity
  8
오수원형관로연장(2공구)
 62
     7
100
AcDbText
 10
175849.4386404303
 20
417508.1164746212
 30
0.0
 40
3.999999999999998
  1
D300mm L=49.11m
 50
47.79095288168217
 41
0.7
 72
     1
 11
175861.0148689561
 21
417520.8792254949
 31
0.0
100
AcDbText
1001
Dream_TTE
1000
통합 문서1|2공구
1070
   180
1071
        2
  0
TEXT
  5
D4E
330
1F
100
AcDbEntity
  8
오수원형관로명(2공구)
 62
     7
100
AcDbText
 10
175854.9770479293
 20
417520.6518798961
 30
0.0
 40
3.999999999999998
  1
G09
 50
47.79095288168217
 41
0.8
 72
     1
 11
175857.8154470313
 21
417523.7812048345
 31
0.0
100
AcDbText
1001
Dream_TTE
1000
공구별 오수관로연장|Sheet4
1070
   174
1071
        2
  0
TEXT
  5
D4F
330
1F
100
AcDbEntity
  8
오수원형관로연장(2공구)
 62
     7
100
AcDbText
 10
175883.4844636637
 20
417546.0880687628
 30
0.0
 40
3.999999999999998
  1
D300mm L=50.00m
 50
47.79095288168217
 41
0.7
 72
     1
 11
175895.0606921895
 21
417558.8508196365
 31
0.0
100
AcDbText
1001
Dream_TTE
1000
통합 문서1|2공구
1070
   176
1071
        2
  0
TEXT
  5
D50
330
1F
100
AcDbEntity
  8
오수원형관로명(2공구)
 62
     7
100
AcDbText
 10
175889.0228711627
 20
417558.6234740375
 30
0.0
 40
3.999999999999998
  1
G08
 50
47.79095288168217
 41
0.8
 72
     1
 11
175891.8612702648
 21
417561.752798976
 31
0.0
100
AcDbText
1001
Dream_TTE
1000
공구별 오수관로연장|Sheet4
1070
   170
1071
        2
  0
TEXT
  5
D51
330
1F
100
AcDbEntity
  8
오수원형관로연장(2공구)
 62
     7
100
AcDbText
 10
175919.763677967
 20
417584.6983223739
 30
0.0
 40
3.999999999999998
  1
D300mm L=55.00m
 50
47.79095288168217
 41
0.7
 72
     1
 11
175931.3399064928
 21
417597.4610732476
 31
0.0
100
AcDbText
1001
Dream_TTE
1000
통합 문서1|2공구
1070
   172
1071
        2
  0
TEXT
  5
D52
330
1F
100
AcDbEntity
  8
오수원형관로명(2공구)
 62
     7
100
AcDbText
 10
175925.302085466
 20
417597.2337276487
 30
0.0
 40
3.999999999999998
  1
G07
 50
47.79095288168217
 41
0.8
 72
     1
 11
175928.1404845681
 21
417600.3630525872
 31
0.0
100
AcDbText
1001
Dream_TTE
1000
공구별 오수관로연장|Sheet4
1070
   165
1071
        2
  0
TEXT
  5
D53
330
1F
100
AcDbEntity
  8
오수원형관로연장(2공구)
 62
     7
100
AcDbText
 10
175950.8905492659
 20
417620.143013657
 30
0.0
 40
3.999999999999998
  1
D300mm L=44.50m
 50
47.79095288168217
 41
0.7
 72
     1
 11
175962.4667777917
 21
417632.9057645307
 31
0.0
100
AcDbText
1001
Dream_TTE
1000
통합 문서1|2공구
1070
   168
1071
        2
  0
TEXT
  5
D54
330
1F
100
AcDbEntity
  8
오수원형관로명(2공구)
 62
     7
100
AcDbText
 10
175954.2585456716
 20
417630.2855484027
 30
0.0
 40
3.999999999999998
  1
G07-03
 50
47.79095288168217
 41
0.8
 72
     1
 11
175959.2673558669
 21
417635.8077438702
 31
0.0
100
AcDbText
1001
Dream_TTE
1000
공구별 오수관로연장|Sheet4
1070
   161
1071
        2
  0
TEXT
  5
D55
330
1F
100
AcDbEntity
  8
오수원형관로연장(2공구)
 62
     7
100
AcDbText
 10
175986.8338177867
 20
417643.8534324119
 30
0.0
 40
3.999999999999998
  1
D300mm L=66.00m
 50
317.7909528816821
 41
0.7
 72
     1
 11
175999.5965686604
 21
417632.2772038861
 31
0.0
100
AcDbText
1001
Dream_TTE
1000
통합 문서1|2공구
1070
   163
1071
        2
  0
TEXT
  5
D56
330
1F
100
AcDbEntity
  8
오수원형관로명(2공구)
 62
     7
100
AcDbText
 10
175996.9763525325
 20
417640.485436006
 30
0.0
 40
3.999999999999998
  1
G07-02
 50
317.7909528816821
 41
0.8
 72
     1
 11
176002.498548
 21
417635.4766258108
 31
0.0
100
AcDbText
1001
Dream_TTE
1000
공구별 오수관로연장|Sheet4
1070
   160
1071
        2
  0
TEXT
  5
D57
330
1F
100
AcDbEntity
  8
오수원형관로명(2공구)
 62
     7
100
AcDbText
 10
176293.4797604028
 20
418019.5725975669
 30
0.0
 40
3.999999999999998
  1
E55-10-03
 50
47.79095288168217
 41
0.8
 72
     1
 11
176300.4925346245
 21
418027.3041562627
 31
0.0
100
AcDbText
1001
Dream_TTE
1000
공구별 오수관로연장|Sheet4
1070
   121
1071
        2
  0
TEXT
  5
D58
330
1F
100
AcDbEntity
  8
오수원형관로연장(2공구)
 62
     7
100
AcDbText
 10
176292.1157280232
 20
418011.6394260492
 30
0.0
 40
3.999999999999998
  1
D300mm L=56.78m
 50
47.79095288168217
 41
0.7
 72
     1
 11
176303.6919565491
 21
418024.4021769229
 31
0.0
100
AcDbText
1001
Dream_TTE
1000
통합 문서1|2공구
1070
   124
1071
        2
  0
TEXT
  5
D59
330
1F
100
AcDbEntity
  8
오수원형관로연장(2공구)
 62
     7
100
AcDbText
 10
176475.9179981553
 20
418335.4654439678
 30
0.0
 40
3.999999999999998
  1
D300mm L=72.07m
 50
317.7909528816821
 41
0.7
 72
     1
 11
176488.680749029
 21
418323.8892154419
 31
0.0
100
AcDbText
1001
Dream_TTE
1000
통합 문서1|2공구
1070
    82
1071
        2
  0
TEXT
  5
D5A
330
1F
100
AcDbEntity
  8
오수원형관로명(2공구)
 62
     7
100
AcDbText
 10
176488.5455612815
 20
418329.8434463118
 30
0.0
 40
3.999999999999998
  1
D31
 50
317.7909528816821
 41
0.8
 72
     1
 11
176491.5827283686
 21
418327.0886373668
 31
0.0
100
AcDbText
1001
Dream_TTE
1000
공구별 오수관로연장|Sheet4
1070
    82
1071
        2
  0
TEXT
  5
D5B
330
1F
100
AcDbEntity
  8
오수원형관로명(2공구)
 62
     7
100
AcDbText
 10
176330.069324993
 20
418057.9165361942
 30
0.0
 40
3.999999999999998
  1
E55-10-02
 50
47.79095288168217
 41
0.8
 72
     1
 11
176337.0820992147
 21
418065.6480948901
 31
0.0
100
AcDbText
1001
Dream_TTE
1000
공구별 오수관로연장|Sheet4
1070
   117
1071
        2
  0
TEXT
  5
D5C
330
1F
100
AcDbEntity
  8
오수원형관로연장(2공구)
 62
     7
100
AcDbText
 10
176328.7052926135
 20
418049.9833646767
 30
0.0
 40
3.999999999999998
  1
D300mm L=62.47m
 50
47.79095288168217
 41
0.7
 72
     1
 11
176340.2815211394
 21
418062.7461155504
 31
0.0
100
AcDbText
1001
Dream_TTE
1000
통합 문서1|2공구
1070
   119
1071
        2
  0
TEXT
  5
D5D
330
1F
100
AcDbEntity
  8
오수원형관로명(2공구)
 62
     7
100
AcDbText
 10
176372.723634952
 20
418109.9520210457
 30
0.0
 40
3.999999999999998
  1
E55-10-02-01
 50
47.79095288168217
 41
0.8
 72
     1
 11
176381.9068202669
 21
418120.0764502706
 31
0.0
100
AcDbText
1001
Dream_TTE
1000
공구별 오수관로연장|Sheet4
1070
   117
1071
        2
  0
TEXT
  5
D5E
330
1F
100
AcDbEntity
  8
오수원형관로연장(2공구)
 62
     7
100
AcDbText
 10
176373.5300136658
 20
418104.4117200573
 30
0.0
 40
3.999999999999998
  1
D300mm L=60.76m
 50
47.79095288168217
 41
0.7
 72
     1
 11
176385.1062421916
 21
418117.174470931
 31
0.0
100
AcDbText
1001
Dream_TTE
1000
통합 문서1|2공구
1070
   119
1071
        2
  0
TEXT
  5
D5F
330
1F
100
AcDbEntity
  8
오수원형관로명(2공구)
 62
     7
100
AcDbText
 10
175888.9752733361
 20
418819.3676816982
 30
0.0
 40
3.999999999999998
  1
D45-19
 50
317.7909528816821
 41
0.8
 72
     1
 11
175894.4053109522
 21
418814.4424616599
 31
0.0
100
AcDbText
1001
Dream_TTE
1000
공구별 오수관로연장|Sheet4
1070
    20
1071
        2
  0
TEXT
  5
D60
330
1F
100
AcDbEntity
  8
오수원형관로연장(2공구)
 62
     7
100
AcDbText
 10
175878.7405807389
 20
418822.819268261
 30
0.0
 40
3.999999999999998
  1
D300mm L=63.30m
 50
317.7909528816821
 41
0.7
 72
     1
 11
175891.5033316126
 21
418811.2430397352
 31
0.0
100
AcDbText
1001
Dream_TTE
1000
통합 문서1|2공구
1070
    19
1071
        2
  0
TEXT
  5
D61
330
1F
100
AcDbEntity
  8
오수원형관로연장(2공구)
 62
     7
100
AcDbText
 10
176498.4472456043
 20
418282.5109239447
 30
0.0
 40
3.999999999999998
  1
D300mm L=35.50m
 50
47.79095288168217
 41
0.7
 72
     1
 11
176510.0234741301
 21
418295.2736748184
 31
0.0
100
AcDbText
1001
Dream_TTE
1000
통합 문서1|2공구
1070
    85
1071
        2
  0
TEXT
  5
D62
330
1F
100
AcDbEntity
  8
오수원형관로명(2공구)
 62
     7
100
AcDbText
 10
176499.7284210737
 20
418290.3527460126
 30
0.0
 40
3.999999999999998
  1
D45-07-01
 50
47.79095288168217
 41
0.8
 72
     1
 11
176506.8240522053
 21
418298.1756541578
 31
0.0
100
AcDbText
1001
Dream_TTE
1000
공구별 오수관로연장|Sheet4
1070
    85
1071
        2
  0
TEXT
  5
D63
330
1F
100
AcDbEntity
  8
오수원형관로연장(2공구)
 62
     7
100
AcDbText
 10
176024.5605220617
 20
418696.9769619305
 30
0.0
 40
3.999999999999998
  1
D300mm L=61.43m
 50
317.7909528816821
 41
0.7
 72
     1
 11
176037.3232729354
 21
418685.4007334046
 31
0.0
100
AcDbText
1001
Dream_TTE
1000
통합 문서1|2공구
1070
    31
1071
        2
  0
TEXT
  5
D64
330
1F
100
AcDbEntity
  8
오수원형관로명(2공구)
 62
     7
100
AcDbText
 10
176034.7952146589
 20
418693.5253753675
 30
0.0
 40
3.999999999999998
  1
D45-16
 50
317.7909528816821
 41
0.8
 72
     1
 11
176040.225252275
 21
418688.6001553292
 31
0.0
100
AcDbText
1001
Dream_TTE
1000
공구별 오수관로연장|Sheet4
1070
    31
1071
        2
  0
TEXT
  5
D65
330
1F
100
AcDbEntity
  8
오수원형관로연장(2공구)
 62
     7
100
AcDbText
 10
176075.9889456855
 20
418651.3221289518
 30
0.0
 40
3.999999999999998
  1
D300mm L=75.00m
 50
317.7909528816821
 41
0.7
 72
     1
 11
176088.7516965592
 21
418639.745900426
 31
0.0
100
AcDbText
1001
Dream_TTE
1000
통합 문서1|2공구
1070
    36
1071
        2
  0
TEXT
  5
D66
330
1F
100
AcDbEntity
  8
오수원형관로명(2공구)
 62
     7
100
AcDbText
 10
176086.2236382827
 20
418647.8705423891
 30
0.0
 40
3.999999999999998
  1
D45-15
 50
317.7909528816821
 41
0.8
 72
     1
 11
176091.6536758988
 21
418642.9453223507
 31
0.0
100
AcDbText
1001
Dream_TTE
1000
공구별 오수관로연장|Sheet4
1070
    38
1071
        2
  0
TEXT
  5
D67
330
1F
100
AcDbEntity
  8
오수원형관로명(2공구)
 62
     7
100
AcDbText
 10
176137.2690349422
 20
418600.2265194403
 30
0.0
 40
3.999999999999998
  1
D45-14
 50
317.7909528816821
 41
0.8
 72
     1
 11
176142.6990725583
 21
418595.301299402
 31
0.0
100
AcDbText
1001
Dream_TTE
1000
공구별 오수관로연장|Sheet4
1070
    44
1071
        2
  0
TEXT
  5
D68
330
1F
100
AcDbEntity
  8
오수원형관로연장(2공구)
 62
     7
100
AcDbText
 10
176127.0343423451
 20
418603.6781060033
 30
0.0
 40
3.999999999999998
  1
D300mm L=75.00m
 50
317.7909528816821
 41
0.7
 72
     1
 11
176139.7970932188
 21
418592.1018774774
 31
0.0
100
AcDbText
1001
Dream_TTE
1000
통합 문서1|2공구
1070
    42
1071
        2
  0
TEXT
  5
D69
330
1F
100
AcDbEntity
  8
오수원형관로연장(2공구)
 62
     7
100
AcDbText
 10
176170.2742763616
 20
418565.9275148952
 30
0.0
 40
3.999999999999998
  1
D300mm L=27.00m
 50
317.7909528816821
 41
0.7
 72
     1
 11
176183.0370272353
 21
418554.3512863694
 31
0.0
100
AcDbText
1001
Dream_TTE
1000
통합 문서1|2공구
1070
    48
1071
        2
  0
TEXT
  5
D6A
330
1F
100
AcDbEntity
  8
오수원형관로명(2공구)
 62
     7
100
AcDbText
 10
176173.9045392281
 20
418568.4663600641
 30
0.0
 40
3.999999999999998
  1
D45-13-01
 50
317.7909528816821
 41
0.8
 72
     1
 11
176181.7274473733
 21
418561.3707289324
 31
0.0
100
AcDbText
1001
Dream_TTE
1000
공구별 오수관로연장|Sheet4
1070
    49
1071
        2
  0
TEXT
  5
D6B
330
1F
100
AcDbEntity
  8
오수원형관로연장(2공구)
 62
     7
100
AcDbText
 10
176173.3487553727
 20
418577.6364676625
 30
0.0
 40
3.999999999999998
  1
D300mm L=35.75m
 50
47.79095288168217
 41
0.7
 72
     1
 11
176184.9249838986
 21
418590.3992185362
 31
0.0
100
AcDbText
1001
Dream_TTE
1000
통합 문서1|2공구
1070
    48
1071
        2
  0
TEXT
  5
D6C
330
1F
100
AcDbEntity
  8
오수원형관로명(2공구)
 62
     7
100
AcDbText
 10
176174.6299308423
 20
418585.4782897306
 30
0.0
 40
3.999999999999998
  1
D45-13-02
 50
47.79095288168217
 41
0.8
 72
     1
 11
176181.7255619739
 21
418593.3011978757
 31
0.0
100
AcDbText
1001
Dream_TTE
1000
공구별 오수관로연장|Sheet4
1070
    49
1071
        2
  0
TEXT
  5
D6D
330
1F
100
AcDbEntity
  8
오수원형관로명(2공구)
 62
     7
100
AcDbText
 10
176213.8504349641
 20
418597.3680770637
 30
0.0
 40
3.999999999999998
  1
D38
 50
317.5631578251615
 41
0.8
 72
     1
 11
176216.876625579
 21
418594.6012148336
 31
0.0
100
AcDbText
1001
Dream_TTE
1000
공구별 오수관로연장|Sheet4
1070
    45
1071
        2
  0
TEXT
  5
D6E
330
1F
100
AcDbEntity
  8
오수원형관로연장(2공구)
 62
     7
100
AcDbText
 10
176201.2453233701
 20
418603.0402344887
 30
0.0
 40
3.999999999999998
  1
D300mm L=27.04m
 50
317.5631578251615
 41
0.7
 72
     1
 11
176213.9619490306
 21
418591.4133557779
 31
0.0
100
AcDbText
1001
Dream_TTE
1000
통합 문서1|2공구
1070
    43
1071
        2
  0
TEXT
  5
D6F
330
1F
100
AcDbEntity
  8
오수원형관로명(2공구)
 62
     7
100
AcDbText
 10
175457.755151034
 20
417727.2983753576
 30
0.0
 40
3.999999999999998
  1
G16-02
 50
47.79095289110395
 41
0.8
 72
     1
 11
175462.7639612284
 21
417732.820570826
 31
0.0
100
AcDbText
1001
Dream_TTE
1000
공구별 오수관로연장|Sheet4
1070
   147
1071
        2
  0
TEXT
  5
D70
330
1F
100
AcDbEntity
  8
오수원형관로연장(2공구)
 62
     7
100
AcDbText
 10
175454.3871546298
 20
417717.1558406114
 30
0.0
 40
3.999999999999998
  1
D300mm L=69.97m
 50
47.79095289110395
 41
0.7
 72
     1
 11
175465.9633831536
 21
417729.918591487
 31
0.0
100
AcDbText
1001
Dream_TTE
1000
통합 문서1|2공구
1070
   152
1071
        2
  0
TEXT
  5
D71
330
1F
100
AcDbEntity
  8
오수원형관로명(2공구)
 62
     7
100
AcDbText
 10
175409.1787060727
 20
417674.0659873492
 30
0.0
 40
3.999999999999998
  1
G16-01
 50
47.79095289110395
 41
0.8
 72
     1
 11
175414.1875162671
 21
417679.5881828176
 31
0.0
100
AcDbText
1001
Dream_TTE
1000
공구별 오수관로연장|Sheet4
1070
   154
1071
        2
  0
TEXT
  5
D72
330
1F
100
AcDbEntity
  8
오수원형관로연장(2공구)
 62
     7
100
AcDbText
 10
175405.8107096685
 20
417663.9234526029
 30
0.0
 40
3.999999999999998
  1
D300mm L=75.00m
 50
47.79095289110395
 41
0.7
 72
     1
 11
175417.3869381923
 21
417676.6862034785
 31
0.0
100
AcDbText
1001
Dream_TTE
1000
통합 문서1|2공구
1070
   160
1071
        2
  0
TEXT
  5
D73
330
1F
100
AcDbEntity
  8
오수원형관로명(2공구)
 62
     7
100
AcDbText
 10
175633.6637526668
 20
417664.5560915829
 30
0.0
 40
3.999999999999998
  1
G13
 50
333.8232922270437
 41
0.8
 72
     1
 11
175637.4552742419
 21
417662.692345844
 31
0.0
100
AcDbText
1001
Dream_TTE
1000
공구별 오수관로연장|Sheet4
1070
   157
1071
        2
  0
TEXT
  5
D74
330
1F
100
AcDbEntity
  8
오수원형관로연장(2공구)
 62
     7
100
AcDbText
 10
175620.0863031882
 20
417666.4170614076
 30
0.0
 40
3.999999999999998
  1
D300mm L=75.00m
 50
333.8232922270437
 41
0.7
 72
     1
 11
175635.5497805341
 21
417658.8158940552
 31
0.0
100
AcDbText
1001
Dream_TTE
1000
통합 문서1|2공구
1070
   162
1071
        2
  0
TEXT
  5
D75
330
1F
100
AcDbEntity
  8
오수원형관로명(2공구)
 62
     7
100
AcDbText
 10
175571.9324134975
 20
417699.9921023457
 30
0.0
 40
3.999999999999998
  1
G14
 50
326.3198418448792
 41
0.8
 72
     1
 11
175575.4480893606
 21
417697.649196616
 31
0.0
100
AcDbText
1001
Dream_TTE
1000
공구별 오수관로연장|Sheet4
1070
   153
1071
        2
  0
TEXT
  5
D76
330
1F
100
AcDbEntity
  8
오수원형관로연장(2공구)
 62
     7
100
AcDbText
 10
175558.7142441438
 20
417703.6101601077
 30
0.0
 40
3.999999999999998
  1
D300mm L=43.62m
 50
326.3198418448792
 41
0.7
 72
     1
 11
175573.0527024618
 21
417694.0547694925
 31
0.0
100
AcDbText
1001
Dream_TTE
1000
통합 문서1|2공구
1070
   155
1071
        2
  0
TEXT
  5
D77
330
1F
100
AcDbEntity
  8
오수원형관로명(2공구)
 62
     7
100
AcDbText
 10
175220.4337258793
 20
417734.934393635
 30
0.0
 40
3.999999999999998
  1
H30
 50
47.79095288527275
 41
0.8
 72
     1
 11
175223.1885348242
 21
417737.9715607222
 31
0.0
100
AcDbText
1001
Dream_TTE
1000
공구별 오수관로연장|Sheet4
1070
   151
1071
        2
  0
TEXT
  5
D78
330
1F
100
AcDbEntity
  8
오수원형관로연장(2공구)
 62
     7
100
AcDbText
 10
175220.2077326382
 20
417728.2559062291
 30
0.0
 40
3.999999999999998
  1
D300mm
 50
47.79095288527275
 41
0.7
 72
     1
 11
175225.5380716387
 21
417734.1325860642
 31
0.0
100
AcDbText
1001
Dream_TTE
1000
통합 문서1|2공구
1070
   156
1071
        2
  0
TEXT
  5
D79
330
1F
100
AcDbEntity
  8
오수원형관로연장(2공구)
 62
     7
100
AcDbText
 10
175223.8507108119
 20
417724.6797138173
 30
0.0
 40
3.999999999999998
  1
L=15.50m
 50
47.79095288527275
 41
0.7
 72
     1
 11
175229.7315349908
 21
417731.1633016084
 31
0.0
100
AcDbText
1001
Dream_TTE
1000
통합 문서1|2공구
1070
   156
1071
        2
  0
TEXT
  5
D7A
330
1F
100
AcDbEntity
  8
오수원형관로명(2공구)
 62
     7
100
AcDbText
 10
175596.3364548555
 20
417400.0510136589
 30
0.0
 40
3.999999999999998
  1
H23
 50
309.2601872748161
 41
0.8
 72
     1
 11
175598.9313701911
 21
417396.8761482067
 31
0.0
100
AcDbText
1001
Dream_TTE
1000
공구별 오수관로연장|Sheet4
1070
   192
1071
        2
  0
TEXT
  5
D7B
330
1F
100
AcDbEntity
  8
오수원형관로연장(2공구)
 62
     7
100
AcDbText
 10
175585.1917432336
 20
417406.9588760686
 30
0.0
 40
3.999999999999998
  1
D300mm L=20.30m
 50
309.2601872748161
 41
0.7
 72
     1
 11
175596.0960685532
 21
417393.6174906056
 31
0.0
100
AcDbText
1001
Dream_TTE
1000
통합 문서1|2공구
1070
   197
1071
        2
  0
TEXT
  5
D7C
330
1F
100
AcDbEntity
  8
오수원형관로연장(2공구)
 62
     7
100
AcDbText
 10
176044.3797698879
 20
418648.4044280456
 30
0.0
 40
3.999999999999998
  1
D600mm L=3.00m
 50
45.42133178967389
 41
0.7
 72
     1
 11
176055.7103282246
 21
418659.9028653263
 31
0.0
100
AcDbText
1001
Dream_TTE
1000
통합 문서1|2공구
1070
    85
1071
        2
  0
TEXT
  5
D7D
330
1F
100
AcDbEntity
  8
오수원형관로연장(2공구)
 62
     7
100
AcDbText
 10
176045.2206183088
 20
418655.4118026874
 30
0.0
 40
3.999999999999998
  1
D45-15-01
 50
45.42133178967389
 41
0.8
 72
     1
 11
176052.6336270996
 21
418662.9346461439
 31
0.0
100
AcDbText
1001
Dream_TTE
1000
공구별 오수관로연장|Sheet4
1070
    85
1071
        2
  0
TEXT
  5
D7E
330
1F
100
AcDbEntity
  8
오수원형관로연장(2공구)
 62
     7
100
AcDbText
 10
175998.663614032
 20
418689.5621889531
 30
0.0
 40
3.999999999999998
  1
D600mm L=3.00m
 50
45.42133178967389
 41
0.7
 72
     1
 11
176009.9941723687
 21
418701.0606262338
 31
0.0
100
AcDbText
1001
Dream_TTE
1000
통합 문서1|2공구
1070
    85
1071
        2
  0
TEXT
  5
D7F
330
1F
100
AcDbEntity
  8
오수원형관로연장(2공구)
 62
     7
100
AcDbText
 10
175999.5044624529
 20
418696.5695635949
 30
0.0
 40
3.999999999999998
  1
D45-16-01
 50
45.42133178967389
 41
0.8
 72
     1
 11
176006.9174712437
 21
418704.0924070514
 31
0.0
100
AcDbText
1001
Dream_TTE
1000
공구별 오수관로연장|Sheet4
1070
    85
1071
        2
  0
TEXT
  5
D80
330
1F
100
AcDbEntity
  8
오수원형관로명(2공구)
 62
     7
100
AcDbText
 10
175767.4342025361
 20
417242.5852619433
 30
0.0
 40
3.999999999999998
  1
H18
 50
317.7909528833627
 41
0.8
 72
     1
 11
175770.4713696232
 21
417239.8304529983
 31
0.0
100
AcDbText
1001
Dream_TTE
1000
공구별 오수관로연장|Sheet4
1070
   198
1071
        2
  0
TEXT
  5
D81
330
1F
100
AcDbEntity
  8
오수원형관로연장(2공구)
 62
     7
100
AcDbText
 10
175761.6927104488
 20
417241.9613700742
 30
0.0
 40
3.999999999999998
  1
D300mm
 50
317.7909528833627
 41
0.7
 72
     1
 11
175767.5693902837
 21
417236.6310310734
 31
0.0
100
AcDbText
1001
Dream_TTE
1000
통합 문서1|2공구
1070
   204
1071
        2
  0
TEXT
  5
D82
330
1F
100
AcDbEntity
  8
오수원형관로연장(2공구)
 62
     7
100
AcDbText
 10
175757.2621597847
 20
417238.7927313563
 30
0.0
 40
3.999999999999998
  1
L=16.84m
 50
317.7909528833627
 41
0.7
 72
     1
 11
175763.7457475756
 21
417232.9119071771
 31
0.0
100
AcDbText
1001
Dream_TTE
1000
통합 문서1|2공구
1070
   205
1071
        2
  0
TEXT
  5
D83
330
1F
100
AcDbEntity
  8
오수원형관로연장(2공구)
 62
     7
100
AcDbText
 10
175748.8328876828
 20
417257.3949625486
 30
0.0
 40
3.999999999999998
  1
D300mm
 50
309.026225826153
 41
0.7
 72
     1
 11
175753.8287185314
 21
417251.2313958963
 31
0.0
100
AcDbText
1001
Dream_TTE
1000
통합 문서1|2공구
1070
   204
1071
        2
  0
TEXT
  5
D84
330
1F
100
AcDbEntity
  8
오수원형관로연장(2공구)
 62
     7
100
AcDbText
 10
175744.4931625007
 20
417254.312526007
 30
0.0
 40
3.999999999999998
  1
L=26.25m
 50
309.026225826153
 41
0.7
 72
     1
 11
175750.0049325487
 21
417247.5124234632
 31
0.0
100
AcDbText
1001
Dream_TTE
1000
통합 문서1|2공구
1070
   205
1071
        2
  0
TEXT
  5
D85
330
1F
100
AcDbEntity
  8
오수원형관로명(2공구)
 62
     7
100
AcDbText
 10
175214.4528102918
 20
417724.3948947204
 30
0.0
 40
3.999999999999998
  1
I35
 50
317.7909528833627
 41
0.8
 72
     1
 11
175216.7543313717
 21
417722.3073405372
 31
0.0
100
AcDbText
1001
Dream_TTE
1000
공구별 오수관로연장|Sheet4
1070
   150
1071
        2
  0
TEXT
  5
D86
330
1F
100
AcDbEntity
  8
오수원형관로연장(2공구)
 62
     7
100
AcDbText
 10
175201.0896011582
 20
417730.6841471376
 30
0.0
 40
3.999999999999998
  1
D300mm L=12.36m
 50
317.7909528833627
 41
0.7
 72
     1
 11
175213.8523520323
 21
417719.1079186122
 31
0.0
100
AcDbText
1001
Dream_TTE
1000
통합 문서1|2공구
1070
   153
1071
        2
  0
LWPOLYLINE
  5
14C4
330
1F
100
AcDbEntity
  8
d_line
  6
Continuous
 62
     8
100
AcDbPolyline
 90
        4
 70
   128
 43
0.0
 10
176549.3701795306
 20
418273.8267867767
 10
176547.0678734462
 20
418275.9150529846
 42
-0.4142135623822905
 10
176546.0349589631
 20
418297.1030941325
 10
176548.7223091862
 20
418300.0658882177
  0
LWPOLYLINE
  5
14C5
330
1F
100
AcDbEntity
  8
d_line
  6
Continuous
 62
     8
100
AcDbPolyline
 90
       19
 70
   128
 43
0.0
 10
176124.8274023837
 20
418438.3171881861
 10
176121.6562171684
 20
418440.3187086938
 42
-0.4142135623447066
 10
176117.9132901054
 20
418456.8713669992
 10
176134.0107993458
 20
418482.3760686094
 42
-0.0019202256065535
 10
176136.0235529948
 20
418485.5380813937
 10
176144.7088419517
 20
418503.8583300752
 42
-0.0328464263668934
 10
176185.0949838942
 20
418554.0737020441
 42
-0.4123652590914097
 10
176206.2191679366
 20
418555.0366594328
 10
176250.9126380086
 20
418514.4982341266
 10
176267.7421041303
 20
418503.2835898897
 10
176439.1244348428
 20
418347.8342673327
 10
176451.9486354587
 20
418332.1521031476
 10
176496.5659746527
 20
418291.6827310021
 42
-0.4142135623779436
 10
176497.5988891361
 20
418270.4946898544
 10
176477.3089991706
 20
418248.1251581623
 10
176461.6501531365
 20
418235.3267009257
 10
176445.6386280946
 20
418217.6740513749
 42
-0.4142135623180775
 10
176428.6881951784
 20
418216.847719784
 10
176425.7254011875
 20
418219.5350699195
  0
LWPOLYLINE
  5
14C6
330
1F
100
AcDbEntity
  8
d_line
  6
Continuous
 62
     8
100
AcDbPolyline
 90
        4
 70
     0
 43
0.0
 10
175801.7839702994
 20
417476.5690199615
 10
175812.459518739
 20
417488.3387742361
 42
-0.4142135623730951
 10
175829.409951657
 20
417489.1651058225
 10
175847.2362644293
 20
417472.9960626073
  0
LWPOLYLINE
  5
14C7
330
1F
100
AcDbEntity
  8
d_line
 62
     8
100
AcDbPolyline
 90
        2
 70
     0
 43
0.0
 10
175133.4325433888
 20
418176.3362739753
 42
0.1175103634494758
 10
175157.4366222114
 20
418233.6394112279
 42
0.1162013374338794
  0
LWPOLYLINE
  5
14C8
330
1F
100
AcDbEntity
  8
d_line
  6
Continuous
 62
     8
100
AcDbPolyline
 90
        4
 70
     0
 43
0.0
 10
175497.691627018
 20
418144.5895203187
 10
175473.2796917476
 20
418166.7319364986
 42
-0.4142135623728533
 10
175472.2467772644
 20
418187.9199776463
 10
175696.9764395698
 20
418435.6836329275
  0
LWPOLYLINE
  5
14C9
330
1F
100
AcDbEntity
  8
d_line
  6
Continuous
 62
     8
100
AcDbPolyline
 90
        2
 70
     0
 43
0.0
 10
175908.9539386313
 20
418240.7130198014
 10
175863.9408224225
 20
418191.0862188856
  0
LWPOLYLINE
  5
14CA
330
1F
100
AcDbEntity
  8
d_line
  6
Continuous
 62
     8
100
AcDbPolyline
 90
        2
 70
     0
 43
0.0
 10
175910.4353356734
 20
418239.3693446907
 10
175865.4222194646
 20
418189.7425437745
  0
LWPOLYLINE
  5
14CB
330
1F
100
AcDbEntity
  8
d_line
  6
Continuous
 62
     8
100
AcDbPolyline
 90
        2
 70
     0
 43
0.0
 10
175711.7696161346
 20
418023.3180038482
 10
175684.8961139202
 20
417993.6900630025
  0
LWPOLYLINE
  5
14CC
330
1F
100
AcDbEntity
  8
d_line
  6
Continuous
 62
     8
100
AcDbPolyline
 90
        2
 70
     0
 43
0.0
 10
175713.2510131768
 20
418021.9743287373
 10
175686.3775109625
 20
417992.3463878917
  0
LWPOLYLINE
  5
14CD
330
1F
100
AcDbEntity
  8
d_line
  6
Continuous
 62
     8
100
AcDbPolyline
 90
        3
 70
     0
 43
0.0
 10
175992.261795493
 20
418332.55963642
 10
175968.0378971948
 20
418305.8528744913
 10
175956.8547456832
 20
418289.0706685188
  0
LWPOLYLINE
  5
14CE
330
1F
100
AcDbEntity
  8
d_line
  6
Continuous
 62
     8
100
AcDbPolyline
 90
        3
 70
     0
 43
0.0
 10
175993.7431925351
 20
418331.215961309
 10
175969.6195092964
 20
418304.6196861279
 10
175958.3527157373
 20
418287.7119611489
  0
LWPOLYLINE
  5
14CF
330
1F
100
AcDbEntity
  8
d_line
  6
Continuous
 62
     8
100
AcDbPolyline
 90
        5
 70
     0
 43
0.0
 10
176184.4661986603
 20
418551.9048402779
 42
0.0317701712143098
 10
176145.5761454856
 20
418503.3533911815
 10
176136.8996844601
 20
418485.0517636307
 42
0.0019531075462795
 10
176134.8564487362
 20
418481.8423298076
 10
176117.6914618925
 20
418454.6463294167
  0
LWPOLYLINE
  5
14D0
330
1F
100
AcDbEntity
  8
d_line
  6
Continuous
 62
     8
100
AcDbPolyline
 90
        2
 70
     0
 43
0.0
 10
176102.7467754436
 20
418430.9681464849
 10
176093.69434536
 20
418416.6255842487
  0
LWPOLYLINE
  5
14D1
330
1F
100
AcDbEntity
  8
d_line
  6
Continuous
 62
     8
100
AcDbPolyline
 90
        3
 70
     0
 43
0.0
 10
176086.1901042509
 20
418404.7744343318
 42
-0.0412040184498421
 10
176034.8177608566
 20
418337.8006959325
 10
176031.8128056321
 20
418334.4877434588
  0
LWPOLYLINE
  5
14D2
330
1F
100
AcDbEntity
  8
d_line
  6
Continuous
 62
     8
100
AcDbPolyline
 90
        4
 70
     0
 43
0.0
 10
176013.0013540818
 20
418313.7481848667
 10
175995.5960463992
 20
418294.5588948999
 10
175979.9371997285
 20
418281.760437143
 10
175973.1563554211
 20
418274.2845803519
  0
LWPOLYLINE
  5
14D3
330
1F
100
AcDbEntity
  8
d_line
  6
Continuous
 62
     8
100
AcDbPolyline
 90
        3
 70
     0
 43
0.0
 10
175779.3724455277
 20
418057.661597136
 10
175768.1577899822
 20
418040.8321140443
 10
175746.7554853187
 20
418017.236149087
  0
LWPOLYLINE
  5
14D4
330
1F
100
AcDbEntity
  8
d_line
  6
Continuous
 62
     8
100
AcDbPolyline
 90
        3
 70
     0
 43
0.0
 10
175777.7908334259
 20
418058.8947854989
 10
175766.5761778806
 20
418042.0653024078
 10
175745.2740882764
 20
418018.5798241978
  0
LWPOLYLINE
  5
14D5
330
1F
100
AcDbEntity
  8
d_line
  6
Continuous
 62
     8
100
AcDbPolyline
 90
        5
 70
     0
 43
0.0
 10
175777.0000273758
 20
418059.5113796814
 10
175765.7853718299
 20
418042.6818965895
 10
175744.5333897552
 20
418019.2516617531
 42
0.4142135623629634
 10
175745.3597213443
 20
418002.3012288354
 10
175748.1373407986
 20
417999.7818380027
  0
LWPOLYLINE
  5
14D6
330
1F
100
AcDbEntity
  8
d_line
  6
Continuous
 62
     8
100
AcDbPolyline
 90
        2
 70
     0
 43
0.0
 10
175766.9802906691
 20
417287.9641066879
 10
175709.2555588524
 20
417340.322308586
  0
LWPOLYLINE
  5
14D7
330
1F
100
AcDbEntity
  8
d_line
  6
Continuous
 62
     8
100
AcDbPolyline
 90
        2
 70
     0
 43
0.0
 10
175765.7502755401
 20
417286.3796163599
 10
175707.9118837415
 20
417338.8409115438
  0
LWPOLYLINE
  5
14D8
330
1F
100
AcDbEntity
  8
d_line
  6
Continuous
 62
     8
100
AcDbPolyline
 90
        2
 70
     0
 43
0.0
 10
175683.0538941909
 20
417311.4350662639
 10
175740.0155842363
 20
417259.7689679732
  0
LWPOLYLINE
  5
14D9
330
1F
100
AcDbEntity
  8
d_line
  6
Continuous
 62
     8
100
AcDbPolyline
 90
        2
 70
     0
 43
0.0
 10
175684.3975693017
 20
417312.9164633061
 10
175741.4727879529
 20
417261.1473908919
  0
LWPOLYLINE
  5
14DA
330
1F
100
AcDbEntity
  8
d_line
  6
Continuous
 62
     8
100
AcDbPolyline
 90
        3
 70
     0
 43
0.0
 10
175608.5556780011
 20
417643.3537602068
 42
0.0054564802673528
 10
175618.4615577984
 20
417638.3495131549
 10
175625.9173403587
 20
417634.6845774019
  0
LWPOLYLINE
  5
14DB
330
1F
100
AcDbEntity
  8
d_line
  6
ByBlock
 62
     8
100
AcDbPolyline
 90
        3
 70
     0
 43
0.0
 10
175637.5991871517
 20
417626.7137270392
 10
175653.6677593397
 20
417618.8151215963
 42
-0.0128504468208808
 10
175675.9519887045
 20
417607.1408418749
 42
-0.0128504468208808
  0
LWPOLYLINE
  5
14DC
330
1F
100
AcDbEntity
  8
d_line
  6
Continuous
 62
     8
100
AcDbPolyline
 90
        3
 70
     0
 43
0.0
 10
175638.4814692666
 20
417628.5086025973
 10
175654.5500414547
 20
417620.6099971547
 42
-0.0128566807973922
 10
175676.9360246191
 20
417608.8820549199
 42
-0.0128566807973922
  0
LWPOLYLINE
  5
14DD
330
1F
100
AcDbEntity
  8
d_line
  6
Continuous
 62
     8
100
AcDbPolyline
 90
        4
 70
     0
 43
0.0
 10
176467.1383833462
 20
418836.7594741047
 10
176693.2171623793
 20
418631.698697106
 10
176706.0156201339
 20
418616.0398504335
 10
176748.0697057124
 20
418577.8954323613
  0
LWPOLYLINE
  5
14DE
330
1F
100
AcDbEntity
  8
d_line
  6
Continuous
 62
     8
100
AcDbPolyline
 90
        4
 70
     0
 43
0.0
 10
176490.6526977872
 20
418862.6839223411
 10
176530.1669783726
 20
418826.8431896815
 10
176542.9654361271
 20
418811.1843430091
 10
176771.584020154
 20
418603.8198805974
  0
LWPOLYLINE
  5
14DF
330
1F
100
AcDbEntity
  8
d_line
  6
Continuous
 62
     8
100
AcDbPolyline
 90
        4
 70
     0
 43
0.0
 10
176488.6371851208
 20
418860.4618267781
 10
176527.9857355853
 20
418824.7714167071
 10
176540.7841933399
 20
418809.1125700347
 10
176769.5685074876
 20
418601.5977850344
  0
LWPOLYLINE
  5
14E0
330
1F
100
AcDbEntity
  8
d_line
  6
Continuous
 62
     8
100
AcDbPolyline
 90
        4
 70
     0
 43
0.0
 10
176237.9468042457
 20
418012.5098334759
 10
176031.8668853894
 20
418199.430996389
 10
176019.0684276352
 20
418215.0898430618
 10
175977.0143420594
 20
418253.2342611336
  0
LWPOLYLINE
  5
14E1
330
1F
100
AcDbEntity
  8
d_line
  6
Continuous
 62
     8
100
AcDbPolyline
 90
        4
 70
     0
 43
0.0
 10
176235.9312915793
 20
418010.2877379129
 10
176029.685642602
 20
418197.3592234149
 10
176016.8871848479
 20
418213.0180700877
 10
175974.9988293933
 20
418251.0121655704
  0
LWPOLYLINE
  5
14E2
330
1F
100
AcDbEntity
  8
d_line
  6
Continuous
 62
     8
100
AcDbPolyline
 90
        2
 70
   128
 43
0.0
 10
176351.7999552542
 20
417642.3769982856
 10
176339.0350416569
 20
417628.3037263357
  0
LWPOLYLINE
  5
14E3
330
1F
100
AcDbEntity
  8
d_line
  6
Continuous
 62
     8
100
AcDbPolyline
 90
        2
 70
   128
 43
0.0
 10
176329.6293158813
 20
417617.9339470404
 10
176289.4306017163
 20
417573.6150073015
  0
LWPOLYLINE
  5
14E4
330
1F
100
AcDbEntity
  8
d_line
  6
Continuous
 62
     8
100
AcDbPolyline
 90
        2
 70
     0
 43
0.0
 10
176350.3185582119
 20
417643.7206733964
 10
176337.5536446149
 20
417629.6474014464
  0
LWPOLYLINE
  5
14E5
330
1F
100
AcDbEntity
  8
d_line
  6
Continuous
 62
     8
100
AcDbPolyline
 90
        2
 70
     0
 43
0.0
 10
176328.1479188393
 20
417619.2776221513
 10
176287.9492046743
 20
417574.9586824125
  0
LWPOLYLINE
  5
14E6
330
1F
100
AcDbEntity
  8
d_line
  6
Continuous
 62
     8
100
AcDbPolyline
 90
        2
 70
   128
 43
0.0
 10
176334.023190747
 20
417658.5010996144
 10
176321.258277152
 20
417644.4278276668
  0
LWPOLYLINE
  5
14E7
330
1F
100
AcDbEntity
  8
d_line
  6
Continuous
 62
     8
100
AcDbPolyline
 90
        2
 70
   128
 43
0.0
 10
176311.8525513763
 20
417634.0580483713
 10
176271.6538372118
 20
417589.7391086332
  0
LWPOLYLINE
  5
14E8
330
1F
100
AcDbEntity
  8
d_line
  6
Continuous
 62
     8
100
AcDbPolyline
 90
        2
 70
     0
 43
0.0
 10
176335.5045877894
 20
417657.1574245037
 10
176322.739674194
 20
417643.0841525557
  0
LWPOLYLINE
  5
14E9
330
1F
100
AcDbEntity
  8
d_line
  6
Continuous
 62
     8
100
AcDbPolyline
 90
        2
 70
     0
 43
0.0
 10
176313.3339484184
 20
417632.7143732604
 10
176273.1352342538
 20
417588.3954335222
  0
LWPOLYLINE
  5
14EA
330
1F
100
AcDbEntity
  8
d_line
  6
Continuous
 62
     8
100
AcDbPolyline
 90
        6
 70
     0
 43
0.0
 10
176330.9273108966
 20
417674.8099324356
 10
176334.0752796124
 20
417671.9546228237
 42
-0.4142135623463231
 10
176334.9016111999
 20
417655.0041899064
 10
176275.2196078835
 20
417589.2049930065
 42
-0.414213562398794
 10
176258.2691749648
 20
417588.3786614189
 10
176255.1212062515
 20
417591.2339710285
  0
LWPOLYLINE
  5
14EB
330
1F
100
AcDbEntity
  8
d_line
  6
Continuous
 62
     8
100
AcDbPolyline
 90
        6
 70
     0
 43
0.0
 10
176249.7465058075
 20
417585.3083828607
 10
176252.8944745232
 20
417582.4530732488
 42
-0.4142135623463722
 10
176253.7208061108
 20
417565.5026403314
 10
176230.9909055134
 20
417540.4430055705
 10
176219.7762499689
 20
417523.6135224825
 10
176212.9452981277
 20
417516.0824223143
  0
LWPOLYLINE
  5
14EC
330
1F
100
AcDbEntity
  8
d_line
  6
Continuous
 62
     8
100
AcDbPolyline
 90
        2
 70
   128
 43
0.0
 10
175782.1439592159
 20
418930.6299276866
 42
-0.0584710292798461
 10
175838.2077611163
 20
418892.4521913013
  0
LWPOLYLINE
  5
14ED
330
1F
100
AcDbEntity
  8
d_line
  6
Continuous
 62
     8
100
AcDbPolyline
 90
        2
 70
   128
 43
0.0
 10
175783.065857668
 20
418932.4047850356
 42
-0.058474396854421
 10
175839.5184647944
 20
418893.9628388009
  0
LWPOLYLINE
  5
14EE
330
1F
100
AcDbEntity
  8
d_line
  6
Continuous
 62
     8
100
AcDbPolyline
 90
        2
 70
   128
 43
0.0
 10
175790.4410444598
 20
418946.6036422397
 42
-0.0584997681356318
 10
175850.0040942189
 20
418906.0480187984
  0
LWPOLYLINE
  5
14EF
330
1F
100
AcDbEntity
  8
d_line
  6
Continuous
 62
     8
100
AcDbPolyline
 90
        2
 70
   128
 43
0.0
 10
175789.5191461868
 20
418944.8287852356
 42
-0.0584967413463628
 10
175848.6933905408
 20
418904.5373712986
  0
LWPOLYLINE
  5
14F0
330
1F
100
AcDbEntity
  8
d_line
  6
Continuous
 62
     8
100
AcDbPolyline
 90
        4
 70
     0
 43
0.0
 10
176209.7296269158
 20
417981.4004955927
 10
176165.4534457752
 20
418021.5604263326
 10
176152.654988021
 20
418037.2192730054
 10
175948.797164734
 20
418222.1249232465
  0
LWPOLYLINE
  5
14F1
330
1F
100
AcDbEntity
  8
d_line
  6
Continuous
 62
     8
100
AcDbPolyline
 90
        4
 70
     0
 43
0.0
 10
176211.7451395822
 20
417983.6225911556
 10
176167.6346885625
 20
418023.6321993067
 10
176154.8362308084
 20
418039.2910459794
 10
175950.8126774001
 20
418224.3470188097
  0
LWPOLYLINE
  5
14F2
330
1F
100
AcDbEntity
  8
d_line
  6
Continuous
 62
     8
100
AcDbPolyline
 90
        4
 70
     0
 43
0.0
 10
176750.0852183788
 20
418580.1175279244
 10
176708.1968629212
 20
418618.1116234076
 10
176695.3984051664
 20
418633.7704700803
 10
176469.1538960125
 20
418838.9815696679
  0
LWPOLYLINE
  5
14F3
330
1F
100
AcDbEntity
  8
d_line
  6
Continuous
 62
     8
100
AcDbPolyline
 90
        2
 70
     0
 43
0.0
 10
175968.8070023114
 20
417717.272611881
 10
175970.8225149778
 20
417719.4947074442
  0
LWPOLYLINE
  5
14F4
330
1F
100
AcDbEntity
  8
d_line
  6
Continuous
 62
     8
100
AcDbPolyline
 90
        2
 70
     0
 43
0.0
 10
175985.63471284
 20
417648.0062552621
 10
175983.6192001738
 20
417645.7841596993
  0
LWPOLYLINE
  5
14F5
330
1F
100
AcDbEntity
  8
d_line
  6
Continuous
 62
     8
100
AcDbPolyline
 90
        2
 70
     0
 43
0.0
 10
176014.5237277256
 20
417679.8562916661
 10
176016.5392403923
 20
417682.0783872293
  0
LWPOLYLINE
  5
14F6
330
1F
100
AcDbEntity
  8
d_line
  6
Continuous
 62
     8
100
AcDbPolyline
 90
        2
 70
   128
 43
0.0
 10
175557.2951797125
 20
418585.3303690898
 10
175554.6078294896
 20
418582.3675750046
  0
LWPOLYLINE
  5
14F7
330
1F
100
AcDbEntity
  8
d_line
  6
Continuous
 62
     8
100
AcDbPolyline
 90
        2
 70
   128
 43
0.0
 10
175575.4347937102
 20
418605.3292291576
 10
175578.122143932
 20
418608.2920232417
  0
LWPOLYLINE
  5
14F8
330
1F
100
AcDbEntity
  8
d_line
  6
Continuous
 62
     8
100
AcDbPolyline
 90
        2
 70
     0
 43
0.0
 10
175356.1199895456
 20
418268.2743127754
 10
175358.135502212
 20
418270.4964083385
  0
LWPOLYLINE
  5
14F9
330
1F
100
AcDbEntity
  8
d_line
  6
Continuous
 62
     8
100
AcDbPolyline
 90
        2
 70
     0
 43
0.0
 10
175333.9493502147
 20
418243.8312615815
 10
175331.9338375484
 20
418241.6091660185
  0
LWPOLYLINE
  5
14FA
330
1F
100
AcDbEntity
  8
d_line
  6
Continuous
 62
     8
100
AcDbPolyline
 90
        2
 70
     0
 43
0.0
 10
176237.9468042457
 20
418012.5098334759
 10
176235.2594540238
 20
418009.5470393918
  0
LWPOLYLINE
  5
14FB
330
1F
100
AcDbEntity
  8
d_line
  6
Continuous
 62
     8
100
AcDbPolyline
 90
        2
 70
     0
 43
0.0
 10
176212.4169771377
 20
417984.3632896768
 10
176209.7296269158
 20
417981.4004955927
  0
LWPOLYLINE
  5
14FC
330
1F
100
AcDbEntity
  8
d_line
  6
Continuous
 62
     8
100
AcDbPolyline
 90
        3
 70
     0
 43
0.0
 10
175994.9733502107
 20
417717.8402717061
 10
176080.9194879018
 20
417812.5955835471
 10
176089.3714341422
 20
417825.2791551259
  0
LWPOLYLINE
  5
14FD
330
1F
100
AcDbEntity
  8
d_line
  6
Continuous
 62
     8
100
AcDbPolyline
 90
        2
 70
     0
 43
0.0
 10
176098.229751016
 20
417836.1454520301
 10
176116.2578258637
 20
417856.021340587
  0
LWPOLYLINE
  5
14FE
330
1F
100
AcDbEntity
  8
d_line
  6
Continuous
 62
     8
100
AcDbPolyline
 90
        4
 70
     0
 43
0.0
 10
176135.069277414
 20
417876.7608991793
 10
176152.4745850945
 20
417895.950189144
 10
176168.1334307351
 20
417908.748646059
 10
176214.6642308401
 20
417960.048688069
  0
LWPOLYLINE
  5
14FF
330
1F
100
AcDbEntity
  8
d_line
  6
Continuous
 62
     8
100
AcDbPolyline
 90
        2
 70
     0
 43
0.0
 10
176353.8223609055
 20
418113.4700326905
 10
176360.4524297526
 20
418120.7796600688
  0
LWPOLYLINE
  5
1500
330
1F
100
AcDbEntity
  8
d_line
  6
Continuous
 62
     8
100
AcDbPolyline
 90
        4
 70
     0
 43
0.0
 10
176369.8582123814
 20
418131.1495020424
 10
176389.4044646748
 20
418152.6991758398
 10
176400.6191196779
 20
418169.5286581194
 10
176424.7428029142
 20
418196.1249332977
  0
LWPOLYLINE
  5
1501
330
1F
100
AcDbEntity
  8
d_line
  6
Continuous
 62
     8
100
AcDbPolyline
 90
        4
 70
     0
 43
0.0
 10
176443.5542544646
 20
418216.8644918901
 10
176460.959562145
 20
418236.0537818547
 10
176476.6184081786
 20
418248.852239091
 10
176493.6669463985
 20
418267.6481919847
  0
LWPOLYLINE
  5
1502
330
1F
100
AcDbEntity
  8
d_line
  6
Continuous
 62
     8
100
AcDbPolyline
 90
        4
 70
     0
 43
0.0
 10
176534.6490372867
 20
418312.8308017719
 10
176541.5728318524
 20
418320.4642607129
 10
176552.7874869992
 20
418337.2937432061
 10
176576.9111702374
 20
418363.8900183864
  0
LWPOLYLINE
  5
1503
330
1F
100
AcDbEntity
  8
d_line
  6
Continuous
 62
     8
100
AcDbPolyline
 90
        2
 70
     0
 43
0.0
 10
176595.7226217188
 20
418384.6295770406
 10
176609.8340493527
 20
418400.1873759352
  0
LWPOLYLINE
  5
1504
330
1F
100
AcDbEntity
  8
d_line
  6
Continuous
 62
     8
100
AcDbPolyline
 90
        2
 70
     0
 43
0.0
 10
176619.2397751293
 20
418410.5571552295
 10
176670.0824863095
 20
418466.6110639002
  0
LWPOLYLINE
  5
1505
330
1F
100
AcDbEntity
  8
d_line
  6
Continuous
 62
     8
100
AcDbPolyline
 90
        4
 70
     0
 43
0.0
 10
176688.8939378685
 20
418487.3506224838
 10
176706.2992455561
 20
418506.5399124565
 10
176721.9580922268
 20
418519.3383702134
 10
176756.1663390539
 20
418557.052840959
  0
LWPOLYLINE
  5
1506
330
1F
100
AcDbEntity
  8
d_line
  6
Continuous
 62
     8
100
AcDbPolyline
 90
        2
 70
     0
 43
0.0
 10
176011.2687176727
 20
417703.0598454861
 10
176107.341488106
 20
417808.9797339929
  0
LWPOLYLINE
  5
1507
330
1F
100
AcDbEntity
  8
d_line
  6
Continuous
 62
     8
100
AcDbPolyline
 90
        3
 70
     0
 43
0.0
 10
176118.8028186553
 20
417817.4850131624
 10
176119.5733603459
 20
417817.9999642759
 10
176136.9973844554
 20
417837.2098890372
  0
LWPOLYLINE
  5
1508
330
1F
100
AcDbEntity
  8
d_line
  6
Continuous
 62
     8
100
AcDbPolyline
 90
        4
 70
     0
 43
0.0
 10
176155.8088358605
 20
417857.9494477612
 10
176180.0327341445
 20
417884.6562096743
 10
176191.2473896885
 20
417901.4856927635
 10
176230.9595983024
 20
417945.2682618491
  0
LWPOLYLINE
  5
1509
330
1F
100
AcDbEntity
  8
d_line
  6
Continuous
 62
     8
100
AcDbPolyline
 90
        2
 70
     0
 43
0.0
 10
176386.1542436321
 20
418116.3698076466
 10
176412.317991352
 20
418145.2152466706
  0
LWPOLYLINE
  5
150A
330
1F
100
AcDbEntity
  8
d_line
  6
Continuous
 62
     8
100
AcDbPolyline
 90
        2
 70
     0
 43
0.0
 10
176499.7323673452
 20
418241.5892860301
 10
176509.9623138609
 20
418252.8677657646
  0
LWPOLYLINE
  5
150B
330
1F
100
AcDbEntity
  8
d_line
  6
Continuous
 62
     8
100
AcDbPolyline
 90
        2
 70
     0
 43
0.0
 10
176670.4790149978
 20
418425.3714940651
 10
176690.8220449012
 20
418447.7996123503
  0
LWPOLYLINE
  5
150C
330
1F
100
AcDbEntity
  8
d_line
  6
Continuous
 62
     8
100
AcDbPolyline
 90
        4
 70
     0
 43
0.0
 10
176709.6334965064
 20
418468.5391708921
 10
176733.8573947986
 20
418495.2459328142
 10
176745.0720505691
 20
418512.0754162436
 10
176772.4654864527
 20
418542.2765821047
  0
LWPOLYLINE
  5
150D
330
1F
100
AcDbEntity
  8
d_line
  6
Continuous
 62
     8
100
AcDbPolyline
 90
        2
 70
     0
 43
0.0
 10
176279.4259214231
 20
417974.8869303691
 10
176276.7385712012
 20
417971.924136285
  0
LWPOLYLINE
  5
150E
330
1F
100
AcDbEntity
  8
d_line
  6
Continuous
 62
     8
100
AcDbPolyline
 90
        2
 70
     0
 43
0.0
 10
176009.78732063
 20
417704.4035205977
 10
176105.8600910633
 20
417810.3234091043
  0
LWPOLYLINE
  5
150F
330
1F
100
AcDbEntity
  8
d_line
  6
Continuous
 62
     8
100
AcDbPolyline
 90
        3
 70
     0
 43
0.0
 10
176117.2758295359
 20
417818.8700417647
 10
176118.2573772688
 20
417819.5260076964
 10
176135.5159874132
 20
417838.5535641479
  0
LWPOLYLINE
  5
1510
330
1F
100
AcDbEntity
  8
d_line
  6
Continuous
 62
     8
100
AcDbPolyline
 90
        4
 70
     0
 43
0.0
 10
176154.3274388176
 20
417859.2931228724
 10
176178.4511220423
 20
417885.8893980382
 10
176189.6657775864
 20
417902.7188811274
 10
176229.4782012598
 20
417946.6119369606
  0
LWPOLYLINE
  5
1511
330
1F
100
AcDbEntity
  8
d_line
  6
Continuous
 62
     8
100
AcDbPolyline
 90
        2
 70
     0
 43
0.0
 10
176384.6727862453
 20
418117.7134162285
 10
176410.9368093665
 20
418146.6694085266
  0
LWPOLYLINE
  5
1512
330
1F
100
AcDbEntity
  8
d_line
  6
Continuous
 62
     8
100
AcDbPolyline
 90
        2
 70
     0
 43
0.0
 10
176383.9320877242
 20
418118.385253784
 10
176410.1961108455
 20
418147.3412460821
  0
LWPOLYLINE
  5
1513
330
1F
100
AcDbEntity
  8
d_line
  6
Continuous
 62
     8
100
AcDbPolyline
 90
        2
 70
     0
 43
0.0
 10
176498.1507552451
 20
418242.8224743957
 10
176508.4809168186
 20
418254.2114408756
  0
LWPOLYLINE
  5
1514
330
1F
100
AcDbEntity
  8
d_line
  6
Continuous
 62
     8
100
AcDbPolyline
 90
        4
 70
     0
 43
0.0
 10
176708.1520994641
 20
418469.8828460028
 10
176732.275782697
 20
418496.4791211776
 10
176743.4904384678
 20
418513.3086046071
 10
176770.9840894106
 20
418543.6202572156
  0
LWPOLYLINE
  5
1515
330
1F
100
AcDbEntity
  8
d_line
  6
Continuous
 62
     8
100
AcDbPolyline
 90
        3
 70
     0
 43
0.0
 10
175993.4919531684
 20
417719.1839468171
 10
176079.3378758016
 20
417813.8287719124
 10
176087.8734640879
 20
417826.6378624956
  0
LWPOLYLINE
  5
1516
330
1F
100
AcDbEntity
  8
d_line
  6
Continuous
 62
     8
100
AcDbPolyline
 90
        2
 70
     0
 43
0.0
 10
176096.7483539739
 20
417837.4891271411
 10
176114.7764288214
 20
417857.3650156979
  0
LWPOLYLINE
  5
1517
330
1F
100
AcDbEntity
  8
d_line
  6
Continuous
 62
     8
100
AcDbPolyline
 90
        4
 70
     0
 43
0.0
 10
176133.5878803717
 20
417878.10457429
 10
176151.0934031115
 20
417897.404351002
 10
176166.7522487506
 20
417910.2028079157
 10
176213.1828337978
 20
417961.3923631803
  0
LWPOLYLINE
  5
1518
330
1F
100
AcDbEntity
  8
d_line
  6
Continuous
 62
     8
100
AcDbPolyline
 90
        2
 70
     0
 43
0.0
 10
176352.4411789217
 20
418114.9241945479
 10
176358.9709723659
 20
418122.1232686503
  0
LWPOLYLINE
  5
1519
330
1F
100
AcDbEntity
  8
d_line
  6
Continuous
 62
     8
100
AcDbPolyline
 90
        2
 70
     0
 43
0.0
 10
176368.3767549948
 20
418132.4931106241
 10
176387.822852574
 20
418153.9323642044
  0
LWPOLYLINE
  5
151A
330
1F
100
AcDbEntity
  8
d_line
  6
Continuous
 62
     8
100
AcDbPolyline
 90
        4
 70
     0
 43
0.0
 10
176368.3767549948
 20
418132.4931106241
 10
176387.822852574
 20
418153.9323642044
 10
176399.0375075764
 20
418170.7618464828
 10
176423.2614058719
 20
418197.4686084084
  0
LWPOLYLINE
  5
151B
330
1F
100
AcDbEntity
  8
d_line
  6
Continuous
 62
     8
100
AcDbPolyline
 90
        4
 70
     0
 43
0.0
 10
176442.0728574223
 20
418218.2081670008
 10
176459.578380162
 20
418237.5079437128
 10
176475.2372261948
 20
418250.3064009482
 10
176492.1855493563
 20
418268.9918670957
  0
LWPOLYLINE
  5
151C
330
1F
100
AcDbEntity
  8
d_line
  6
Continuous
 62
     8
100
AcDbPolyline
 90
        4
 70
     0
 43
0.0
 10
176533.1676402445
 20
418314.1744768829
 10
176539.9912197515
 20
418321.6974490773
 10
176551.2058748976
 20
418338.5269315695
 10
176575.4297731951
 20
418365.2336934971
  0
LWPOLYLINE
  5
151D
330
1F
100
AcDbEntity
  8
d_line
  6
Continuous
 62
     8
100
AcDbPolyline
 90
        2
 70
     0
 43
0.0
 10
176594.2412246764
 20
418385.9732521513
 10
176608.3526523105
 20
418401.5310510463
  0
LWPOLYLINE
  5
151E
330
1F
100
AcDbEntity
  8
d_line
  6
Continuous
 62
     8
100
AcDbPolyline
 90
        2
 70
     0
 43
0.0
 10
176617.7583780871
 20
418411.9008303404
 10
176668.6010892672
 20
418467.954739011
  0
LWPOLYLINE
  5
151F
330
1F
100
AcDbEntity
  8
d_line
  6
Continuous
 62
     8
100
AcDbPolyline
 90
        4
 70
     0
 43
0.0
 10
176687.4125408262
 20
418488.6942975945
 10
176704.9180635731
 20
418507.9940743146
 10
176720.5769102436
 20
418520.7925320711
 10
176754.6849420119
 20
418558.39651607
  0
LWPOLYLINE
  5
1520
330
1F
100
AcDbEntity
  8
d_line
  6
Continuous
 62
     8
100
AcDbPolyline
 90
        2
 70
     0
 43
0.0
 10
176255.9116069814
 20
417948.9624821331
 10
176253.2242567595
 20
417945.9996880489
  0
LWPOLYLINE
  5
1521
330
1F
100
AcDbEntity
  8
d_line
  6
Continuous
 62
     8
100
AcDbPolyline
 90
        2
 70
     0
 43
0.0
 10
176756.7514450358
 20
418556.5221308773
 10
176754.6861514571
 20
418558.3954190639
  0
LWPOLYLINE
  5
1522
330
1F
100
AcDbEntity
  8
d_line
 62
     8
100
AcDbPolyline
 90
       10
 70
     0
 43
0.0
 10
174536.2880680616
 20
417162.1883562126
 10
174535.5362813595
 20
417170.8412582865
 42
-0.1898378089382386
 10
174599.6695668061
 20
417386.9020615248
 10
174787.8577048322
 20
417627.5081842759
 10
174797.8162591165
 20
417645.1100931699
 10
174821.1817331942
 20
417674.9837939412
 42
0.4328739320201109
 10
174817.8419243576
 20
417696.601057985
 42
0.0046257972197454
 10
174785.5198995677
 20
417718.2994908299
 42
0.4118897088334374
 10
174768.9519800653
 20
417714.9502877357
 10
174751.4464953342
 20
417688.8000750234
  0
LWPOLYLINE
  5
1523
330
1F
100
AcDbEntity
  8
d_line
 62
     8
100
AcDbPolyline
 90
        2
 70
     0
 43
0.0
 10
174816.4126026383
 20
417693.9438120697
 10
174818.1101184048
 20
417696.4173614172
  0
LWPOLYLINE
  5
1524
330
1F
100
AcDbEntity
  8
d_line
 62
     8
100
AcDbPolyline
 90
        2
 70
     0
 43
0.0
 10
174826.5990421377
 20
417708.7870678881
 10
174828.296557531
 20
417711.2606166917
  0
LWPOLYLINE
  5
1525
330
1F
100
AcDbEntity
  8
d_line
  6
Continuous
 62
     8
100
AcDbPolyline
 90
        2
 70
     0
 43
0.0
 10
175685.0694068571
 20
417313.6571618272
 10
175683.0538941909
 20
417311.4350662639
  0
LWPOLYLINE
  5
1526
330
1F
100
AcDbEntity
  8
d_line
  6
Continuous
 62
     8
100
AcDbPolyline
 90
        2
 70
     0
 43
0.0
 10
176099.5810887511
 20
419178.9213484612
 10
176080.4051184147
 20
419196.3145748125
  0
LWPOLYLINE
  5
1527
330
1F
100
AcDbEntity
  8
d_line
  6
Continuous
 62
     8
100
AcDbPolyline
 90
        2
 70
     0
 43
0.0
 10
176111.0270473661
 20
419192.8408782715
 42
0.4142135623670553
 10
176132.2150885135
 20
419193.873792755
  0
LWPOLYLINE
  5
1528
330
1F
100
AcDbEntity
  8
d_line
  6
Continuous
 62
     8
100
AcDbPolyline
 90
        2
 70
     0
 43
0.0
 10
176067.6619040334
 20
419211.9233139556
 10
176080.5075609951
 20
419196.2067192982
  0
LWPOLYLINE
  5
1529
330
1F
100
AcDbEntity
  8
d_line
  6
Continuous
 62
     8
100
AcDbPolyline
 90
        2
 70
   128
 43
0.0
 10
176068.3889849627
 20
419212.6139049469
 10
176081.1874427174
 20
419196.9550582742
  0
LWPOLYLINE
  5
152A
330
1F
100
AcDbEntity
  8
d_line
  6
Continuous
 62
     8
100
AcDbPolyline
 90
        4
 70
     0
 43
0.0
 10
176291.2654949513
 20
419327.5495601852
 10
176222.4498900426
 20
419251.6805999527
 10
176211.2375308106
 20
419234.853648544
 10
176159.4055655335
 20
419177.7090907421
  0
LWPOLYLINE
  5
152B
330
1F
100
AcDbEntity
  8
d_line
  6
Continuous
 62
     8
100
AcDbPolyline
 90
        2
 70
     0
 43
0.0
 10
176953.0551575541
 20
418439.2196797367
 10
176814.4533118786
 20
418564.9360441361
  0
LWPOLYLINE
  5
152C
330
1F
100
AcDbEntity
  8
d_line
  6
Continuous
 62
     8
100
AcDbPolyline
 90
        2
 70
     0
 43
0.0
 10
176448.345607601
 20
418897.0075929391
 10
176347.6224357576
 20
418988.3667729934
  0
LWPOLYLINE
  5
152D
330
1F
100
AcDbEntity
  8
d_line
  6
Continuous
 62
     8
100
AcDbPolyline
 90
        2
 70
     0
 43
0.0
 10
176446.3300949346
 20
418894.785497376
 10
176345.6069230913
 20
418986.1446774304
  0
LWPOLYLINE
  5
152E
330
1F
100
AcDbEntity
  8
d_line
  6
Continuous
 62
     8
100
AcDbPolyline
 90
        2
 70
     0
 43
0.0
 10
176447.8038610716
 20
418892.0986667935
 10
176342.6246710743
 20
418987.4995996819
  0
LWPOLYLINE
  5
152F
330
1F
100
AcDbEntity
  8
d_line
  6
Continuous
 62
     8
100
AcDbPolyline
 90
        2
 70
     0
 43
0.0
 10
176341.5917565908
 20
419008.6876408297
 42
0.4142135623795168
 10
176342.6246710743
 20
418987.4995996819
  0
LWPOLYLINE
  5
1530
330
1F
100
AcDbEntity
  8
d_line
  6
Continuous
 62
     8
100
AcDbPolyline
 90
        2
 70
     0
 43
0.0
 10
176447.8038610716
 20
418892.0986667935
 42
0.4142135624221789
 10
176468.9919022209
 20
418893.1315812786
  0
LWPOLYLINE
  5
1531
330
1F
100
AcDbEntity
  8
d_line
  6
Continuous
 62
     8
100
AcDbPolyline
 90
        2
 70
     0
 43
0.0
 10
176470.0194258998
 20
418895.7528775357
 10
176538.9264307982
 20
418971.7226059582
  0
LWPOLYLINE
  5
1532
330
1F
100
AcDbEntity
  8
d_line
  6
Continuous
 62
     8
100
AcDbPolyline
 90
        2
 70
     0
 43
0.0
 10
176547.6603190179
 20
418981.3516867331
 10
176557.8092335421
 20
418992.5408289882
  0
LWPOLYLINE
  5
1533
330
1F
100
AcDbEntity
  8
d_line
  6
Continuous
 62
     8
100
AcDbPolyline
 90
        2
 70
     0
 43
0.0
 10
176566.5431217617
 20
419002.169909763
 10
176570.5741470938
 20
419006.6141008897
  0
LWPOLYLINE
  5
1534
330
1F
100
AcDbEntity
  8
d_line
  6
Continuous
 62
     8
100
AcDbPolyline
 90
        2
 70
   128
 43
0.0
 10
176468.1668919572
 20
418897.4316030542
 10
176537.0746844954
 20
418973.4021998464
  0
LWPOLYLINE
  5
1535
330
1F
100
AcDbEntity
  8
d_line
  6
Continuous
 62
     8
100
AcDbPolyline
 90
        2
 70
   128
 43
0.0
 10
176545.808572715
 20
418983.0312806214
 10
176555.9574872393
 20
418994.2204228766
  0
LWPOLYLINE
  5
1536
330
1F
100
AcDbEntity
  8
d_line
  6
Continuous
 62
     8
100
AcDbPolyline
 90
        2
 70
   128
 43
0.0
 10
176564.6913754589
 20
419003.8495036513
 10
176568.722400791
 20
419008.2936947781
  0
LWPOLYLINE
  5
1537
330
1F
100
AcDbEntity
  8
d_line
  6
Continuous
 62
     8
100
AcDbPolyline
 90
        2
 70
   128
 43
0.0
 10
176133.478575932
 20
419201.2257102843
 10
176136.4439113815
 20
419198.5360549618
  0
LWPOLYLINE
  5
1538
330
1F
100
AcDbEntity
  8
d_line
  6
Continuous
 62
     8
100
AcDbPolyline
 90
        2
 70
   128
 43
0.0
 10
176158.6648670125
 20
419178.3809282975
 10
176161.6276610967
 20
419175.6935780757
  0
LWPOLYLINE
  5
1539
330
1F
100
AcDbEntity
  8
d_line
  6
Continuous
 62
     8
100
AcDbPolyline
 90
        2
 70
   128
 43
0.0
 10
176113.55454202
 20
419195.27362806
 10
176111.2587980044
 20
419192.6349974679
  0
LWPOLYLINE
  5
153A
330
1F
100
AcDbEntity
  8
d_line
  6
Continuous
 62
     8
100
AcDbPolyline
 90
        2
 70
   128
 43
0.0
 10
176097.9014948625
 20
419177.0696021587
 10
176100.2529263066
 20
419179.6620469822
  0
LWPOLYLINE
  5
153B
330
1F
100
AcDbEntity
  8
d_line
  6
Continuous
 62
     8
100
AcDbPolyline
 90
        2
 70
     0
 43
0.0
 10
176344.951019911
 20
418985.4215465014
 10
176347.623177006
 20
418988.3675902171
  0
LWPOLYLINE
  5
153C
330
1F
100
AcDbEntity
  8
d_line
  6
Continuous
 62
     8
100
AcDbPolyline
 90
        2
 70
     0
 43
0.0
 10
176811.8003107674
 20
418562.0111198246
 10
176814.4550705896
 20
418564.9379831087
  0
LWPOLYLINE
  5
153D
330
1F
100
AcDbEntity
  8
d_line
 62
     8
100
AcDbPolyline
 90
        5
 70
     0
 43
0.0
 10
175014.5843823779
 20
417880.8661661302
 10
174992.4709694714
 20
417852.5932760549
 10
174977.8130651452
 20
417838.7220500099
 10
174914.7833846402
 20
417758.1360619522
 10
174865.6453294253
 20
417697.5486132872
  0
LWPOLYLINE
  5
153E
330
1F
100
AcDbEntity
  8
d_line
 62
     8
100
AcDbPolyline
 90
        5
 70
     0
 43
0.0
 10
175013.0090155566
 20
417882.0983265818
 10
174990.9876983603
 20
417853.9431845853
 10
174976.329794034
 20
417840.0719585405
 10
174913.2189054758
 20
417759.3821427122
 10
174864.0697165784
 20
417698.7809661654
  0
LWPOLYLINE
  5
153F
330
1F
100
AcDbEntity
  8
d_line
 62
     8
100
AcDbPolyline
 90
        2
 70
     0
 43
0.0
 10
175012.8508806696
 20
417883.5193099801
 10
174990.2460628045
 20
417854.6181388504
  0
LWPOLYLINE
  5
1540
330
1F
100
AcDbEntity
  8
d_line
  6
Continuous
 62
     8
100
AcDbPolyline
 90
        2
 70
     0
 43
0.0
 10
176304.738989675
 20
419021.863140112
 10
176307.4229514081
 20
419024.8290076667
  0
LWPOLYLINE
  5
1541
330
1F
100
AcDbEntity
  8
d_line
  6
Continuous
 62
     8
100
AcDbPolyline
 90
        2
 70
     0
 43
0.0
 10
176793.1515015154
 20
418541.0585480545
 10
176795.762332745
 20
418543.9920904775
  0
LWPOLYLINE
  5
1542
330
1F
100
AcDbEntity
  8
d_line
  6
Continuous
 62
     8
100
AcDbPolyline
 90
        2
 70
     0
 43
0.0
 10
176206.2525347283
 20
418608.6719534654
 10
176208.4746302914
 20
418606.6564407989
  0
LWPOLYLINE
  5
1543
330
1F
100
AcDbEntity
  8
d_line
  6
Continuous
 62
     8
100
AcDbPolyline
 90
        2
 70
     0
 43
0.0
 10
175941.9335000942
 20
417687.6446710422
 10
175939.9179874271
 20
417685.4225754783
  0
LWPOLYLINE
  5
1544
330
1F
100
AcDbEntity
  8
d_line
  6
Continuous
 62
     8
100
AcDbPolyline
 90
        2
 70
   128
 43
0.0
 10
175962.2245761243
 20
417648.9888534503
 10
175960.036046632
 20
417650.9739206031
  0
LWPOLYLINE
  5
1545
330
1F
100
AcDbEntity
  8
d_line
  6
Continuous
 62
     8
100
AcDbPolyline
 90
        2
 70
   128
 43
0.0
 10
175946.6699071827
 20
417663.0974421152
 10
175944.4478116196
 20
417665.1129547816
  0
LWPOLYLINE
  5
1546
330
1F
100
AcDbEntity
  8
d_line
  6
Continuous
 62
     8
100
AcDbPolyline
 90
        4
 70
   128
 43
0.0
 10
176974.3116367857
 20
418414.5390566199
 10
176808.5240408406
 20
418564.9137772666
 42
-0.4142135623336943
 10
176807.4911263555
 20
418586.1018184126
 10
176854.8104666239
 20
418638.2712231721
  0
LWPOLYLINE
  5
1547
330
1F
100
AcDbEntity
  8
d_line
  6
Continuous
 62
     8
100
AcDbPolyline
 90
        2
 70
   128
 43
0.0
 10
176548.401017539
 20
418980.6798491775
 10
176545.808572715
 20
418983.0312806214
  0
LWPOLYLINE
  5
1548
330
1F
100
AcDbEntity
  8
d_line
  6
Continuous
 62
     8
100
AcDbPolyline
 90
        2
 70
   128
 43
0.0
 10
176539.6671293194
 20
418971.0507684028
 10
176537.0746844954
 20
418973.4021998464
  0
LWPOLYLINE
  5
1549
330
1F
100
AcDbEntity
  8
d_line
  6
Continuous
 62
     8
100
AcDbPolyline
 90
        2
 70
   128
 43
0.0
 10
176558.5499320632
 20
418991.8689914328
 10
176555.9574872393
 20
418994.2204228766
  0
LWPOLYLINE
  5
154A
330
1F
100
AcDbEntity
  8
d_line
  6
Continuous
 62
     8
100
AcDbPolyline
 90
        2
 70
   128
 43
0.0
 10
176567.2838202828
 20
419001.4980722074
 10
176564.6913754589
 20
419003.8495036513
  0
LWPOLYLINE
  5
154B
330
1F
100
AcDbEntity
  8
d_line
  6
Continuous
 62
     8
100
AcDbPolyline
 90
        2
 70
   128
 43
0.0
 10
176571.314845615
 20
419005.9422633344
 10
176568.722400791
 20
419008.2936947781
  0
LWPOLYLINE
  5
154C
330
1F
100
AcDbEntity
  8
d_line
  6
Continuous
 62
     8
100
AcDbPolyline
 90
        2
 70
     0
 43
0.0
 10
175941.261662538
 20
417686.9039725203
 10
175821.6388515568
 20
417795.4057375817
  0
LWPOLYLINE
  5
154D
330
1F
100
AcDbEntity
  8
d_line
  6
Continuous
 62
     8
100
AcDbPolyline
 90
        2
 70
     0
 43
0.0
 10
175773.7117565055
 20
417838.8771655188
 10
175681.6468310825
 20
417922.3830355676
  0
LWPOLYLINE
  5
154E
330
1F
100
AcDbEntity
  8
d_line
  6
Continuous
 62
     8
100
AcDbPolyline
 90
        2
 70
     0
 43
0.0
 10
175969.4788398669
 20
417718.0133104025
 10
175849.8560288859
 20
417826.5150754638
  0
LWPOLYLINE
  5
154F
330
1F
100
AcDbEntity
  8
d_line
  6
Continuous
 62
     8
100
AcDbPolyline
 90
        2
 70
     0
 43
0.0
 10
175801.928933831
 20
417869.9865033968
 10
175709.8640084043
 20
417953.4923734487
  0
LWPOLYLINE
  5
1550
330
1F
100
AcDbEntity
  8
d_line
  6
Continuous
 62
     8
100
AcDbPolyline
 90
        2
 70
     0
 43
0.0
 10
176791.8365098693
 20
418599.3559877408
 10
176832.732395033
 20
418644.4435560374
  0
LWPOLYLINE
  5
1551
330
1F
100
AcDbEntity
  8
d_line
  6
Continuous
 62
     8
100
AcDbPolyline
 90
        2
 70
     0
 43
0.0
 10
176793.689043812
 20
418597.6772622225
 10
176834.70941016
 20
418642.9020705833
  0
LWPOLYLINE
  5
1552
330
1F
100
AcDbEntity
  8
d_line
  6
Continuous
 62
     8
100
AcDbPolyline
 90
        2
 70
     0
 43
0.0
 10
176809.4594796496
 20
418583.0623282714
 10
176857.2275350939
 20
418635.7264399203
  0
LWPOLYLINE
  5
1553
330
1F
100
AcDbEntity
  8
d_line
  6
Continuous
 62
     8
100
AcDbPolyline
 90
        2
 70
     0
 43
0.0
 10
176807.6077333467
 20
418584.7419221597
 10
176855.5010576151
 20
418637.5441422429
  0
LWPOLYLINE
  5
1554
330
1F
100
AcDbEntity
  8
d_line
  6
Continuous
 62
     8
100
AcDbPolyline
 90
        4
 70
   128
 43
0.0
 10
176095.6716435173
 20
419155.8174568839
 10
176072.4196570908
 20
419130.1822243543
 10
176061.2050018198
 20
419113.3527415709
 10
176028.519477761
 20
419077.3170672745
  0
LWPOLYLINE
  5
1555
330
1F
100
AcDbEntity
  8
d_line
  6
Continuous
 62
     8
100
AcDbPolyline
 90
        2
 70
   128
 43
0.0
 10
176019.1137519844
 20
419066.9472879802
 10
175874.1869699194
 20
418907.1660249985
  0
LWPOLYLINE
  5
1556
330
1F
100
AcDbEntity
  8
d_line
  6
Continuous
 62
     8
100
AcDbPolyline
 90
        4
 70
   128
 43
0.0
 10
176097.1530405593
 20
419154.4737817731
 10
176074.0012691942
 20
419128.9490359928
 10
176062.7866139232
 20
419112.1195532097
 10
176030.0008748031
 20
419075.9733921635
  0
LWPOLYLINE
  5
1557
330
1F
100
AcDbEntity
  8
d_line
  6
Continuous
 62
     8
100
AcDbPolyline
 90
        2
 70
   128
 43
0.0
 10
176020.5951490264
 20
419065.6036128692
 10
175875.6683669614
 20
418905.8223498876
  0
LWPOLYLINE
  5
1558
330
1F
100
AcDbEntity
  8
d_line
  6
Continuous
 62
     8
100
AcDbPolyline
 90
        2
 70
     0
 43
0.0
 10
176431.3005750023
 20
418856.7866194111
 10
176349.8356136205
 20
418766.971788521
  0
LWPOLYLINE
  5
1559
330
1F
100
AcDbEntity
  8
d_line
  6
Continuous
 62
     8
100
AcDbPolyline
 90
        2
 70
     0
 43
0.0
 10
176349.8356136205
 20
418766.9717885211
 10
176317.6054236236
 20
418731.4381184005
  0
LWPOLYLINE
  5
155A
330
1F
100
AcDbEntity
  8
d_line
  6
Continuous
 62
     8
100
AcDbPolyline
 90
        2
 70
     0
 43
0.0
 10
176308.1996978488
 20
418721.0683391047
 10
176206.2525347246
 20
418608.6719534634
  0
LWPOLYLINE
  5
155B
330
1F
100
AcDbEntity
  8
d_line
  6
Continuous
 62
     8
100
AcDbPolyline
 90
        2
 70
     0
 43
0.0
 10
176432.7819720446
 20
418855.4429443004
 10
176351.3170106628
 20
418765.6281134103
  0
LWPOLYLINE
  5
155C
330
1F
100
AcDbEntity
  8
d_line
  6
Continuous
 62
     8
100
AcDbPolyline
 90
        2
 70
     0
 43
0.0
 10
176351.3170106628
 20
418765.6281134104
 10
176319.0868206657
 20
418730.0944432895
  0
LWPOLYLINE
  5
155D
330
1F
100
AcDbEntity
  8
d_line
  6
Continuous
 62
     8
100
AcDbPolyline
 90
        2
 70
     0
 43
0.0
 10
176309.6810948908
 20
418719.7246639938
 10
176207.7339317669
 20
418607.3282783527
  0
LWPOLYLINE
  5
155E
330
1F
100
AcDbEntity
  8
d_line
  6
Continuous
 62
     8
100
AcDbPolyline
 90
        3
 70
     0
 43
0.0
 10
176168.187836182
 20
418566.7040096006
 42
0.043981699028826
 10
176113.715213976
 20
418495.1857998515
 10
176072.6581866474
 20
418430.135535529
  0
LWPOLYLINE
  5
155F
330
1F
100
AcDbEntity
  8
d_line
  6
Continuous
 62
     8
100
AcDbPolyline
 90
        5
 70
     0
 43
0.0
 10
176065.169115716
 20
418418.3065458083
 42
-0.0197838158130458
 10
176043.006499435
 20
418386.6995485574
 10
176028.2200429283
 20
418372.918371791
 42
-0.0111273364947691
 10
176014.0782022649
 20
418356.6121474825
 10
176011.0732470428
 20
418353.2991950118
  0
LWPOLYLINE
  5
1560
330
1F
100
AcDbEntity
  8
d_line
  6
Continuous
 62
     8
100
AcDbPolyline
 90
        4
 70
     0
 43
0.0
 10
175773.1134165691
 20
418086.4839610419
 10
175761.595681022
 20
418073.7856984655
 10
175745.9368343519
 20
418060.9872407093
 10
175733.2684179067
 20
418047.0203565253
  0
LWPOLYLINE
  5
1561
330
1F
100
AcDbEntity
  8
d_line
  6
Continuous
 62
     8
100
AcDbPolyline
 90
        2
 70
     0
 43
0.0
 10
175638.7459055018
 20
417938.3442568186
 10
175624.9732356138
 20
417923.1599371315
  0
LWPOLYLINE
  5
1562
330
1F
100
AcDbEntity
  8
d_line
  6
Continuous
 62
     8
100
AcDbPolyline
 90
        2
 70
     0
 43
0.0
 10
175601.2909617874
 20
417897.0503142614
 10
175488.8515122573
 20
417773.0862200834
  0
LWPOLYLINE
  5
1563
330
1F
100
AcDbEntity
  8
d_line
  6
Continuous
 62
     8
100
AcDbPolyline
 90
        3
 70
     0
 43
0.0
 10
176169.6973501702
 20
418565.3911902878
 42
0.0440043062054087
 10
176115.4065127568
 20
418494.118322248
 10
176074.3399330602
 20
418429.0529232677
  0
LWPOLYLINE
  5
1564
330
1F
100
AcDbEntity
  8
d_line
  6
Continuous
 62
     8
100
AcDbPolyline
 90
        5
 70
     0
 43
0.0
 10
176066.8507947988
 20
418417.22397689
 42
-0.0198706170415758
 10
176044.494257142
 20
418385.3521879636
 10
176029.6776038979
 20
418371.542867431
 42
-0.0110612594832883
 10
176015.5595993071
 20
418355.2684723719
 10
176012.5546440849
 20
418351.9555199008
  0
LWPOLYLINE
  5
1565
330
1F
100
AcDbEntity
  8
d_line
  6
Continuous
 62
     8
100
AcDbPolyline
 90
        4
 70
     0
 43
0.0
 10
175774.5948136114
 20
418085.1402859312
 10
175762.9768630055
 20
418072.3315366079
 10
175747.3180163349
 20
418059.5330788514
 10
175734.749814949
 20
418045.6766814145
  0
LWPOLYLINE
  5
1566
330
1F
100
AcDbEntity
  8
d_line
  6
Continuous
 62
     8
100
AcDbPolyline
 90
        2
 70
     0
 43
0.0
 10
175640.2273025443
 20
417937.0005817078
 10
175626.4546326562
 20
417921.816262021
  0
LWPOLYLINE
  5
1567
330
1F
100
AcDbEntity
  8
d_line
  6
Continuous
 62
     8
100
AcDbPolyline
 90
        2
 70
     0
 43
0.0
 10
175602.7723588298
 20
417895.7066391506
 10
175490.3329092997
 20
417771.7425449726
  0
LWPOLYLINE
  5
1568
330
1F
100
AcDbEntity
  8
d_line
  6
Continuous
 62
     8
100
AcDbPolyline
 90
        2
 70
     0
 43
0.0
 10
175460.3068022062
 20
417734.1735032919
 10
175385.127638574
 20
417651.288742119
  0
LWPOLYLINE
  5
1569
330
1F
100
AcDbEntity
  8
d_line
  6
Continuous
 62
     8
100
AcDbPolyline
 90
        2
 70
     0
 43
0.0
 10
175458.8254051637
 20
417735.5171784025
 10
175383.6462415318
 20
417652.6324172296
  0
LWPOLYLINE
  5
156A
330
1F
100
AcDbEntity
  8
d_line
  6
Continuous
 62
     8
100
AcDbPolyline
 90
        5
 70
     0
 43
0.0
 10
176185.9651769241
 20
418550.5804549129
 42
0.0316989437774232
 10
176147.3106404737
 20
418502.3432769799
 10
176138.6518623089
 20
418484.0789486374
 42
0.0020191766867022
 10
176136.547747517
 20
418480.774852204
 10
176119.3827606733
 20
418453.5788518132
  0
LWPOLYLINE
  5
156B
330
1F
100
AcDbEntity
  8
d_line
  6
Continuous
 62
     8
100
AcDbPolyline
 90
        2
 70
     0
 43
0.0
 10
176104.4380742244
 20
418429.9006688815
 10
176095.3760917728
 20
418415.5429719875
  0
LWPOLYLINE
  5
156C
330
1F
100
AcDbEntity
  8
d_line
  6
Continuous
 62
     8
100
AcDbPolyline
 90
        3
 70
     0
 43
0.0
 10
176087.8717833338
 20
418403.6918654135
 42
-0.0412040184498354
 10
176036.299157899
 20
418336.4570208218
 10
176033.2942026742
 20
418333.144068348
  0
LWPOLYLINE
  5
156D
330
1F
100
AcDbEntity
  8
d_line
  6
Continuous
 62
     8
100
AcDbPolyline
 90
        4
 70
     0
 43
0.0
 10
176014.4827511239
 20
418312.4045097557
 10
175996.9772283822
 20
418293.1047330418
 10
175981.3183817116
 20
418280.3062752851
 10
175974.6377524632
 20
418272.9409052411
  0
LWPOLYLINE
  5
156E
330
1F
100
AcDbEntity
  8
d_line
  6
Continuous
 62
     8
100
AcDbPolyline
 90
        2
 70
     0
 43
0.0
 10
175928.9527986988
 20
418222.5734058039
 10
175800.2959068511
 20
418080.7296390096
  0
LWPOLYLINE
  5
156F
330
1F
100
AcDbEntity
  8
d_line
  6
Continuous
 62
     8
100
AcDbPolyline
 90
        2
 70
     0
 43
0.0
 10
175656.5226700088
 20
417922.2201554903
 10
175506.6282767641
 20
417756.9621187553
  0
LWPOLYLINE
  5
1570
330
1F
100
AcDbEntity
  8
d_line
  6
Continuous
 62
     8
100
AcDbPolyline
 90
        2
 70
     0
 43
0.0
 10
175472.1579785436
 20
417723.4241024069
 10
175396.978814909
 20
417640.5393412314
  0
LWPOLYLINE
  5
1571
330
1F
100
AcDbEntity
  8
d_line
  6
Continuous
 62
     8
100
AcDbPolyline
 90
        2
 70
     0
 43
0.0
 10
175927.4714016568
 20
418223.9170809149
 10
175798.8145098088
 20
418082.0733141202
  0
LWPOLYLINE
  5
1572
330
1F
100
AcDbEntity
  8
d_line
  6
Continuous
 62
     8
100
AcDbPolyline
 90
        2
 70
     0
 43
0.0
 10
175723.7752865049
 20
417994.8774715213
 10
175705.635672512
 20
417974.8786114526
  0
LWPOLYLINE
  5
1573
330
1F
100
AcDbEntity
  8
d_line
  6
Continuous
 62
     8
100
AcDbPolyline
 90
        2
 70
     0
 43
0.0
 10
175655.0412729664
 20
417923.563830601
 10
175505.1468797218
 20
417758.3057938661
  0
LWPOLYLINE
  5
1574
330
1F
100
AcDbEntity
  8
d_line
  6
Continuous
 62
     8
100
AcDbPolyline
 90
        2
 70
     0
 43
0.0
 10
175470.6765815014
 20
417724.7677775175
 10
175395.4974178669
 20
417641.8830163423
  0
LWPOLYLINE
  5
1575
330
1F
100
AcDbEntity
  8
d_line
  6
Continuous
 62
     8
100
AcDbPolyline
 90
        4
 70
     0
 43
0.0
 10
176449.0773395104
 20
418840.6625180836
 10
176415.0147000036
 20
418803.1085788798
 10
176403.8000444597
 20
418786.2790957908
 10
176379.5761461645
 20
418759.5723338654
  0
LWPOLYLINE
  5
1576
330
1F
100
AcDbEntity
  8
d_line
  6
Continuous
 62
     8
100
AcDbPolyline
 90
        2
 70
     0
 43
0.0
 10
176325.9764623532
 20
418704.9442377732
 10
176224.0292992319
 20
418592.5478521349
  0
LWPOLYLINE
  5
1577
330
1F
100
AcDbEntity
  8
d_line
  6
Continuous
 62
     8
100
AcDbPolyline
 90
        4
 70
     0
 43
0.0
 10
176447.595942468
 20
418842.0061931942
 10
176413.433087902
 20
418804.3417672433
 10
176402.2184323581
 20
418787.5122841542
 10
176378.0947491222
 20
418760.9160089762
  0
LWPOLYLINE
  5
1578
330
1F
100
AcDbEntity
  8
d_line
  6
Continuous
 62
     8
100
AcDbPolyline
 90
        2
 70
     0
 43
0.0
 10
176324.4950653113
 20
418706.2879128842
 10
176222.5479021896
 20
418593.8915272457
  0
LWPOLYLINE
  5
1579
330
1F
100
AcDbEntity
  8
d_line
 62
     8
100
AcDbPolyline
 90
        4
 70
     0
 43
0.0
 10
175057.2581728008
 20
417928.933666996
 10
175086.2220932805
 20
417965.9652072344
 10
175096.8822019219
 20
417984.464081661
 10
175133.6187091383
 20
418031.433187454
  0
LWPOLYLINE
  5
157A
330
1F
100
AcDbEntity
  8
d_line
 62
     8
100
AcDbPolyline
 90
        4
 70
     0
 43
0.0
 10
175054.8951225687
 20
417930.7819076732
 10
175083.7285461319
 20
417967.6466023417
 10
175094.3886547732
 20
417986.1454767682
 10
175131.2556589063
 20
418033.2814281313
  0
LWPOLYLINE
  5
157B
330
1F
100
AcDbEntity
  8
d_line
  6
Continuous
 62
     8
100
AcDbPolyline
 90
        9
 70
   129
 43
0.0
 10
175391.6786425203
 20
418651.4601779552
 10
175411.5771846292
 20
418673.3982500242
 42
-0.4142135623635382
 10
175420.0524010882
 20
418673.8114158175
 10
175443.7547537616
 20
418652.3126140431
 42
-0.4142135623827546
 10
175444.167919555
 20
418643.837397584
 10
175425.3564680018
 20
418623.0978389954
 42
-0.4142135623668989
 10
175416.8812515428
 20
418622.684673202
 10
175407.1024667014
 20
418631.5543478626
 42
0.0429595922004896
 10
175392.9105714985
 20
418642.3614734795
 42
-0.4654556804249819
  0
LWPOLYLINE
  5
157C
330
1F
100
AcDbEntity
  8
d_line
  6
Continuous
 62
     8
100
AcDbPolyline
 90
        2
 70
     0
 43
0.0
 10
175718.1644807175
 20
418436.7165474107
 42
0.4142135623731342
 10
175696.9764395699
 20
418435.6836329275
  0
LWPOLYLINE
  5
157D
330
1F
100
AcDbEntity
  8
d_line
  6
Continuous
 62
     8
100
AcDbPolyline
 90
        4
 70
   128
 43
0.0
 10
175723.9168249595
 20
418925.657062478
 10
175679.0811582666
 20
418839.3385397126
 42
-0.0561503056538549
 10
175664.6045433008
 20
418817.7754940624
 42
-0.150485854601786
 10
175607.0700625681
 20
418781.0082416698
  0
LWPOLYLINE
  5
157E
330
1F
100
AcDbEntity
  8
d_line
  6
Continuous
 62
     8
100
AcDbPolyline
 90
        4
 70
   128
 43
0.0
 10
175725.6916788996
 20
418924.7351657964
 10
175680.8560122067
 20
418838.4166430311
 42
-0.0561503056538753
 10
175666.1298004311
 20
418816.4818207318
 42
-0.1504858546017697
 10
175607.6033458926
 20
418779.0806501944
  0
LWPOLYLINE
  5
157F
330
1F
100
AcDbEntity
  8
d_line
  6
Continuous
 62
     8
100
AcDbPolyline
 90
        4
 70
   128
 43
0.0
 10
175732.1104859585
 20
418934.9233410964
 10
175681.7434391768
 20
418837.9556946904
 42
-0.0561503056539025
 10
175666.8924289963
 20
418815.8349840665
 42
-0.1734148213617487
 10
175597.5071858324
 20
418775.7426361165
 42
-0.1734148213617487
  0
LWPOLYLINE
  5
1580
330
1F
100
AcDbEntity
  8
d_line
 62
     8
100
AcDbPolyline
 90
       10
 70
     0
 43
0.0
 10
174984.9903324176
 20
418199.482139438
 10
174898.9825139156
 20
418138.2128969501
 42
0.4142135623715899
 10
174897.1083713791
 20
418127.0554962781
 10
174910.9520599628
 20
418107.6221655114
 42
0.0721400066899698
 10
174925.8314018219
 20
418092.0611822203
 10
174934.7543730784
 20
418085.0821522301
 42
0.414213562373215
 10
174945.9844821697
 20
418086.4549777097
 10
174956.9796590812
 20
418100.5127547475
 42
-0.0721400066789753
 10
174992.3549610915
 20
418134.3384585696
 10
175018.2537853447
 20
418152.7879596842
  0
LWPOLYLINE
  5
1581
330
1F
100
AcDbEntity
  8
d_line
 62
     8
100
AcDbPolyline
 90
       12
 70
     1
 43
0.0
 10
174929.350316075
 20
418065.1875256216
 10
174912.6798245379
 20
418043.8736299904
 42
-0.3746082213161125
 10
174904.9377854207
 20
418042.3831937591
 10
174844.3040534461
 20
418077.6387406065
 42
-0.4142135623751815
 10
174842.1330745134
 20
418085.8415968454
 10
174852.2170463782
 20
418103.1843670466
 42
-0.1066892434729727
 10
174867.8525910733
 20
418120.3341925053
 10
174874.9610720344
 20
418125.3980489234
 42
-0.4142135623748115
 10
174886.1184727063
 20
418123.523906387
 10
174901.9928740071
 20
418101.2399255432
 42
0.0721400066901078
 10
174919.0545193389
 20
418083.3966647027
 10
174927.9774905954
 20
418076.4176347127
 42
-0.4142135623738282
  0
LWPOLYLINE
  5
1582
330
1F
100
AcDbEntity
  8
d_line
 62
     8
100
AcDbPolyline
 90
        5
 70
     0
 43
0.0
 10
175161.4448963899
 20
418066.7711278116
 42
-0.017510616353974
 10
175249.508033755
 20
418174.2146439503
 10
175265.0023305568
 20
418187.130244435
 42
-0.0012538205080852
 10
175271.6587327197
 20
418194.5059924262
 10
175312.2271934403
 20
418239.2325764212
  0
LWPOLYLINE
  5
1583
330
1F
100
AcDbEntity
  8
d_line
 62
     8
100
AcDbPolyline
 90
        5
 70
     0
 43
0.0
 10
175159.0581151745
 20
418068.5886207781
 42
-0.0175401049357314
 10
175247.4090778019
 20
418176.3705964193
 10
175262.9150280448
 20
418189.2959108778
 42
-0.0012264984970375
 10
175269.436636499
 20
418196.5215043676
 10
175310.0050978772
 20
418241.2480890876
  0
LWPOLYLINE
  5
1584
330
1F
100
AcDbEntity
  8
d_line
 62
     8
100
AcDbPolyline
 90
        5
 70
     0
 43
0.0
 10
175139.0349191774
 20
418085.208053031
 42
-0.0165795077273051
 10
175223.4994444477
 20
418188.541096559
 10
175234.5227232943
 20
418205.5558353854
 42
-0.0020789895346139
 10
175245.7342759343
 20
418218.0202974421
 10
175286.3027452045
 20
418262.746890863
  0
LWPOLYLINE
  5
1585
330
1F
100
AcDbEntity
  8
d_line
 62
     8
100
AcDbPolyline
 90
        5
 70
     0
 43
0.0
 10
175136.6481366576
 20
418087.0255469907
 42
-0.0165532259388627
 10
175221.0988926507
 20
418190.3532325017
 10
175232.1303310555
 20
418207.3805658339
 42
-0.002107566060431
 10
175243.5121803712
 20
418220.0358101085
 10
175284.0806496414
 20
418264.7624035292
  0
LWPOLYLINE
  5
1586
330
1F
100
AcDbEntity
  8
d_line
  6
Continuous
 62
     8
100
AcDbPolyline
 90
        2
 70
   128
 43
0.0
 10
176163.6945736864
 20
417466.2490385045
 10
176151.2655789119
 20
417452.5461158641
  0
LWPOLYLINE
  5
1587
330
1F
100
AcDbEntity
  8
d_line
  6
Continuous
 62
     8
100
AcDbPolyline
 90
        2
 70
     0
 43
0.0
 10
176165.1759707284
 20
417464.9053633936
 10
176152.7469759536
 20
417451.2024407528
  0
LWPOLYLINE
  5
1588
330
1F
100
AcDbEntity
  8
d_line
  6
Continuous
 62
     8
100
AcDbPolyline
 90
        2
 70
   128
 43
0.0
 10
176330.4877575238
 20
417820.566034755
 10
176408.6314514928
 20
417749.6871726514
  0
LWPOLYLINE
  5
1589
330
1F
100
AcDbEntity
  8
d_line
  6
Continuous
 62
     8
100
AcDbPolyline
 90
        2
 70
   128
 43
0.0
 10
176311.918205634
 20
417823.9084504311
 10
176401.9130759388
 20
417742.2801874405
  0
LWPOLYLINE
  5
158A
330
1F
100
AcDbEntity
  8
d_line
  6
Continuous
 62
     8
100
AcDbPolyline
 90
        2
 70
   128
 43
0.0
 10
176177.0271470647
 20
417454.1559625059
 10
176164.5981522873
 20
417440.4530398622
  0
LWPOLYLINE
  5
158B
330
1F
100
AcDbEntity
  8
d_line
  6
Continuous
 62
     8
100
AcDbPolyline
 90
        2
 70
     0
 43
0.0
 10
176175.5457500226
 20
417455.4996376168
 10
176163.1167552456
 20
417441.7967149735
  0
LWPOLYLINE
  5
158C
330
1F
100
AcDbEntity
  8
d_line
 62
     8
100
AcDbPolyline
 90
        2
 70
     0
 43
0.0
 10
175029.6892534269
 20
417950.4964748967
 10
175110.5891951718
 20
418053.9303125256
  0
LWPOLYLINE
  5
158D
330
1F
100
AcDbEntity
  8
d_line
 62
     8
100
AcDbPolyline
 90
        2
 70
     0
 43
0.0
 10
175032.0523036589
 20
417948.6482342194
 10
175112.9522454039
 20
418052.0820718486
  0
LWPOLYLINE
  5
158E
330
1F
100
AcDbEntity
  8
d_line
 62
     8
100
AcDbPolyline
 90
        2
 70
     0
 43
0.0
 10
174847.8267506266
 20
417711.4852709589
 10
174993.3169302911
 20
417897.500332224
  0
LWPOLYLINE
  5
158F
330
1F
100
AcDbEntity
  8
d_line
 62
     8
100
AcDbPolyline
 90
        2
 70
     0
 43
0.0
 10
174849.4021174479
 20
417710.2531105075
 10
174994.8922971124
 20
417896.2681717727
  0
LWPOLYLINE
  5
1590
330
1F
100
AcDbEntity
  8
d_line
  6
Continuous
 62
     8
100
AcDbPolyline
 90
        2
 70
   128
 43
0.0
 10
175578.1221439287
 20
418608.2920232379
 10
175530.4963753903
 20
418651.4901382667
  0
LWPOLYLINE
  5
1591
330
1F
100
AcDbEntity
  8
d_line
  6
Continuous
 62
     8
100
AcDbPolyline
 90
        2
 70
   128
 43
0.0
 10
175576.1066312622
 20
418606.0699276749
 10
175528.4808627237
 20
418649.2680427039
  0
LWPOLYLINE
  5
1592
330
1F
100
AcDbEntity
  8
d_line
  6
Continuous
 62
     8
100
AcDbPolyline
 90
        2
 70
   128
 43
0.0
 10
175506.9820609486
 20
418625.5656900342
 10
175554.6078294896
 20
418582.3675750046
  0
LWPOLYLINE
  5
1593
330
1F
100
AcDbEntity
  8
d_line
  6
Continuous
 62
     8
100
AcDbPolyline
 90
        2
 70
   128
 43
0.0
 10
175508.9975736151
 20
418627.787785597
 10
175556.623342156
 20
418584.5896705674
  0
LWPOLYLINE
  5
1594
330
1F
100
AcDbEntity
  8
d_line
  6
Continuous
 62
     8
100
AcDbPolyline
 90
        2
 70
   128
 43
0.0
 10
175739.8905104205
 20
418917.3599923448
 10
175720.6042731602
 20
418880.2297424165
  0
LWPOLYLINE
  5
1595
330
1F
100
AcDbEntity
  8
d_line
  6
Continuous
 62
     8
100
AcDbPolyline
 90
        2
 70
   128
 43
0.0
 10
175685.4936583636
 20
418815.3637512606
 42
-0.1741173368886617
 10
175611.2393649239
 20
418763.487208743
 42
-0.1741173368886617
  0
LWPOLYLINE
  5
1596
330
1F
100
AcDbEntity
  8
d_line
  6
Continuous
 62
     8
100
AcDbPolyline
 90
        2
 70
   128
 43
0.0
 10
175738.1156564803
 20
418918.2818890262
 10
175718.8294192201
 20
418881.151639098
  0
LWPOLYLINE
  5
1597
330
1F
100
AcDbEntity
  8
d_line
  6
Continuous
 62
     8
100
AcDbPolyline
 90
        2
 70
   128
 43
0.0
 10
175683.9046865365
 20
418816.5806485797
 42
-0.1742631830023609
 10
175610.7154882795
 20
418765.4173779742
 42
-0.1742631830023609
  0
LWPOLYLINE
  5
1598
330
1F
100
AcDbEntity
  8
d_line
  6
Continuous
 62
     8
100
AcDbPolyline
 90
        2
 70
   128
 43
0.0
 10
175596.292020505
 20
418762.3559460891
 42
-0.0014809115675698
 10
175595.5189169569
 20
418762.2388599938
  0
LWPOLYLINE
  5
1599
330
1F
100
AcDbEntity
  8
d_line
  6
Continuous
 62
     8
100
AcDbPolyline
 90
        2
 70
   128
 43
0.0
 10
175530.5129925787
 20
418786.1586059286
 42
-0.1707388303131742
 10
175473.7950049657
 20
418838.2047215511
 42
-0.1707388303131742
  0
LWPOLYLINE
  5
159A
330
1F
100
AcDbEntity
  8
d_line
  6
Continuous
 62
     8
100
AcDbPolyline
 90
        2
 70
   128
 43
0.0
 10
175529.9015309628
 20
418784.2450256415
 42
-0.1716066112291102
 10
175471.9329595156
 20
418837.4463771162
 42
-0.1716066112291102
  0
LWPOLYLINE
  5
159B
330
1F
100
AcDbEntity
  8
d_line
  6
Continuous
 62
     8
100
AcDbPolyline
 90
        2
 70
   128
 43
0.0
 10
175539.9188263935
 20
418779.4548820794
 42
-0.2222889815017698
 10
175465.9214685572
 20
418847.9425585013
  0
LWPOLYLINE
  5
159C
330
1F
100
AcDbEntity
  8
d_line
  6
Continuous
 62
     8
100
AcDbPolyline
 90
        2
 70
   128
 43
0.0
 10
175767.7308621208
 20
418980.9947982586
 42
-0.0018876821221064
 10
175767.3664118973
 20
418979.8271391947
  0
LWPOLYLINE
  5
159D
330
1F
100
AcDbEntity
  8
d_line
  6
Continuous
 62
     8
100
AcDbPolyline
 90
        2
 70
   128
 43
0.0
 10
175525.0127650392
 20
418768.9455434564
 42
-0.1776194649334605
 10
175457.0471623851
 20
418831.3839249832
 42
-0.1776194649334605
  0
LWPOLYLINE
  5
159E
330
1F
100
AcDbEntity
  8
d_line
  6
Continuous
 62
     8
100
AcDbPolyline
 90
        2
 70
   128
 43
0.0
 10
175540.1568902901
 20
418765.8075926681
 42
-0.0044815067369544
 10
175537.8861860803
 20
418766.4729859413
 42
-0.0044815067369544
  0
LWPOLYLINE
  5
159F
330
1F
100
AcDbEntity
  8
d_line
  6
Continuous
 62
     8
100
AcDbPolyline
 90
        2
 70
   128
 43
0.0
 10
175525.6236109591
 20
418770.8571969114
 42
-0.1769472797490783
 10
175458.9069853464
 20
418832.1413642777
 42
-0.1769472797490783
  0
LWPOLYLINE
  5
15A0
330
1F
100
AcDbEntity
  8
d_line
  6
Continuous
 62
     8
100
AcDbPolyline
 90
        3
 70
     0
 43
0.0
 10
175517.0266593176
 20
418676.533338155
 10
175541.4801216263
 20
418703.4931935811
 42
0.0954017003648034
 10
175557.201657772
 20
418729.3406135091
  0
LWPOLYLINE
  5
15A1
330
1F
100
AcDbEntity
  8
d_line
  6
Continuous
 62
     8
100
AcDbPolyline
 90
        2
 70
     0
 43
0.0
 10
175526.6557400913
 20
418667.7994499333
 10
175550.2018070856
 20
418693.7589052459
  0
LWPOLYLINE
  5
15A2
330
1F
100
AcDbEntity
  8
d_line
  6
Continuous
 62
     8
100
AcDbPolyline
 90
        2
 70
     0
 43
0.0
 10
175562.3023212863
 20
418716.1609953913
 42
0.031487462901058
 10
175566.8269806161
 20
418726.5420503428
  0
LWPOLYLINE
  5
15A3
330
1F
100
AcDbEntity
  8
d_line
  6
Continuous
 62
     8
100
AcDbPolyline
 90
        2
 70
     0
 43
0.0
 10
175569.9868426089
 20
418737.2971397413
 42
0.0060425679819174
 10
175570.4431852792
 20
418739.4239783325
  0
LWPOLYLINE
  5
15A4
330
1F
100
AcDbEntity
  8
d_line
 62
     8
100
AcDbPolyline
 90
        2
 70
     0
 43
0.0
 10
175074.3476449463
 20
418400.4097404083
 10
175101.6675422858
 20
418379.2636176103
  0
LWPOLYLINE
  5
15A5
330
1F
100
AcDbEntity
  8
d_line
 62
     8
100
AcDbPolyline
 90
       10
 70
     0
 43
0.0
 10
175022.8954144125
 20
418146.2721880801
 10
174996.9965901594
 20
418127.8226869655
 42
0.0721400066789747
 10
174963.2811263666
 20
418095.5841129416
 10
174952.285949455
 20
418081.5263359039
 42
0.4142135623740208
 10
174953.6587749346
 20
418070.2962268126
 10
174962.7171341575
 20
418063.2113042165
 42
0.4142135623738036
 10
174979.5622977945
 20
418065.270542436
 10
174988.0931538032
 20
418076.1775858311
 42
-0.0721400066790906
 10
175015.2730046142
 20
418102.1668362746
 10
175036.2850001635
 20
418117.135115588
  0
LWPOLYLINE
  5
15A6
330
1F
100
AcDbEntity
  8
d_line
  6
Continuous
 62
     8
100
AcDbPolyline
 90
        2
 70
   128
 43
0.0
 10
175300.4280774893
 20
418635.5373131338
 10
175300.4280774893
 20
418564.1830678785
  0
LWPOLYLINE
  5
15A7
330
1F
100
AcDbEntity
  8
d_line
  6
Continuous
 62
     8
100
AcDbPolyline
 90
        2
 70
   128
 43
0.0
 10
175298.4280774892
 20
418635.5373131338
 10
175298.4280774892
 20
418564.1830678785
  0
LWPOLYLINE
  5
15A8
330
1F
100
AcDbEntity
  8
d_line
  6
Continuous
 62
     8
100
AcDbPolyline
 90
        2
 70
   128
 43
0.0
 10
175303.1649983445
 20
418525.391119916
 42
-0.0748055122881779
 10
175293.2893989194
 20
418478.2093427426
 42
-0.0748055122881779
  0
LWPOLYLINE
  5
15A9
330
1F
100
AcDbEntity
  8
d_line
  6
Continuous
 62
     8
100
AcDbPolyline
 90
        5
 70
   128
 43
0.0
 10
175281.8744961048
 20
418453.8806867634
 42
-0.0355190357032411
 10
175269.0327900194
 20
418434.8147978075
 10
175265.9665484303
 20
418430.8944842963
 10
175251.2818936837
 20
418416.9890567601
 10
175232.9800920115
 20
418393.5894653424
  0
LWPOLYLINE
  5
15AA
330
1F
100
AcDbEntity
  8
d_line
  6
Continuous
 62
     8
100
AcDbPolyline
 90
        2
 70
   128
 43
0.0
 10
175301.1615101771
 20
418525.3877587522
 42
-0.0746597048129211
 10
175291.4059685743
 20
418478.8826237834
 42
-0.0746597048129211
  0
LWPOLYLINE
  5
15AB
330
1F
100
AcDbEntity
  8
d_line
  6
Continuous
 62
     8
100
AcDbPolyline
 90
        5
 70
   128
 43
0.0
 10
175280.1405897021
 20
418454.87746587
 42
-0.0355190357032302
 10
175267.457423198
 20
418436.0469582588
 10
175264.4830795921
 20
418432.244140025
 10
175249.7984248455
 20
418418.3387124885
 10
175231.4047251902
 20
418394.8216257938
  0
LWPOLYLINE
  5
15AC
330
1F
100
AcDbEntity
  8
d_line
  6
Continuous
 62
     8
100
AcDbPolyline
 90
        2
 70
   128
 43
0.0
 10
175282.4280774893
 20
418635.5373131338
 10
175282.4280774893
 20
418564.1830678785
  0
LWPOLYLINE
  5
15AD
330
1F
100
AcDbEntity
  8
d_line
  6
Continuous
 62
     8
100
AcDbPolyline
 90
        2
 70
   128
 43
0.0
 10
175284.4280774893
 20
418635.5373131338
 10
175284.4280774893
 20
418564.1830678785
  0
LWPOLYLINE
  5
15AE
330
1F
100
AcDbEntity
  8
d_line
  6
Continuous
 62
     8
100
AcDbPolyline
 90
        3
 70
   128
 43
0.0
 10
175282.1234177367
 20
418525.3558193828
 42
-0.1506257062013017
 10
175252.4914383952
 20
418447.7524825479
 10
175218.8017906193
 20
418404.6789094057
  0
LWPOLYLINE
  5
15AF
330
1F
100
AcDbEntity
  8
d_line
  6
Continuous
 62
     8
100
AcDbPolyline
 90
        3
 70
   128
 43
0.0
 10
175284.1279060196
 20
418525.3591822245
 42
-0.150867180725748
 10
175254.0668052165
 20
418446.5203220964
 10
175220.3771574406
 20
418403.4467489541
  0
LWPOLYLINE
  5
15B0
330
1F
100
AcDbEntity
  8
d_line
  6
Continuous
 62
     8
100
AcDbPolyline
 90
        9
 70
   129
 43
0.0
 10
175434.3073101478
 20
418596.0780578868
 10
175401.7277662578
 20
418625.6287596942
 42
0.1862826773629873
 10
175337.2313609343
 20
418650.5217016736
 10
175309.4280774893
 20
418650.5217016736
 42
0.4142135623730951
 10
175297.4280774893
 20
418638.5217016736
 10
175297.4280774893
 20
418562.1281628057
 42
0.4142135623730951
 10
175309.4280774893
 20
418550.1281628055
 10
175337.6780937845
 20
418550.1281628055
 42
0.1851471752760601
 10
175434.2877587948
 20
418587.1720200005
 42
0.4443582906729607
  0
LWPOLYLINE
  5
15B1
330
1F
100
AcDbEntity
  8
d_line
  6
Continuous
 62
     8
100
AcDbPolyline
 90
       10
 70
   129
 43
0.0
 10
175249.9280771277
 20
418534.6286526647
 42
-0.167500194630049
 10
175226.8917275481
 20
418467.7750898843
 10
175203.0593633847
 20
418437.3044513136
 42
-0.4142135623780971
 10
175194.6367815661
 20
418436.274832204
 10
175169.4309124247
 20
418455.9893994278
 42
-0.4142135623681723
 10
175168.401293315
 20
418464.4119812459
 10
175192.2336574782
 20
418494.8826198166
 42
0.1675097190481151
 10
175205.9280770352
 20
418534.6274505988
 42
-0.4142483295533973
 10
175211.9280769929
 20
418540.6281628057
 10
175243.9280771477
 20
418540.6281628057
 42
-0.4141896498327987
  0
LWPOLYLINE
  5
15B2
330
1F
100
AcDbEntity
  8
d_line
  6
ByBlock
 62
     8
100
AcDbPolyline
 90
        4
 70
     0
 43
0.0
 10
175882.1607286586
 20
418845.2554509987
 10
175884.4515346113
 20
418843.1776157829
 10
175897.2501316278
 20
418827.5185987232
 10
175916.4394215909
 20
418810.1132910381
  0
LWPOLYLINE
  5
15B3
330
1F
100
AcDbEntity
  8
d_line
  6
Continuous
 62
     8
100
AcDbPolyline
 90
        4
 70
     0
 43
0.0
 10
175884.176241325
 20
418847.4775465618
 10
175886.6327773983
 20
418845.2493887572
 10
175899.4313744152
 20
418829.5903716972
 10
175918.4549342573
 20
418812.3353866013
  0
LWPOLYLINE
  5
15B4
330
1F
100
AcDbEntity
  8
d_line
  6
Continuous
 62
     8
100
AcDbPolyline
 90
        2
 70
     0
 43
0.0
 10
175939.1945147776
 20
418793.5239592273
 10
175965.6252210236
 20
418769.550452369
  0
LWPOLYLINE
  5
15B5
330
1F
100
AcDbEntity
  8
d_line
  6
Continuous
 62
     8
100
AcDbPolyline
 90
        2
 70
     0
 43
0.0
 10
175980.604921563
 20
418755.9633786727
 10
176086.9638697233
 20
418659.49236691
  0
LWPOLYLINE
  5
15B6
330
1F
100
AcDbEntity
  8
d_line
  6
Continuous
 62
     8
100
AcDbPolyline
 90
        2
 70
     0
 43
0.0
 10
176124.2735836992
 20
418625.6512475863
 10
176167.0441678511
 20
418586.8569420938
  0
LWPOLYLINE
  5
15B7
330
1F
100
AcDbEntity
  8
d_line
  6
Continuous
 62
     8
100
AcDbPolyline
 90
        2
 70
     0
 43
0.0
 10
176532.5742406438
 20
418255.3093237509
 10
176723.5942483264
 20
418082.0479881812
  0
LWPOLYLINE
  5
15B8
330
1F
100
AcDbEntity
  8
d_line
  6
Continuous
 62
     8
100
AcDbPolyline
 90
        2
 70
     0
 43
0.0
 10
176534.5897533102
 20
418257.5314193139
 10
176725.6097609929
 20
418084.2700837444
  0
LWPOLYLINE
  5
15B9
330
1F
100
AcDbEntity
  8
d_line
  6
Continuous
 62
     8
100
AcDbPolyline
 90
        2
 70
     0
 43
0.0
 10
176737.4609373293
 20
418073.5206828567
 10
176741.0286842871
 20
418070.2846207795
  0
LWPOLYLINE
  5
15BA
330
1F
100
AcDbEntity
  8
d_line
  6
Continuous
 62
     8
100
AcDbPolyline
 90
        2
 70
     0
 43
0.0
 10
176735.4454246629
 20
418071.2985872938
 10
176738.8474414999
 20
418068.2128478053
  0
LWPOLYLINE
  5
15BB
330
1F
100
AcDbEntity
  8
d_line
  6
ByBlock
 62
     8
100
AcDbPolyline
 90
        2
 70
     0
 43
0.0
 10
175901.6440177675
 20
418866.7357081086
 10
175937.9382452978
 20
418833.8156678905
  0
LWPOLYLINE
  5
15BC
330
1F
100
AcDbEntity
  8
d_line
  6
Continuous
 62
     8
100
AcDbPolyline
 90
        2
 70
     0
 43
0.0
 10
175899.6285051011
 20
418864.5136125456
 10
175935.9227326314
 20
418831.5935723275
  0
LWPOLYLINE
  5
15BD
330
1F
100
AcDbEntity
  8
d_line
  6
Continuous
 62
     8
100
AcDbPolyline
 90
        2
 70
     0
 43
0.0
 10
175711.207683515
 20
417954.9737704909
 10
175709.1921708487
 20
417952.7516749272
  0
LWPOLYLINE
  5
15BE
330
1F
100
AcDbEntity
  8
d_line
  6
Continuous
 62
     8
100
AcDbPolyline
 90
        2
 70
     0
 43
0.0
 10
175682.3186686375
 20
417923.1237340881
 10
175680.3031559718
 20
417920.9016385253
  0
LWPOLYLINE
  5
15BF
330
1F
100
AcDbEntity
  8
d_line
  6
Continuous
 62
     8
100
AcDbPolyline
 90
        4
 70
   128
 43
0.0
 10
176448.7854382213
 20
417753.7685142852
 10
176406.0499606472
 20
417706.6528018886
 10
176394.8353051025
 20
417689.8233188005
 10
176370.6114068054
 20
417663.1165568764
  0
LWPOLYLINE
  5
15C0
330
1F
100
AcDbEntity
  8
d_line
  6
Continuous
 62
     8
100
AcDbPolyline
 90
        2
 70
   128
 43
0.0
 10
176270.6191501651
 20
417552.875448711
 10
176226.2778715071
 20
417503.9893463169
  0
LWPOLYLINE
  5
15C1
330
1F
100
AcDbEntity
  8
d_line
  6
Continuous
 62
     8
100
AcDbPolyline
 90
        4
 70
     0
 43
0.0
 10
176447.3040411791
 20
417755.112189396
 10
176404.4683485457
 20
417707.8859902521
 10
176393.253693001
 20
417691.0565071639
 10
176369.1300097632
 20
417664.460231987
  0
LWPOLYLINE
  5
15C2
330
1F
100
AcDbEntity
  8
d_line
  6
Continuous
 62
     8
100
AcDbPolyline
 90
        2
 70
     0
 43
0.0
 10
176269.1377531231
 20
417554.219123822
 10
176224.7964744651
 20
417505.3330214278
  0
LWPOLYLINE
  5
15C3
330
1F
100
AcDbEntity
  8
d_line
  6
Continuous
 62
     8
100
AcDbPolyline
 90
        8
 70
   129
 43
0.0
 10
176363.6832416022
 20
417851.2101179808
 10
176436.6420459236
 20
417785.0341187657
 42
-0.414213562342153
 10
176437.6749604079
 20
417763.8460776194
 10
176424.9100468553
 20
417749.7728057185
 42
-0.4142135624037434
 10
176407.9596139364
 20
417748.9464741311
 10
176329.8159199684
 20
417819.8253362339
 42
-0.4142135623412084
 10
176329.2650322435
 20
417831.1256248452
 10
176346.7328086834
 20
417850.3837863932
 42
-0.4142135624032571
  0
LWPOLYLINE
  5
15C4
330
1F
100
AcDbEntity
  8
d_line
  6
Continuous
 62
     8
100
AcDbPolyline
 90
        2
 70
     0
 43
0.0
 10
176436.9342618838
 20
417764.5179151716
 10
176424.1693483342
 20
417750.4446432741
  0
LWPOLYLINE
  5
15C5
330
1F
100
AcDbEntity
  8
d_line
  6
Continuous
 62
     8
100
AcDbPolyline
 90
        2
 70
     0
 43
0.0
 10
176402.6705465614
 20
417726.742290599
 10
176387.3801936951
 20
417709.8847308153
  0
LWPOLYLINE
  5
15C6
330
1F
100
AcDbEntity
  8
d_line
  6
Continuous
 62
     8
100
AcDbPolyline
 90
        4
 70
     0
 43
0.0
 10
176254.3237827028
 20
417567.6558749318
 10
176230.2000994626
 20
417541.0595997521
 10
176218.9854439179
 20
417524.2301166639
 10
176212.2045996079
 20
417516.754259871
  0
LWPOLYLINE
  5
15C7
330
1F
100
AcDbEntity
  8
d_line
  6
Continuous
 62
     8
100
AcDbPolyline
 90
        2
 70
   128
 43
0.0
 10
176435.4528648416
 20
417765.8615902823
 10
176422.687951292
 20
417751.7883183848
  0
LWPOLYLINE
  5
15C8
330
1F
100
AcDbEntity
  8
d_line
  6
Continuous
 62
     8
100
AcDbPolyline
 90
        2
 70
   128
 43
0.0
 10
176401.1891495192
 20
417728.0859657098
 10
176385.9990117122
 20
417711.3388926734
  0
LWPOLYLINE
  5
15C9
330
1F
100
AcDbEntity
  8
d_line
  6
Continuous
 62
     8
100
AcDbPolyline
 90
        4
 70
   128
 43
0.0
 10
176252.8423856607
 20
417568.9995500426
 10
176228.6184873611
 20
417542.2927881156
 10
176217.4038318162
 20
417525.4633050274
 10
176210.7232025657
 20
417518.097934982
  0
LWPOLYLINE
  5
15CA
330
1F
100
AcDbEntity
  8
d_line
  6
Continuous
 62
     8
100
AcDbPolyline
 90
        2
 70
     0
 43
0.0
 10
176555.7514317919
 20
419055.7641319254
 10
176556.492130313
 20
419055.0922943701
  0
LWPOLYLINE
  5
15CB
330
1F
100
AcDbEntity
  8
d_line
  6
Continuous
 62
     8
100
AcDbPolyline
 90
        2
 70
     0
 43
0.0
 10
176549.8258436227
 20
419061.1388323683
 10
176549.0851451016
 20
419061.8106699235
  0
LWPOLYLINE
  5
15CC
330
1F
100
AcDbEntity
  8
d_line
  6
Continuous
 62
     8
100
AcDbPolyline
 90
        2
 70
   128
 43
0.0
 10
176592.4420530173
 20
419029.2349345372
 10
176589.8496081933
 20
419031.5863659811
  0
LWPOLYLINE
  5
15CD
330
1F
100
AcDbEntity
  8
d_line
  6
Continuous
 62
     8
100
AcDbPolyline
 90
        2
 70
     0
 43
0.0
 10
176426.7979086883
 20
418873.3495915552
 10
176429.4852589101
 20
418876.3123856392
  0
LWPOLYLINE
  5
15CE
330
1F
100
AcDbEntity
  8
d_line
  6
Continuous
 62
     8
100
AcDbPolyline
 90
        2
 70
     0
 43
0.0
 10
176448.345607601
 20
418897.0075929391
 10
176445.6582573792
 20
418894.0447988551
  0
LWPOLYLINE
  5
15CF
330
1F
100
AcDbEntity
  8
d_line
  6
ByBlock
 62
     8
100
AcDbPolyline
 90
        2
 70
     0
 43
0.0
 10
176468.1668919574
 20
418897.431603054
 10
176470.7141422903
 20
418895.1233408207
  0
LWPOLYLINE
  5
15D0
330
1F
100
AcDbEntity
  8
d_line
  6
ByBlock
 62
     8
100
AcDbPolyline
 90
        2
 70
     0
 43
0.0
 10
176485.9512178065
 20
418881.3158380781
 10
176483.4443360586
 20
418883.5896610398
  0
LWPOLYLINE
  5
15D1
330
1F
100
AcDbEntity
  8
d_line
  6
Continuous
 62
     8
100
AcDbPolyline
 90
        2
 70
     0
 43
0.0
 10
176772.4668758451
 20
418542.2753218808
 10
176770.2433908954
 20
418544.2920947659
  0
LWPOLYLINE
  5
15D2
330
1F
100
AcDbEntity
  8
d_line
  6
Continuous
 62
     8
100
AcDbPolyline
 90
        2
 70
     0
 43
0.0
 10
176791.8365098693
 20
418599.3559877408
 10
176794.4168494818
 20
418597.015536116
  0
LWPOLYLINE
  5
15D3
330
1F
100
AcDbEntity
  8
d_line
  6
Continuous
 62
     8
100
AcDbPolyline
 90
        2
 70
     0
 43
0.0
 10
176809.4594796496
 20
418583.0623282714
 10
176806.8883606213
 20
418585.3944165275
  0
LWPOLYLINE
  5
15D4
330
1F
100
AcDbEntity
  8
d_line
  6
Continuous
 62
     8
100
AcDbPolyline
 90
        2
 70
     0
 43
0.0
 10
176449.0773395104
 20
418840.6625180836
 10
176446.9317167887
 20
418842.6086674045
  0
LWPOLYLINE
  5
15D5
330
1F
100
AcDbEntity
  8
d_line
  6
Continuous
 62
     8
100
AcDbPolyline
 90
        2
 70
     0
 43
0.0
 10
176431.3005750023
 20
418856.7866194111
 10
176433.4461977244
 20
418854.8404700894
  0
LWPOLYLINE
  5
15D6
330
1F
100
AcDbEntity
  8
d_line
  6
ByBlock
 62
     8
100
AcDbPolyline
 90
        3
 70
     0
 43
0.0
 10
175732.1104859585
 20
418934.9233410965
 42
0.256286948353147
 10
175731.8483494317
 20
418946.463922355
 42
-0.5183882102577507
 10
175746.5609762314
 20
418978.3742091764
 42
-0.5183882102577507
  0
LWPOLYLINE
  5
15D7
330
1F
100
AcDbEntity
  8
d_line
  6
Continuous
 62
     8
100
AcDbPolyline
 90
        3
 70
   128
 43
0.0
 10
175731.9822493306
 20
418937.2436564918
 42
0.2081067255046251
 10
175730.9827671722
 20
418945.9631555909
 42
-0.518388210259233
 10
175746.3797021951
 20
418979.3576417994
 42
-0.518388210259233
  0
LWPOLYLINE
  5
15D8
330
1F
100
AcDbEntity
  8
d_line
  6
Continuous
 62
     8
100
AcDbPolyline
 90
        3
 70
   128
 43
0.0
 10
175730.1703990579
 20
418938.1847698509
 42
0.197368202150691
 10
175729.2516026532
 20
418944.9616220626
 42
-0.5183882102582123
 10
175746.0171541227
 20
418981.3245070451
 42
-0.5183882102582123
  0
LWPOLYLINE
  5
15D9
330
1F
100
AcDbEntity
  8
d_line
  6
ByBlock
 62
     8
100
AcDbPolyline
 90
        4
 70
     0
 43
0.0
 10
175560.7873308482
 20
418737.5211527188
 42
0.3135750876979451
 10
175555.936502516
 20
418750.3379990869
 42
-0.1450254781093265
 10
175548.2414113638
 20
418759.8247534455
 42
0.2292045837451786
 10
175540.4294868011
 20
418766.7697211119
  0
LWPOLYLINE
  5
15DA
330
1F
100
AcDbEntity
  8
d_line
  6
Continuous
 62
     8
100
AcDbPolyline
 90
        4
 70
   128
 43
0.0
 10
175560.113829859
 20
418739.5716607741
 42
0.2683757629278201
 10
175555.3708235078
 20
418749.5133735599
 42
-0.1450254781096817
 10
175547.3178211392
 20
418759.4413723075
 42
0.2292045837457234
 10
175540.1568902901
 20
418765.8075926681
  0
LWPOLYLINE
  5
15DB
330
1F
100
AcDbEntity
  8
d_line
  6
ByBlock
 62
     8
100
AcDbPolyline
 90
        4
 70
     0
 43
0.0
 10
175539.9188263935
 20
418779.4548820795
 42
0.2904709244694538
 10
175552.3572274157
 20
418782.7118718264
 42
-0.4743623669349926
 10
175585.589892884
 20
418780.5696363223
 42
0.290470924470025
 10
175597.5071858324
 20
418775.7426361165
  0
LWPOLYLINE
  5
15DC
330
1F
100
AcDbEntity
  8
d_line
  6
Continuous
 62
     8
100
AcDbPolyline
 90
        4
 70
   128
 43
0.0
 10
175542.007868586
 20
418779.9971823515
 42
0.245803457353022
 10
175551.6250704959
 20
418783.3930078221
 42
-0.47436236693529
 10
175586.4034413348
 20
418781.1511334574
 42
0.2178289264251779
 10
175594.3384563212
 20
418776.5944394986
  0
LWPOLYLINE
  5
15DD
330
1F
100
AcDbEntity
  8
d_line
  6
Continuous
 62
     8
100
AcDbPolyline
 90
        4
 70
   128
 43
0.0
 10
175542.2921369119
 20
418781.976877156
 42
0.2458034573527674
 10
175550.1607566563
 20
418784.7552798138
 42
-0.4743623669353862
 10
175588.0305382365
 20
418782.3141277276
 42
0.2178289264241053
 10
175594.5228232253
 20
418778.5859235797
  0
LWPOLYLINE
  5
15DE
330
1F
100
AcDbEntity
  8
d_line
  6
ByBlock
 62
     8
100
AcDbPolyline
 90
        4
 70
     0
 43
0.0
 10
175595.372104175
 20
418763.2280242911
 42
0.2292045837441541
 10
175586.7331687105
 20
418757.3435077179
 42
-0.1629079890053153
 10
175576.523327819
 20
418748.2868012827
 42
0.2470717238864102
 10
175569.4629747756
 20
418739.6219363288
  0
LWPOLYLINE
  5
15DF
330
1F
100
AcDbEntity
  8
d_line
  6
Continuous
 62
     8
100
AcDbPolyline
 90
        4
 70
   128
 43
0.0
 10
175595.5189169569
 20
418762.2388599939
 42
0.229204583744264
 10
175587.5998927812
 20
418756.8447198017
 42
-0.1629079890054345
 10
175576.915175569
 20
418747.3667712067
 42
0.2470717238865424
 10
175570.4431852793
 20
418739.4239783325
 42
0.2470717238865424
  0
LWPOLYLINE
  5
15E0
330
1F
100
AcDbEntity
  8
d_line
  6
Continuous
 62
     8
100
AcDbPolyline
 90
        2
 70
   128
 43
0.0
 10
175746.5434898626
 20
418929.6802401334
 10
175743.8304524082
 20
418931.0894491781
  0
LWPOLYLINE
  5
15E1
330
1F
100
AcDbEntity
  8
d_line
  6
Continuous
 62
     8
100
AcDbPolyline
 90
        2
 70
   128
 43
0.0
 10
175732.8834365123
 20
418936.7755608059
 10
175730.1703990579
 20
418938.1847698509
  0
LWPOLYLINE
  5
15E2
330
1F
100
AcDbEntity
  8
d_line
  6
Continuous
 62
     8
100
AcDbPolyline
 90
        2
 70
   128
 43
0.0
 10
175596.139350878
 20
418763.3442233702
 10
175596.292020505
 20
418762.3559460891
  0
LWPOLYLINE
  5
15E3
330
1F
100
AcDbEntity
  8
d_line
  6
Continuous
 62
     8
100
AcDbPolyline
 90
        2
 70
   128
 43
0.0
 10
175560.113829859
 20
418739.5716607741
 10
175561.1106912627
 20
418739.4924942295
  0
LWPOLYLINE
  5
15E4
330
1F
100
AcDbEntity
  8
d_line
  6
Continuous
 62
     8
100
AcDbPolyline
 90
        2
 70
     0
 43
0.0
 10
175558.1388754949
 20
418728.9918687027
 10
175557.201657772
 20
418729.3406135091
  0
LWPOLYLINE
  5
15E5
330
1F
100
AcDbEntity
  8
d_line
  6
Continuous
 62
     8
100
AcDbPolyline
 90
        2
 70
     0
 43
0.0
 10
175565.8869501642
 20
418726.8831408725
 10
175566.8269806161
 20
418726.5420503428
  0
LWPOLYLINE
  5
15E6
330
1F
100
AcDbEntity
  8
d_line
  6
ByBlock
 62
     8
100
AcDbPolyline
 90
        2
 70
     0
 43
0.0
 10
175739.8905104204
 20
418917.3599923448
 10
175737.2282295102
 20
418918.742837367
  0
LWPOLYLINE
  5
15E7
330
1F
100
AcDbEntity
  8
d_line
  6
ByBlock
 62
     8
100
AcDbPolyline
 90
        2
 70
     0
 43
0.0
 10
175726.5791058696
 20
418924.2742174559
 10
175723.9168249594
 20
418925.657062478
  0
LWPOLYLINE
  5
15E8
330
1F
100
AcDbEntity
  8
d_line
  6
ByBlock
 62
     8
100
AcDbPolyline
 90
        2
 70
     0
 43
0.0
 10
175755.5545900526
 20
418997.5692250079
 10
175758.4270422807
 20
418996.653944627
  0
LWPOLYLINE
  5
15E9
330
1F
100
AcDbEntity
  8
d_line
  6
ByBlock
 62
     8
100
AcDbPolyline
 90
        2
 70
     0
 43
0.0
 10
175769.9023169294
 20
418992.9974543121
 10
175772.7722790794
 20
418992.0829673718
  0
LWPOLYLINE
  5
15EA
330
1F
100
AcDbEntity
  8
d_line
  6
ByBlock
 62
     8
100
AcDbPolyline
 90
        2
 70
     0
 43
0.0
 10
176533.1676402443
 20
418314.1744768831
 10
176535.3897358072
 20
418312.1589642168
  0
LWPOLYLINE
  5
15EB
330
1F
100
AcDbEntity
  8
d_line
  6
ByBlock
 62
     8
100
AcDbPolyline
 90
        2
 70
     0
 43
0.0
 10
176548.7223091862
 20
418300.0658882177
 10
176550.9444047488
 20
418298.0503755518
  0
LWPOLYLINE
  5
15EC
330
1F
100
AcDbEntity
  8
d_line
  6
Continuous
 62
     8
100
AcDbPolyline
 90
        2
 70
     0
 43
0.0
 10
176492.1855493563
 20
418268.9918670957
 10
176494.4076449197
 20
418266.9763544292
  0
LWPOLYLINE
  5
15ED
330
1F
100
AcDbEntity
  8
d_line
  6
Continuous
 62
     8
100
AcDbPolyline
 90
        2
 70
     0
 43
0.0
 10
176507.7402182974
 20
418254.8832784314
 10
176509.9623138607
 20
418252.8677657646
  0
LWPOLYLINE
  5
15EE
330
1F
100
AcDbEntity
  8
d_line
  6
ByBlock
 62
     8
100
AcDbPolyline
 90
        2
 70
     0
 43
0.0
 10
176723.5942483264
 20
418082.0479881812
 10
176726.2815985474
 20
418085.0107822642
  0
LWPOLYLINE
  5
15EF
330
1F
100
AcDbEntity
  8
d_line
  6
ByBlock
 62
     8
100
AcDbPolyline
 90
        2
 70
     0
 43
0.0
 10
175882.1607286586
 20
418845.2554509987
 10
175884.8480788805
 20
418848.2182450829
  0
LWPOLYLINE
  5
15F0
330
1F
100
AcDbEntity
  8
d_line
  6
ByBlock
 62
     8
100
AcDbPolyline
 90
        2
 70
     0
 43
0.0
 10
175901.6440177675
 20
418866.7357081086
 10
175898.9566675465
 20
418863.7729140254
  0
LWPOLYLINE
  5
15F1
330
1F
100
AcDbEntity
  8
d_line
  6
Continuous
 62
     8
100
AcDbPolyline
 90
        2
 70
     0
 43
0.0
 10
176224.0292992329
 20
418592.547852134
 10
176221.8072036695
 20
418594.5633647999
  0
LWPOLYLINE
  5
15F2
330
1F
100
AcDbEntity
  8
d_line
  6
Continuous
 62
     8
100
AcDbPolyline
 90
        2
 70
     0
 43
0.0
 10
175684.8961139202
 20
417993.6900630025
 10
175687.0934920382
 20
417991.69696986
  0
LWPOLYLINE
  5
15F3
330
1F
100
AcDbEntity
  8
d_line
  6
Continuous
 62
     8
100
AcDbPolyline
 90
        2
 70
     0
 43
0.0
 10
175704.8949739909
 20
417975.550449008
 10
175707.1170695543
 20
417973.5349363418
  0
LWPOLYLINE
  5
15F4
330
1F
100
AcDbEntity
  8
d_line
  6
ByBlock
 62
     8
100
AcDbPolyline
 90
        2
 70
     0
 43
0.0
 10
175472.1579785436
 20
417723.4241024069
 10
175469.9358829802
 20
417725.439615073
  0
LWPOLYLINE
  5
15F5
330
1F
100
AcDbEntity
  8
d_line
  6
ByBlock
 62
     8
100
AcDbPolyline
 90
        2
 70
     0
 43
0.0
 10
175461.0475007273
 20
417733.5016657365
 10
175458.8254051637
 20
417735.5171784028
  0
LWPOLYLINE
  5
15F6
330
1F
100
AcDbEntity
  8
d_line
  6
ByBlock
 62
     8
100
AcDbPolyline
 90
        2
 70
     0
 43
0.0
 10
175506.6282767641
 20
417756.9621187553
 10
175504.4061812007
 20
417758.9776314214
  0
LWPOLYLINE
  5
15F7
330
1F
100
AcDbEntity
  8
d_line
  6
ByBlock
 62
     8
100
AcDbPolyline
 90
        2
 70
     0
 43
0.0
 10
175491.0736078207
 20
417771.0707074175
 10
175488.8515122573
 20
417773.0862200834
  0
LWPOLYLINE
  5
15F8
330
1F
100
AcDbEntity
  8
d_line
  6
ByBlock
 62
     8
100
AcDbPolyline
 90
        2
 70
     0
 43
0.0
 10
175455.3033373087
 20
417756.937846884
 10
175457.1508905863
 20
417758.9747678168
  0
LWPOLYLINE
  5
15F9
330
1F
100
AcDbEntity
  8
d_line
  6
ByBlock
 62
     8
100
AcDbPolyline
 90
        2
 70
     0
 43
0.0
 10
175467.3964133072
 20
417770.2704202625
 10
175469.4119259737
 20
417772.4925158256
  0
LWPOLYLINE
  5
15FA
330
1F
100
AcDbEntity
  8
d_line
  6
Continuous
 62
     8
100
AcDbPolyline
 90
        2
 70
     0
 43
0.0
 10
176535.2615908657
 20
418258.272117835
 10
176532.5742406438
 20
418255.3093237509
  0
LWPOLYLINE
  5
15FB
330
1F
100
AcDbEntity
  8
d_line
  6
Continuous
 62
     8
100
AcDbPolyline
 90
        2
 70
   128
 43
0.0
 10
176045.950616742
 20
417286.1013970025
 10
176043.5080809484
 20
417284.3595534684
  0
LWPOLYLINE
  5
15FC
330
1F
100
AcDbEntity
  8
d_line
  6
Continuous
 62
     8
100
AcDbPolyline
 90
        2
 70
   128
 43
0.0
 10
175702.8395578745
 20
417363.0177912085
 10
175723.9835443128
 20
417386.3289612312
  0
LWPOLYLINE
  5
15FD
330
1F
100
AcDbEntity
  8
d_line
  6
Continuous
 62
     8
100
AcDbPolyline
 90
        2
 70
   128
 43
0.0
 10
175845.1489351176
 20
417519.9133746612
 10
175891.6070144043
 20
417571.1332422268
  0
LWPOLYLINE
  5
15FE
330
1F
100
AcDbEntity
  8
d_line
  6
Continuous
 62
     8
100
AcDbPolyline
 90
        2
 70
   128
 43
0.0
 10
175891.6070144043
 20
417571.1332422268
 10
175922.250241573
 20
417604.9172914487
  0
LWPOLYLINE
  5
15FF
330
1F
100
AcDbEntity
  8
d_line
  6
Continuous
 62
     8
100
AcDbPolyline
 90
        2
 70
   128
 43
0.0
 10
175946.4363935701
 20
417631.5824382057
 10
175962.2245761243
 20
417648.9888534503
  0
LWPOLYLINE
  5
1600
330
1F
100
AcDbEntity
  8
d_line
  6
Continuous
 62
     8
100
AcDbPolyline
 90
        2
 70
     0
 43
0.0
 10
175701.3581608325
 20
417364.3614663195
 10
175722.5021472707
 20
417387.6726363421
  0
LWPOLYLINE
  5
1601
330
1F
100
AcDbEntity
  8
d_line
  6
Continuous
 62
     8
100
AcDbPolyline
 90
        2
 70
     0
 43
0.0
 10
175843.6675380755
 20
417521.2570497722
 10
175890.1256173623
 20
417572.476917338
  0
LWPOLYLINE
  5
1602
330
1F
100
AcDbEntity
  8
d_line
  6
Continuous
 62
     8
100
AcDbPolyline
 90
        2
 70
     0
 43
0.0
 10
175890.1256173623
 20
417572.476917338
 10
175920.7688445309
 20
417606.2609665597
  0
LWPOLYLINE
  5
1603
330
1F
100
AcDbEntity
  8
d_line
  6
Continuous
 62
     8
100
AcDbPolyline
 90
        2
 70
     0
 43
0.0
 10
175944.954996528
 20
417632.9261133168
 10
175960.7431790822
 20
417650.3325285612
  0
LWPOLYLINE
  5
1604
330
1F
100
AcDbEntity
  8
d_line
  6
Continuous
 62
     8
100
AcDbPolyline
 90
        2
 70
     0
 43
0.0
 10
175686.544190412
 20
417377.7982174288
 10
175795.0270590623
 20
417497.4001951849
  0
LWPOLYLINE
  5
1605
330
1F
100
AcDbEntity
  8
d_line
  6
Continuous
 62
     8
100
AcDbPolyline
 90
        2
 70
     0
 43
0.0
 10
175828.853567655
 20
417534.6938008815
 10
175875.3116469418
 20
417585.9136684476
  0
LWPOLYLINE
  5
1606
330
1F
100
AcDbEntity
  8
d_line
  6
Continuous
 62
     8
100
AcDbPolyline
 90
        2
 70
     0
 43
0.0
 10
175875.3116469418
 20
417585.9136684476
 10
175945.9292086612
 20
417663.7692796703
  0
LWPOLYLINE
  5
1607
330
1F
100
AcDbEntity
  8
d_line
  6
Continuous
 62
     8
100
AcDbPolyline
 90
        2
 70
   128
 43
0.0
 10
175685.06279337
 20
417379.1418925399
 10
175793.5456620203
 20
417498.7438702959
  0
LWPOLYLINE
  5
1608
330
1F
100
AcDbEntity
  8
d_line
  6
Continuous
 62
     8
100
AcDbPolyline
 90
        2
 70
   128
 43
0.0
 10
175827.3721706129
 20
417536.0374759925
 10
175873.8302498997
 20
417587.2573435586
  0
LWPOLYLINE
  5
1609
330
1F
100
AcDbEntity
  8
d_line
  6
Continuous
 62
     8
100
AcDbPolyline
 90
        2
 70
   128
 43
0.0
 10
175873.8302498997
 20
417587.2573435586
 10
175944.4478116191
 20
417665.112954781
  0
LWPOLYLINE
  5
160A
330
1F
100
AcDbEntity
  8
d_line
  6
Continuous
 62
     8
100
AcDbPolyline
 90
        2
 70
   128
 43
0.0
 10
175811.3224265249
 20
417482.6197689646
 10
175809.1003309619
 20
417484.635281631
  0
LWPOLYLINE
  5
160B
330
1F
100
AcDbEntity
  8
d_line
  6
Continuous
 62
     8
100
AcDbPolyline
 90
        2
 70
   128
 43
0.0
 10
175795.7677575834
 20
417496.7283576296
 10
175793.5456620204
 20
417498.7438702959
  0
LWPOLYLINE
  5
160C
330
1F
100
AcDbEntity
  8
d_line
  6
Continuous
 62
     8
100
AcDbPolyline
 90
        2
 70
   128
 43
0.0
 10
175845.1489351176
 20
417519.9133746612
 10
175842.9268395545
 20
417521.9288873274
  0
LWPOLYLINE
  5
160D
330
1F
100
AcDbEntity
  8
d_line
  6
Continuous
 62
     8
100
AcDbPolyline
 90
        2
 70
   128
 43
0.0
 10
175829.594266176
 20
417534.0219633262
 10
175827.3721706129
 20
417536.0374759925
  0
LWPOLYLINE
  5
160E
330
1F
100
AcDbEntity
  8
d_line
  6
Continuous
 62
     8
100
AcDbPolyline
 90
        2
 70
     0
 43
0.0
 10
175807.7619127311
 20
417533.1019635716
 10
175805.7464000647
 20
417530.8798680084
  0
LWPOLYLINE
  5
160F
330
1F
100
AcDbEntity
  8
d_line
  6
Continuous
 62
     8
100
AcDbPolyline
 90
        2
 70
     0
 43
0.0
 10
175795.6688367326
 20
417519.7693901931
 10
175793.6533240661
 20
417517.5472946299
  0
LWPOLYLINE
  5
1610
330
1F
100
AcDbEntity
  8
d_line
  6
Continuous
 62
     8
100
AcDbPolyline
 90
        2
 70
   128
 43
0.0
 10
175844.1348046975
 20
417500.1105721607
 10
175842.119292031
 20
417497.8884765976
  0
LWPOLYLINE
  5
1611
330
1F
100
AcDbEntity
  8
d_line
  6
Continuous
 62
     8
100
AcDbPolyline
 90
        2
 70
   128
 43
0.0
 10
175832.041728699
 20
417486.7779987821
 10
175830.0262160325
 20
417484.555903219
  0
LWPOLYLINE
  5
1612
330
1F
100
AcDbEntity
  8
d_line
  6
Continuous
 62
     8
100
AcDbPolyline
 90
        2
 70
   128
 43
0.0
 10
175944.214298007
 20
417633.5979508722
 10
175946.4363935701
 20
417631.5824382057
  0
LWPOLYLINE
  5
1613
330
1F
100
AcDbEntity
  8
d_line
  6
Continuous
 62
     8
100
AcDbPolyline
 90
        2
 70
   128
 43
0.0
 10
175920.0281460099
 20
417606.9328041152
 10
175922.250241573
 20
417604.9172914487
  0
LWPOLYLINE
  5
1614
330
1F
100
AcDbEntity
  8
d_line
  6
Continuous
 62
     8
100
AcDbPolyline
 90
        2
 70
   128
 43
0.0
 10
176151.2655789119
 20
417452.5461158641
 10
176153.4876744751
 20
417450.5306031979
  0
LWPOLYLINE
  5
1615
330
1F
100
AcDbEntity
  8
d_line
  6
Continuous
 62
     8
100
AcDbPolyline
 90
        2
 70
   128
 43
0.0
 10
176162.3760567283
 20
417442.4685525329
 10
176164.5981522915
 20
417440.4530398668
  0
LWPOLYLINE
  5
1616
330
1F
100
AcDbEntity
  8
d_line
  6
Continuous
 62
     8
100
AcDbPolyline
 90
        2
 70
     0
 43
0.0
 10
175232.3536290269
 20
417959.1604553468
 10
175230.3381163605
 20
417956.9383597838
  0
LWPOLYLINE
  5
1617
330
1F
100
AcDbEntity
  8
d_line
  6
Continuous
 62
     8
100
AcDbPolyline
 90
        2
 70
     0
 43
0.0
 10
175400.3350006762
 20
418130.9643248233
 10
175415.1154268995
 20
418147.259692289
  0
LWPOLYLINE
  5
1618
330
1F
100
AcDbEntity
  8
d_line
  6
Continuous
 62
     8
100
AcDbPolyline
 90
        4
 70
     0
 43
0.0
 10
175460.1285431167
 20
418196.8864931978
 10
175483.6820678591
 20
418222.8541706511
 10
175494.9061563202
 20
418239.6940534931
 10
175520.0801931506
 20
418267.4483397735
  0
LWPOLYLINE
  5
1619
330
1F
100
AcDbEntity
  8
d_line
  6
Continuous
 62
     8
100
AcDbPolyline
 90
        2
 70
     0
 43
0.0
 10
175538.891644704
 20
418288.1878983621
 10
175549.3052145251
 20
418299.6688221392
  0
LWPOLYLINE
  5
161A
330
1F
100
AcDbEntity
  8
d_line
  6
Continuous
 62
     8
100
AcDbPolyline
 90
        2
 70
     0
 43
0.0
 10
175558.7109403075
 20
418310.03860144
 10
175587.2639487019
 20
418341.5181918799
  0
LWPOLYLINE
  5
161B
330
1F
100
AcDbEntity
  8
d_line
  6
Continuous
 62
     8
100
AcDbPolyline
 90
        2
 70
     0
 43
0.0
 10
175606.0754002553
 20
418362.2577504685
 10
175682.9720286361
 20
418447.0360104049
  0
LWPOLYLINE
  5
161C
330
1F
100
AcDbEntity
  8
d_line
  6
Continuous
 62
     8
100
AcDbPolyline
 90
        2
 70
     0
 43
0.0
 10
175401.8163977182
 20
418129.6206497123
 10
175416.5968239416
 20
418145.916017178
  0
LWPOLYLINE
  5
161D
330
1F
100
AcDbEntity
  8
d_line
  6
Continuous
 62
     8
100
AcDbPolyline
 90
        4
 70
     0
 43
0.0
 10
175461.6099401587
 20
418195.5428180868
 10
175485.2636104335
 20
418221.6209056342
 10
175496.4876988946
 20
418238.4607884761
 10
175521.5615901927
 20
418266.1046646624
  0
LWPOLYLINE
  5
161E
330
1F
100
AcDbEntity
  8
d_line
  6
Continuous
 62
     8
100
AcDbPolyline
 90
        2
 70
     0
 43
0.0
 10
175540.3730417461
 20
418286.8442232511
 10
175550.7865647861
 20
418298.3250954523
  0
LWPOLYLINE
  5
161F
330
1F
100
AcDbEntity
  8
d_line
  6
Continuous
 62
     8
100
AcDbPolyline
 90
        2
 70
     0
 43
0.0
 10
175560.1922905685
 20
418308.6948747531
 10
175588.745345744
 20
418340.1745167689
  0
LWPOLYLINE
  5
1620
330
1F
100
AcDbEntity
  8
d_line
  6
Continuous
 62
     8
100
AcDbPolyline
 90
        2
 70
     0
 43
0.0
 10
175607.5567972974
 20
418360.9140753575
 10
175684.4534256781
 20
418445.6923352938
  0
LWPOLYLINE
  5
1621
330
1F
100
AcDbEntity
  8
d_line
  6
Continuous
 62
     8
100
AcDbPolyline
 90
        2
 70
     0
 43
0.0
 10
175412.1861770125
 20
418120.2149239356
 10
175426.9666032359
 20
418136.5102914013
  0
LWPOLYLINE
  5
1622
330
1F
100
AcDbEntity
  8
d_line
  6
Continuous
 62
     8
100
AcDbPolyline
 90
        2
 70
     0
 43
0.0
 10
175471.979719453
 20
418186.1370923102
 10
175563.3781121763
 20
418286.9034959778
  0
LWPOLYLINE
  5
1623
330
1F
100
AcDbEntity
  8
d_line
  6
Continuous
 62
     8
100
AcDbPolyline
 90
        2
 70
     0
 43
0.0
 10
175572.7838379586
 20
418297.2732752783
 10
175697.0453005355
 20
418434.271096851
  0
LWPOLYLINE
  5
1624
330
1F
100
AcDbEntity
  8
d_line
  6
Continuous
 62
     8
100
AcDbPolyline
 90
        2
 70
     0
 43
0.0
 10
175413.6675740546
 20
418118.8712488247
 10
175428.4480002779
 20
418135.1666162904
  0
LWPOLYLINE
  5
1625
330
1F
100
AcDbEntity
  8
d_line
  6
Continuous
 62
     8
100
AcDbPolyline
 90
        2
 70
     0
 43
0.0
 10
175473.4611164951
 20
418184.7934171992
 10
175564.8594624373
 20
418285.5597692908
  0
LWPOLYLINE
  5
1626
330
1F
100
AcDbEntity
  8
d_line
  6
Continuous
 62
     8
100
AcDbPolyline
 90
        2
 70
     0
 43
0.0
 10
175574.2651882196
 20
418295.9295485913
 10
175698.5266975775
 20
418432.92742174
  0
LWPOLYLINE
  5
1627
330
1F
100
AcDbEntity
  8
d_line
  6
Continuous
 62
     8
100
AcDbPolyline
 90
        2
 70
     0
 43
0.0
 10
175199.3918515959
 20
417989.0578553616
 10
175197.3763389295
 20
417986.8357597984
  0
LWPOLYLINE
  5
1628
330
1F
100
AcDbEntity
  8
d_line
  6
Continuous
 62
     8
100
AcDbPolyline
 90
        2
 70
     0
 43
0.0
 10
175400.3350006762
 20
418130.9643248233
 10
175402.5570962392
 20
418128.9488121569
  0
LWPOLYLINE
  5
1629
330
1F
100
AcDbEntity
  8
d_line
  6
Continuous
 62
     8
100
AcDbPolyline
 90
        2
 70
     0
 43
0.0
 10
175411.4454784915
 20
418120.8867614912
 10
175413.6675740546
 20
418118.8712488247
  0
LWPOLYLINE
  5
162A
330
1F
100
AcDbEntity
  8
d_line
  6
Continuous
 62
     8
100
AcDbPolyline
 90
        2
 70
     0
 43
0.0
 10
175603.4956802429
 20
417895.0505631955
 10
175601.2909617874
 20
417897.0503142614
  0
LWPOLYLINE
  5
162B
330
1F
100
AcDbEntity
  8
d_line
  6
Continuous
 62
     8
100
AcDbPolyline
 90
        2
 70
     0
 43
0.0
 10
175627.1953311773
 20
417921.1444244655
 10
175624.9732356138
 20
417923.1599371315
  0
LWPOLYLINE
  5
162C
330
1F
100
AcDbEntity
  8
d_line
  6
ByBlock
 62
     8
100
AcDbPolyline
 90
        2
 70
     0
 43
0.0
 10
175300.4280774893
 20
418635.5373131338
 10
175297.4280774893
 20
418635.5373131338
  0
LWPOLYLINE
  5
162D
330
1F
100
AcDbEntity
  8
d_line
  6
ByBlock
 62
     8
100
AcDbPolyline
 90
        2
 70
     0
 43
0.0
 10
175285.4280774893
 20
418635.5373131338
 10
175282.4280774893
 20
418635.5373131338
  0
LWPOLYLINE
  5
162E
330
1F
100
AcDbEntity
  8
d_line
  6
ByBlock
 62
     8
100
AcDbPolyline
 90
        2
 70
     0
 43
0.0
 10
175282.1562899739
 20
418525.3558745311
 10
175285.130103224
 20
418525.3608635664
  0
LWPOLYLINE
  5
162F
330
1F
100
AcDbEntity
  8
d_line
  6
ByBlock
 62
     8
100
AcDbPolyline
 90
        2
 70
     0
 43
0.0
 10
175300.1597330755
 20
418525.3860781148
 10
175303.1649983445
 20
418525.391119916
  0
LWPOLYLINE
  5
1630
330
1F
100
AcDbEntity
  8
d_line
  6
ByBlock
 62
     8
100
AcDbPolyline
 90
        2
 70
     0
 43
0.0
 10
175282.4280774893
 20
418564.1830678785
 10
175285.4280774893
 20
418564.1830678785
  0
LWPOLYLINE
  5
1631
330
1F
100
AcDbEntity
  8
d_line
  6
ByBlock
 62
     8
100
AcDbPolyline
 90
        2
 70
     0
 43
0.0
 10
175297.4280774893
 20
418564.1830678785
 10
175300.4280774893
 20
418564.1830678785
  0
LWPOLYLINE
  5
1632
330
1F
100
AcDbEntity
  8
d_line
 62
     8
100
AcDbPolyline
 90
        3
 70
     0
 43
0.0
 10
175081.3382444224
 20
418130.812766304
 10
175102.9544793099
 20
418146.2114865606
 42
0.0423755663020313
 10
175120.241577958
 20
418160.8812713572
 42
0.0423755663020313
  0
LWPOLYLINE
  5
1633
330
1F
100
AcDbEntity
  8
d_line
 62
     8
100
AcDbPolyline
 90
        2
 70
     0
 43
0.0
 10
174951.0803645804
 20
417999.6382682484
 10
174974.3340720761
 20
418029.3690709365
  0
LWPOLYLINE
  5
1634
330
1F
100
AcDbEntity
  8
d_line
 62
     8
100
AcDbPolyline
 90
        2
 70
     0
 43
0.0
 10
175175.4661053516
 20
418349.2724883747
 10
175181.4527644406
 20
418356.9266734187
  0
LWPOLYLINE
  5
1635
330
1F
100
AcDbEntity
  8
d_line
 62
     8
100
AcDbPolyline
 90
        3
 70
     0
 43
0.0
 10
175070.0772584778
 20
418144.8910191773
 10
175092.5108139075
 20
418160.8719726699
 42
0.1757663454721243
 10
175137.4308978971
 20
418225.9935505499
 42
0.1757663454721243
  0
LWPOLYLINE
  5
1636
330
1F
100
AcDbEntity
  8
d_line
 62
     8
100
AcDbPolyline
 90
        2
 70
     0
 43
0.0
 10
175142.641457623
 20
418273.8038243265
 42
-0.0902029044344726
 10
175155.9536241338
 20
418319.8777615489
  0
LWPOLYLINE
  5
1637
330
1F
100
AcDbEntity
  8
d_line
 62
     8
100
AcDbPolyline
 90
        4
 70
     0
 43
0.0
 10
174980.0043233753
 20
418070.7051856486
 10
174985.730103571
 20
418078.0258265083
 42
-0.0721400066790266
 10
175013.5323937138
 20
418104.6102506261
 10
175034.1371535379
 20
418119.2884281228
  0
LWPOLYLINE
  5
1638
330
1F
100
AcDbEntity
  8
d_line
 62
     8
100
AcDbPolyline
 90
        2
 70
     0
 43
0.0
 10
174933.5716484097
 20
418011.3391384092
 10
174955.6364396618
 20
418039.5498637394
  0
LWPOLYLINE
  5
1639
330
1F
100
AcDbEntity
  8
d_line
 62
     8
100
AcDbPolyline
 90
        2
 70
     0
 43
0.0
 10
175108.5299569504
 20
418070.7754761647
 10
175066.770058091
 20
418103.4376441968
  0
LWPOLYLINE
  5
163A
330
1F
100
AcDbEntity
  8
d_line
 62
     8
100
AcDbPolyline
 90
        2
 70
     0
 43
0.0
 10
175119.6194010136
 20
418084.9537775567
 10
175081.2147033848
 20
418114.9917020117
  0
LWPOLYLINE
  5
163B
330
1F
100
AcDbEntity
  8
d_line
 62
     8
100
AcDbPolyline
 90
        2
 70
     0
 43
0.0
 10
175177.041472173
 20
418348.0403279232
 10
175183.0281312619
 20
418355.6945129672
  0
LWPOLYLINE
  5
163C
330
1F
100
AcDbEntity
  8
d_line
 62
     8
100
AcDbPolyline
 90
        3
 70
     0
 43
0.0
 10
175080.0870237618
 20
418132.3770166232
 10
175101.794072043
 20
418147.8404294617
 42
0.0426532802025876
 10
175118.9262857615
 20
418162.3951256235
 42
0.0426532802025876
  0
LWPOLYLINE
  5
163D
330
1F
100
AcDbEntity
  8
d_line
 62
     8
100
AcDbPolyline
 90
        3
 70
     0
 43
0.0
 10
175071.3284791383
 20
418143.3267688579
 10
175093.6712211744
 20
418159.243029769
 42
0.176390038806761
 10
175139.4377168027
 20
418225.7637161719
 42
0.176390038806761
  0
LWPOLYLINE
  5
163E
330
1F
100
AcDbEntity
  8
d_line
 62
     8
100
AcDbPolyline
 90
        2
 70
     0
 43
0.0
 10
175144.6322922934
 20
418273.6122602817
 42
-0.0901821913099066
 10
175157.7446716975
 20
418318.9877342322
  0
LWPOLYLINE
  5
163F
330
1F
100
AcDbEntity
  8
d_line
 62
     8
100
AcDbPolyline
 90
        2
 70
     0
 43
0.0
 10
175118.3872405622
 20
418083.3784107354
 10
175079.6097427965
 20
418113.7079178099
  0
LWPOLYLINE
  5
1640
330
1F
100
AcDbEntity
  8
d_line
 62
     8
100
AcDbPolyline
 90
        2
 70
     0
 43
0.0
 10
175109.7621174018
 20
418072.3508429861
 10
175068.3750186792
 20
418104.7214283985
  0
LWPOLYLINE
  5
1641
330
1F
100
AcDbEntity
  8
d_line
 62
     8
100
AcDbPolyline
 90
        4
 70
     0
 43
0.0
 10
174981.5796901966
 20
418069.473025197
 10
174987.3054703924
 20
418076.7936660569
 42
-0.0721400066790566
 10
175014.6928009807
 20
418102.9813077251
 10
175035.2975608049
 20
418117.6594852217
  0
LWPOLYLINE
  5
1642
330
1F
100
AcDbEntity
  8
d_line
 62
     8
100
AcDbPolyline
 90
        2
 70
     0
 43
0.0
 10
174935.2545001807
 20
418010.2444018001
 10
174957.211806483
 20
418038.3177032878
  0
LWPOLYLINE
  5
1643
330
1F
100
AcDbEntity
  8
d_line
 62
     8
100
AcDbPolyline
 90
        3
 70
     0
 43
0.0
 10
175064.7915009317
 20
418137.442242759
 10
175094.2514248079
 20
418158.4285583184
 42
0.1837394085365386
 10
175141.2085626403
 20
418228.8048117645
  0
LWPOLYLINE
  5
1644
330
1F
100
AcDbEntity
  8
d_line
 62
     8
100
AcDbPolyline
 90
        4
 70
     0
 43
0.0
 10
175145.3569676412
 20
418270.5155238057
 42
-0.0959718241658959
 10
175158.6401954794
 20
418318.542720574
 42
0.3574792170224433
 10
175155.2389534215
 20
418333.3723701585
 10
175117.883914089
 20
418362.2858846947
  0
LWPOLYLINE
  5
1645
330
1F
100
AcDbEntity
  8
d_line
 62
     8
100
AcDbPolyline
 90
        2
 70
     0
 43
0.0
 10
175081.3382444224
 20
418130.812766304
 10
175079.4614134317
 20
418133.1591417829
  0
LWPOLYLINE
  5
1646
330
1F
100
AcDbEntity
  8
d_line
 62
     8
100
AcDbPolyline
 90
        2
 70
     0
 43
0.0
 10
175071.9540894685
 20
418142.5446436985
 10
175070.0772584778
 20
418144.8910191773
  0
LWPOLYLINE
  5
1647
330
1F
100
AcDbEntity
  8
d_line
 62
     8
100
AcDbPolyline
 90
        2
 70
     0
 43
0.0
 10
175066.770058091
 20
418103.4376441968
 10
175069.1774989733
 20
418105.3633204994
  0
LWPOLYLINE
  5
1648
330
1F
100
AcDbEntity
  8
d_line
 62
     8
100
AcDbPolyline
 90
        2
 70
     0
 43
0.0
 10
175078.8072625025
 20
418113.0660257092
 10
175081.2147033848
 20
418114.9917020117
  0
LWPOLYLINE
  5
1649
330
1F
100
AcDbEntity
  8
d_line
 62
     8
100
AcDbPolyline
 90
        2
 70
     0
 43
0.0
 10
175034.1371535379
 20
418119.2884281228
 10
175035.8777644383
 20
418116.8450137714
  0
LWPOLYLINE
  5
164A
330
1F
100
AcDbEntity
  8
d_line
 62
     8
100
AcDbPolyline
 90
        2
 70
     0
 43
0.0
 10
175044.5808189403
 20
418104.6279420134
 10
175046.3214298408
 20
418102.1845276619
  0
LWPOLYLINE
  5
164B
330
1F
100
AcDbEntity
  8
d_line
  6
Continuous
 62
     8
100
AcDbPolyline
 90
        2
 70
   128
 43
0.0
 10
175285.2796553428
 20
418528.0834690265
 42
-0.1558307624402888
 10
175254.8544886272
 20
418445.9042418708
  0
LWPOLYLINE
  5
164C
330
1F
100
AcDbEntity
  8
d_line
 62
     8
100
AcDbPolyline
 90
       10
 70
     1
 43
0.0
 10
174803.9506538132
 20
417967.6754651344
 10
174783.5619816235
 20
417966.5253864268
 42
-0.1347181426899521
 10
174780.4571255168
 20
417967.1919548488
 10
174745.6796397509
 20
417985.266542449
 42
-0.4144873112337994
 10
174743.1252660029
 20
417993.3623723695
 10
174757.9088517631
 20
418021.7427614866
 42
-0.4139398664934041
 10
174765.9971192864
 20
418024.294749168
 10
174804.9665847389
 20
418004.0415019433
 42
-0.2647233079934943
 10
174808.1901150743
 20
417999.0555023615
 10
174809.6032218169
 20
417974.0038515766
 42
-0.4142135623647107
  0
LWPOLYLINE
  5
164D
330
1F
100
AcDbEntity
  8
d_line
 62
     8
100
AcDbPolyline
 90
       13
 70
     1
 43
0.0
 10
174844.9116990201
 20
417872.2347687449
 10
174847.8049595179
 20
417881.7581469547
 42
-0.0924650897015599
 10
174869.8770416846
 20
417924.2219370685
 10
174873.9513031305
 20
417929.4310446129
 42
0.450672115520613
 10
174871.7691119159
 20
417941.2176427216
 10
174839.4583432807
 20
417960.6253161137
 42
0.1504321133773549
 10
174836.0309770086
 20
417961.4723261096
 10
174824.3694568486
 20
417960.8145262345
 42
0.4142135623724432
 10
174818.7168888447
 20
417954.4861397921
 10
174821.7651969136
 20
417900.4455305956
 42
-0.0817894451889793
 10
174819.581354751
 20
417880.0883535088
 42
0.3541813360519932
 10
174822.5969001184
 20
417873.163575157
 10
174833.5678913838
 20
417867.4617212614
 42
0.4693004327094278
  0
LWPOLYLINE
  5
164E
330
1F
100
AcDbEntity
  8
d_line
 62
     8
100
AcDbPolyline
 90
       10
 70
     1
 43
0.0
 10
174776.963432345
 20
417817.990838479
 10
174716.4177832486
 20
417849.4576801528
 42
0.4142135623732772
 10
174708.32692756
 20
417846.9007182395
 10
174702.6344812442
 20
417835.9478281875
 42
0.1380337225507032
 10
174701.972820087
 20
417832.7650059876
 10
174702.9609999028
 20
417818.5424271403
 42
0.2433371215535695
 10
174705.8276698285
 20
417813.8326354146
 10
174755.1844822325
 20
417783.7996733313
 42
0.4015960450107487
 10
174763.2893381613
 20
417785.5876399934
 10
174779.1824413535
 20
417809.3292293019
 42
0.446993402813092
  0
LWPOLYLINE
  5
164F
330
1F
100
AcDbEntity
  8
d_line
 62
     8
100
AcDbPolyline
 90
       19
 70
     0
 43
0.0
 10
174791.2884902464
 20
417765.3948560473
 10
174808.7401621775
 20
417791.4646816015
 42
0.4469934028118355
 10
174805.7814834995
 20
417803.0134938378
 10
174794.8189047752
 20
417808.7109755596
 42
0.3821763085579505
 10
174787.0660019914
 20
417806.7247671349
 10
174769.9372793562
 20
417781.137372825
 42
-0.4015960450097484
 10
174751.0259488559
 20
417776.9654506136
 10
174701.6691364516
 20
417806.9984126969
 42
-0.2433371215538151
 10
174694.9802399586
 20
417817.9879267239
 10
174693.9920601426
 20
417832.2105055712
 42
-0.1380337225516828
 10
174695.5359361762
 20
417839.6370907043
 10
174701.2283824921
 20
417850.5899807563
 42
-0.414213562372601
 10
174720.1070457654
 20
417856.5562252209
 10
174811.7838055288
 20
417808.9098934417
 42
0.3914700503923955
 10
174822.261413994
 20
417811.7754302082
 42
0.0657508324128137
 10
174835.2002641069
 20
417840.2688715467
 10
174837.8149501469
 20
417848.875301586
 42
0.3611920036808808
 10
174833.8496675443
 20
417858.2993442383
 10
174728.101074673
 20
417913.2591023507
  0
LWPOLYLINE
  5
1650
330
1F
100
AcDbEntity
  8
d_line
 62
     8
100
AcDbPolyline
 90
        2
 70
     0
 43
0.0
 10
174799.4281023309
 20
417730.6888791248
 10
174797.7769641634
 20
417728.1841334021
  0
LWPOLYLINE
  5
1651
330
1F
100
AcDbEntity
  8
d_line
 62
     8
100
AcDbPolyline
 90
        2
 70
     0
 43
0.0
 10
174789.5211439716
 20
417715.6602085609
 10
174787.8700048922
 20
417713.1554614549
  0
LWPOLYLINE
  5
1652
330
1F
100
AcDbEntity
  8
d_line
 62
     8
100
AcDbPolyline
 90
        2
 70
     0
 43
0.0
 10
174799.427978348
 20
417730.6886910451
 42
-0.0040996419164236
 10
174828.2952129696
 20
417711.2586574531
 42
-0.0040996419164236
  0
LWPOLYLINE
  5
1653
330
1F
100
AcDbEntity
  8
d_line
 62
     8
100
AcDbPolyline
 90
        2
 70
     0
 43
0.0
 10
174787.8700048922
 20
417713.1554614549
 42
-0.0040940620042285
 10
174816.4126026383
 20
417693.9438120697
 42
-0.0040940620042285
  0
LWPOLYLINE
  5
1654
330
1F
100
AcDbEntity
  8
d_line
 62
     8
 48
0.4
100
AcDbPolyline
 90
        2
 70
   128
 43
0.0
 10
174798.3272189812
 20
417729.0188596706
 42
-0.0040991152589386
 10
174827.1635357988
 20
417709.6096245644
 42
-0.0040991152589386
  0
LWPOLYLINE
  5
1655
330
1F
100
AcDbEntity
  8
d_line
 62
     8
 48
0.4
100
AcDbPolyline
 90
        2
 70
   128
 43
0.0
 10
174788.970764279
 20
417714.8252928597
 42
-0.0040945982256601
 10
174817.5442798161
 20
417695.5928449681
 42
-0.0040945982256601
  0
LWPOLYLINE
  5
1656
330
1F
100
AcDbEntity
  8
d_line
 62
     8
100
AcDbPolyline
 90
       20
 70
     0
 43
0.0
 10
174723.8539225338
 20
417924.482368306
 10
174804.2845457378
 20
417882.6808891932
 42
0.504072519015368
 10
174812.9518566932
 20
417886.9158976922
 42
0.059781737658179
 10
174813.7778939496
 20
417899.9949849703
 10
174810.7295858807
 20
417954.0355941664
 42
0.4142135623800955
 10
174804.4011994384
 20
417959.6881621703
 10
174784.0125272493
 20
417958.5380834628
 42
-0.134718142690335
 10
174776.7678630001
 20
417960.0934097808
 10
174741.9903772341
 20
417978.1679973809
 42
-0.4144873112335974
 10
174736.0301718221
 20
417997.0582671955
 10
174750.8137575823
 20
418025.4386563126
 42
-0.413939866490929
 10
174769.6863818033
 20
418031.3932942357
 10
174808.6558472557
 20
418011.1400470111
 42
-0.2647233079938417
 10
174816.1774180384
 20
417999.506047987
 10
174817.5905247809
 20
417974.4543972023
 42
0.4142135623682533
 10
174823.918911223
 20
417968.8018291984
 10
174835.5804313835
 20
417969.4596290737
 42
-0.1504321133771728
 10
174843.5776193514
 20
417967.4832724167
 10
174878.4287750089
 20
417946.5496990309
 42
0.3786712921594356
 10
174888.8495183651
 20
417948.4790135282
  0
LWPOLYLINE
  5
1657
330
1F
100
AcDbEntity
  8
d_line
 62
     8
100
AcDbPolyline
 90
       20
 70
     0
 43
0.0
 10
174723.5080541728
 20
417923.8168797057
 10
174803.9386773769
 20
417882.0154005931
 42
0.5040725190163782
 10
174813.6894022017
 20
417886.7797851545
 42
0.059781737658051
 10
174814.5267036025
 20
417900.0372236226
 10
174811.4783955336
 20
417954.0778328189
 42
0.4142135623785729
 10
174804.358960786
 20
417960.4369718233
 10
174783.9702885969
 20
417959.2868931156
 42
-0.1347181426906505
 10
174777.113731361
 20
417960.7588983809
 10
174742.336245595
 20
417978.8334859811
 42
-0.4144873112340888
 10
174736.6953369015
 20
417996.7117770556
 10
174751.4789226617
 20
418025.0921661727
 42
-0.4139398664905435
 10
174769.3405134423
 20
418030.7278056358
 10
174808.3099788948
 20
418010.474558411
 42
-0.2647233079937652
 10
174815.4286083855
 20
417999.4638093348
 10
174816.841715128
 20
417974.4121585498
 42
0.4142135623667146
 10
174823.9611498754
 20
417968.0530195454
 10
174835.6226700358
 20
417968.7108194207
 42
-0.150432113377092
 10
174843.1914372197
 20
417966.8403390134
 10
174878.0425928772
 20
417945.9067656277
 42
0.3786712921597521
 10
174889.4402809232
 20
417948.0169533587
 42
0.3786712921597521
  0
LWPOLYLINE
  5
1658
330
1F
100
AcDbEntity
  8
d_line
 62
     8
100
AcDbPolyline
 90
        2
 70
     0
 43
0.0
 10
174948.556086924
 20
418001.2803731623
 10
174951.0803645804
 20
417999.6382682484
  0
LWPOLYLINE
  5
1659
330
1F
100
AcDbEntity
  8
d_line
  6
ByBlock
 62
     8
100
AcDbPolyline
 90
        2
 70
     0
 43
0.0
 10
175284.0806496414
 20
418264.7624035292
 10
175287.0434437255
 20
418262.0750533074
  0
LWPOLYLINE
  5
165A
330
1F
100
AcDbEntity
  8
d_line
  6
ByBlock
 62
     8
100
AcDbPolyline
 90
        2
 70
     0
 43
0.0
 10
175309.2643993562
 20
418241.9199266433
 10
175312.2271934403
 20
418239.2325764212
  0
LWPOLYLINE
  5
165B
330
1F
100
AcDbEntity
  8
d_line
 62
     8
100
AcDbPolyline
 90
        4
 70
     0
 43
0.0
 10
175078.3335624833
 20
418113.436526358
 42
-0.5013341189455916
 10
175078.7640815905
 20
418132.6623846923
 10
175101.2138684095
 20
418148.6549009122
 42
0.042795310527921
 10
175118.2685921227
 20
418163.1520932284
 42
0.042795310527921
  0
LWPOLYLINE
  5
165C
330
1F
100
AcDbEntity
  8
d_line
  6
ByBlock
 62
     8
100
AcDbPolyline
 90
        2
 70
     0
 43
0.0
 10
175151.2908823437
 20
418032.6869928328
 10
175153.1440491643
 20
418035.0563413377
  0
LWPOLYLINE
  5
165D
330
1F
100
AcDbEntity
  8
d_line
  6
ByBlock
 62
     8
100
AcDbPolyline
 90
        2
 70
     0
 43
0.0
 10
175162.4910561898
 20
418046.8294573914
 10
175164.3442230104
 20
418049.1988058963
  0
LWPOLYLINE
  5
165E
330
1F
100
AcDbEntity
  8
d_line
  6
ByBlock
 62
     8
100
AcDbPolyline
 90
        2
 70
     0
 43
0.0
 10
175133.6187091383
 20
418031.433187454
 10
175130.4679754947
 20
418033.8975083578
  0
LWPOLYLINE
  5
165F
330
1F
100
AcDbEntity
  8
d_line
  6
ByBlock
 62
     8
100
AcDbPolyline
 90
        2
 70
     0
 43
0.0
 10
175113.7399288123
 20
418051.4659916245
 10
175110.5891951718
 20
418053.9303125256
  0
LWPOLYLINE
  5
1660
330
1F
100
AcDbEntity
  8
d_line
  6
ByBlock
 62
     8
100
AcDbPolyline
 90
        2
 70
     0
 43
0.0
 10
175108.5299569504
 20
418070.7754761647
 10
175110.3781976276
 20
418073.1385263967
  0
LWPOLYLINE
  5
1661
330
1F
100
AcDbEntity
  8
d_line
  6
ByBlock
 62
     8
100
AcDbPolyline
 90
        2
 70
     0
 43
0.0
 10
175117.7711603364
 20
418082.5907273248
 10
175119.6194010136
 20
418084.9537775567
  0
LWPOLYLINE
  5
1662
330
1F
100
AcDbEntity
  8
d_line
  6
ByBlock
 62
     8
100
AcDbPolyline
 90
        2
 70
     0
 43
0.0
 10
175161.4449099851
 20
418066.771117459
 10
175158.2625214366
 20
418069.1944517666
  0
LWPOLYLINE
  5
1663
330
1F
100
AcDbEntity
  8
d_line
  6
ByBlock
 62
     8
100
AcDbPolyline
 90
        2
 70
     0
 43
0.0
 10
175139.830513352
 20
418084.6022217099
 10
175136.6481252046
 20
418087.0255557119
  0
LWPOLYLINE
  5
1664
330
1F
100
AcDbEntity
  8
d_line
  6
ByBlock
 62
     8
100
AcDbPolyline
 90
        2
 70
     0
 43
0.0
 10
175057.2581728008
 20
417928.933666996
 10
175054.107439158
 20
417931.397987899
  0
LWPOLYLINE
  5
1665
330
1F
100
AcDbEntity
  8
d_line
  6
ByBlock
 62
     8
100
AcDbPolyline
 90
        2
 70
     0
 43
0.0
 10
175032.8399870695
 20
417948.0321539938
 10
175029.6892534269
 20
417950.4964748967
  0
LWPOLYLINE
  5
1666
330
1F
100
AcDbEntity
  8
d_line
 62
     8
100
AcDbPolyline
 90
        2
 70
     0
 43
0.0
 10
174850.198303353
 20
417709.6479010637
 10
174996.7646285246
 20
417897.038857753
  0
LWPOLYLINE
  5
1667
330
1F
100
AcDbEntity
  8
d_line
 62
     8
100
AcDbPolyline
 90
        5
 70
     0
 43
0.0
 10
174910.1894716536
 20
417957.9081867873
 10
174878.5415592021
 20
417917.4450545854
 42
0.0924650897014863
 10
174858.3299590571
 20
417878.5605877762
 10
174845.7252636461
 20
417837.0713123682
 42
-0.0738743522538281
 10
174829.3050371262
 20
417802.4110085288
  0
LWPOLYLINE
  5
1668
330
1F
100
AcDbEntity
  8
d_line
  6
ByBlock
 62
     8
100
AcDbPolyline
 90
        2
 70
     0
 43
0.0
 10
174847.8267506266
 20
417711.4852709589
 10
174850.1898008585
 20
417709.6370302819
  0
LWPOLYLINE
  5
1669
330
1F
100
AcDbEntity
  8
d_line
  6
ByBlock
 62
     8
100
AcDbPolyline
 90
        2
 70
     0
 43
0.0
 10
174863.2819101552
 20
417699.3971426045
 10
174865.6453294253
 20
417697.5486132872
  0
LWPOLYLINE
  5
166A
330
1F
100
AcDbEntity
  8
d_line
  6
ByBlock
 62
     8
100
AcDbPolyline
 90
        2
 70
     0
 43
0.0
 10
174993.3169302911
 20
417897.500332224
 10
174995.6782288718
 20
417895.6534615866
  0
LWPOLYLINE
  5
166B
330
1F
100
AcDbEntity
  8
d_line
  6
ByBlock
 62
     8
100
AcDbPolyline
 90
        2
 70
     0
 43
0.0
 10
175012.221332146
 20
417882.7144068073
 10
175014.5843823779
 20
417880.8661661302
  0
LWPOLYLINE
  5
166C
330
1F
100
AcDbEntity
  8
d_line
  6
Continuous
 62
     8
100
AcDbPolyline
 90
        2
 70
     0
 43
0.0
 10
175396.978814909
 20
417640.5393412314
 10
175394.7567193459
 20
417642.5548538978
  0
LWPOLYLINE
  5
166D
330
1F
100
AcDbEntity
  8
d_line
  6
Continuous
 62
     8
100
AcDbPolyline
 90
        2
 70
     0
 43
0.0
 10
175385.868337095
 20
417650.6169045636
 10
175383.6462415319
 20
417652.6324172299
  0
LWPOLYLINE
  5
166E
330
1F
100
AcDbEntity
  8
d_line
  6
Continuous
 62
     8
100
AcDbPolyline
 90
        4
 70
   128
 43
0.0
 10
175898.630021113
 20
418884.9953856677
 10
175940.1292042632
 20
418930.7480878389
 10
175951.3438598096
 20
418947.5775709257
 10
176041.3347076151
 20
419046.7921613158
  0
LWPOLYLINE
  5
166F
330
1F
100
AcDbEntity
  8
d_line
  6
Continuous
 62
     8
100
AcDbPolyline
 90
        4
 70
   128
 43
0.0
 10
176050.7404333918
 20
419057.1619406102
 10
176068.8446624728
 20
419077.1217889326
 10
176084.5035091451
 20
419089.9202466865
 10
176122.3367902742
 20
419131.6313048869
  0
LWPOLYLINE
  5
1670
330
1F
100
AcDbEntity
  8
d_line
  6
Continuous
 62
     8
100
AcDbPolyline
 90
        4
 70
   128
 43
0.0
 10
175897.1486240711
 20
418886.3390607788
 10
175938.5475921618
 20
418931.9812762025
 10
175949.7622477083
 20
418948.8107592893
 10
176039.853310573
 20
419048.1358364269
  0
LWPOLYLINE
  5
1671
330
1F
100
AcDbEntity
  8
d_line
  6
Continuous
 62
     8
100
AcDbPolyline
 90
        4
 70
   128
 43
0.0
 10
176049.2590363497
 20
419058.5056157211
 10
176067.46348049
 20
419078.5759507909
 10
176083.1223271623
 20
419091.3744085447
 10
176120.8553932321
 20
419132.9749799979
  0
LWPOLYLINE
  5
1672
330
1F
100
AcDbEntity
  8
d_line
  6
ByBlock
 62
     8
100
AcDbPolyline
 90
        2
 70
     0
 43
0.0
 10
176122.3367902742
 20
419131.6313048869
 10
176120.114694711
 20
419133.6468175534
  0
LWPOLYLINE
  5
1673
330
1F
100
AcDbEntity
  8
d_line
  6
ByBlock
 62
     8
100
AcDbPolyline
 90
        2
 70
     0
 43
0.0
 10
176097.8937390803
 20
419153.8019442178
 10
176095.6716435173
 20
419155.8174568839
  0
LWPOLYLINE
  5
1674
330
1F
100
AcDbEntity
  8
d_line
  6
ByBlock
 62
     8
100
AcDbPolyline
 90
        2
 70
     0
 43
0.0
 10
175874.1869699194
 20
418907.1660249985
 10
175876.4090654825
 20
418905.1505123321
  0
LWPOLYLINE
  5
1675
330
1F
100
AcDbEntity
  8
d_line
  6
ByBlock
 62
     8
100
AcDbPolyline
 90
        2
 70
     0
 43
0.0
 10
175896.4079255501
 20
418887.0108983342
 10
175898.6300211132
 20
418884.9953856677
  0
LWPOLYLINE
  5
1676
330
1F
100
AcDbEntity
  8
d_line
  6
Continuous
 62
     8
100
AcDbPolyline
 90
        9
 70
   128
 43
0.0
 10
175778.2968147871
 20
418949.5316493733
 10
175788.5505682215
 20
418944.2056329336
 42
-0.063206108061643
 10
175851.9161536864
 20
418900.359347631
 42
0.4127104287770636
 10
175873.0470127631
 20
418901.4438611386
 10
176063.5774199749
 20
419111.5029590289
 10
176074.7920752458
 20
419128.3324418122
 10
176101.7497711876
 20
419158.0532059336
 42
0.4142135623795099
 10
176100.7168567042
 20
419179.2412470813
 10
176081.1874427174
 20
419196.9550582743
  0
LWPOLYLINE
  5
1677
330
1F
100
AcDbEntity
  8
d_line
  6
Continuous
 62
     8
100
AcDbPolyline
 90
        2
 70
   128
 43
0.0
 10
176330.4877575238
 20
417820.566034755
 10
176329.8159199684
 20
417819.825336234
  0
LWPOLYLINE
  5
1678
330
1F
100
AcDbEntity
  8
d_line
  6
Continuous
 62
     8
100
AcDbPolyline
 90
        2
 70
   128
 43
0.0
 10
176312.5900431894
 20
417824.6491489523
 10
176311.9182056339
 20
417823.9084504311
  0
LWPOLYLINE
  5
1679
330
1F
100
AcDbEntity
  8
d_line
  6
Continuous
 62
     8
100
AcDbPolyline
 90
        2
 70
   128
 43
0.0
 10
176401.9130759388
 20
417742.2801874405
 10
176402.5849134943
 20
417743.0208859615
  0
LWPOLYLINE
  5
167A
330
1F
100
AcDbEntity
  8
d_line
  6
Continuous
 62
     8
100
AcDbPolyline
 90
        2
 70
   128
 43
0.0
 10
176407.959613938
 20
417748.9464741296
 10
176408.6314514936
 20
417749.6871726507
  0
LWPOLYLINE
  5
167B
330
1F
100
AcDbEntity
  8
d_line
  6
ByBlock
 62
     8
100
AcDbPolyline
 90
        2
 70
     0
 43
0.0
 10
176468.7675261901
 20
417750.4949595745
 10
176471.4548764118
 20
417753.4577536584
  0
LWPOLYLINE
  5
167C
330
1F
100
AcDbEntity
  8
d_line
  6
ByBlock
 62
     8
100
AcDbPolyline
 90
        2
 70
     0
 43
0.0
 10
176492.2818406318
 20
417776.4194078103
 10
176494.9691908538
 20
417779.3822018943
  0
LWPOLYLINE
  5
167D
330
1F
100
AcDbEntity
  8
d_line
  6
ByBlock
 62
     8
100
AcDbPolyline
 90
        2
 70
     0
 43
0.0
 10
176430.2512030969
 20
417785.4305124593
 10
176432.9385533185
 20
417788.3933065432
  0
LWPOLYLINE
  5
167E
330
1F
100
AcDbEntity
  8
d_line
  6
ByBlock
 62
     8
100
AcDbPolyline
 90
        2
 70
     0
 43
0.0
 10
176453.7655175384
 20
417811.3549606949
 10
176456.4528677606
 20
417814.3177547794
  0
LWPOLYLINE
  5
167F
330
1F
100
AcDbEntity
  8
d_line
  6
ByBlock
 62
     8
100
AcDbPolyline
 90
        2
 70
     0
 43
0.0
 10
176448.7854382213
 20
417753.7685142852
 10
176446.563342658
 20
417755.7840269514
  0
LWPOLYLINE
  5
1680
330
1F
100
AcDbEntity
  8
d_line
  6
ByBlock
 62
     8
100
AcDbPolyline
 90
        2
 70
     0
 43
0.0
 10
176437.6749604049
 20
417763.8460776161
 10
176435.4528648416
 20
417765.8615902823
  0
LWPOLYLINE
  5
1681
330
1F
100
AcDbEntity
  8
d_line
  6
Continuous
 62
     8
100
AcDbPolyline
 90
        2
 70
   128
 43
0.0
 10
176424.9100468553
 20
417749.7728057185
 10
176422.687951292
 20
417751.7883183848
  0
LWPOLYLINE
  5
1682
330
1F
100
AcDbEntity
  8
d_line
  6
Continuous
 62
     8
100
AcDbPolyline
 90
        2
 70
   128
 43
0.0
 10
176403.4112450825
 20
417726.0704530436
 10
176401.1891495192
 20
417728.0859657098
  0
LWPOLYLINE
  5
1683
330
1F
100
AcDbEntity
  8
d_line
  6
ByBlock
 62
     8
100
AcDbPolyline
 90
        2
 70
     0
 43
0.0
 10
176363.6832416022
 20
417851.2101179808
 10
176360.9958913808
 20
417848.247323897
  0
LWPOLYLINE
  5
1684
330
1F
100
AcDbEntity
  8
d_line
  6
ByBlock
 62
     8
100
AcDbPolyline
 90
        2
 70
     0
 43
0.0
 10
176339.9808889294
 20
417872.7089197559
 10
176337.293538708
 20
417869.7461256724
  0
LWPOLYLINE
  5
1685
330
1F
100
AcDbEntity
  8
d_line
  6
ByBlock
 62
     8
100
AcDbPolyline
 90
        2
 70
     0
 43
0.0
 10
176213.1828337978
 20
417961.3923631803
 10
176215.4049293607
 20
417959.3768505141
  0
LWPOLYLINE
  5
1686
330
1F
100
AcDbEntity
  8
d_line
  6
ByBlock
 62
     8
100
AcDbPolyline
 90
        2
 70
     0
 43
0.0
 10
176228.7375027388
 20
417947.2837745159
 10
176230.9595983024
 20
417945.2682618491
  0
LWPOLYLINE
  5
1687
330
1F
100
AcDbEntity
  8
d_line
  6
ByBlock
 62
     8
100
AcDbPolyline
 90
        2
 70
     0
 43
0.0
 10
175948.797164734
 20
418222.1249232465
 10
175951.4845149554
 20
418225.0877173309
  0
LWPOLYLINE
  5
1688
330
1F
100
AcDbEntity
  8
d_line
  6
ByBlock
 62
     8
100
AcDbPolyline
 90
        2
 70
     0
 43
0.0
 10
175974.3269918379
 20
418250.2714670492
 10
175977.0143420594
 20
418253.2342611336
  0
LWPOLYLINE
  5
1689
330
1F
100
AcDbEntity
  8
d_line
  6
ByBlock
 62
     8
100
AcDbPolyline
 90
        2
 70
     0
 43
0.0
 10
175956.8609879585
 20
418289.0650065727
 10
175959.0830835215
 20
418287.0494939062
  0
LWPOLYLINE
  5
168A
330
1F
100
AcDbEntity
  8
d_line
  6
ByBlock
 62
     8
100
AcDbPolyline
 90
        2
 70
     0
 43
0.0
 10
175972.4156569
 20
418274.9564179077
 10
175974.6377524631
 20
418272.9409052412
  0
LWPOLYLINE
  5
168B
330
1F
100
AcDbEntity
  8
d_line
  6
ByBlock
 62
     8
100
AcDbPolyline
 90
        2
 70
     0
 43
0.0
 10
175908.9539386313
 20
418240.7130198014
 10
175911.1760341944
 20
418238.6975071351
  0
LWPOLYLINE
  5
168C
330
1F
100
AcDbEntity
  8
d_line
  6
ByBlock
 62
     8
100
AcDbPolyline
 90
        2
 70
     0
 43
0.0
 10
175926.7307031358
 20
418224.5889184702
 10
175928.9527986989
 20
418222.5734058039
  0
LWPOLYLINE
  5
168D
330
1F
100
AcDbEntity
  8
d_line
  6
ByBlock
 62
     8
100
AcDbPolyline
 90
        2
 70
     0
 43
0.0
 10
175933.5197122151
 20
418288.6350686771
 10
175930.8323619944
 20
418285.6722745934
  0
LWPOLYLINE
  5
168E
330
1F
100
AcDbEntity
  8
d_line
  6
ByBlock
 62
     8
100
AcDbPolyline
 90
        2
 70
     0
 43
0.0
 10
175910.0053977777
 20
418262.7106204374
 10
175907.3180475562
 20
418259.7478263526
  0
LWPOLYLINE
  5
168F
330
1F
100
AcDbEntity
  8
d_line
  6
ByBlock
 62
     8
100
AcDbPolyline
 90
        2
 70
     0
 43
0.0
 10
175720.6620201431
 20
418429.0508904386
 10
175723.3493703647
 20
418432.0136845225
  0
LWPOLYLINE
  5
1690
330
1F
100
AcDbEntity
  8
d_line
  6
ByBlock
 62
     8
100
AcDbPolyline
 90
        2
 70
     0
 43
0.0
 10
175744.1763345852
 20
418454.9753386749
 10
175746.8636848068
 20
418457.9381327586
  0
LWPOLYLINE
  5
1691
330
1F
100
AcDbEntity
  8
d_line
  6
ByBlock
 62
     8
100
AcDbPolyline
 90
        2
 70
     0
 43
0.0
 10
175698.5266975775
 20
418432.92742174
 10
175696.3046020144
 20
418434.9429344066
  0
LWPOLYLINE
  5
1692
330
1F
100
AcDbEntity
  8
d_line
  6
ByBlock
 62
     8
100
AcDbPolyline
 90
        2
 70
     0
 43
0.0
 10
175685.194124199
 20
418445.0204977387
 10
175682.9720286361
 20
418447.0360104049
  0
LWPOLYLINE
  5
1693
330
1F
100
AcDbEntity
  8
d_line
  6
ByBlock
 62
     8
100
AcDbPolyline
 90
        2
 70
     0
 43
0.0
 10
175679.1829029657
 20
418466.6737935454
 10
175681.8702531877
 20
418469.6365876297
  0
LWPOLYLINE
  5
1694
330
1F
100
AcDbEntity
  8
d_line
  6
ByBlock
 62
     8
100
AcDbPolyline
 90
        2
 70
     0
 43
0.0
 10
175702.6972174076
 20
418492.5982417817
 10
175705.3845676293
 20
418495.5610358655
  0
LWPOLYLINE
  5
1695
330
1F
100
AcDbEntity
  8
d_line
  6
ByBlock
 62
     8
100
AcDbPolyline
 90
        2
 70
     0
 43
0.0
 10
175778.5314101813
 20
418381.9617866389
 10
175775.8440599595
 20
418378.9989925553
  0
LWPOLYLINE
  5
1696
330
1F
100
AcDbEntity
  8
d_line
  6
ByBlock
 62
     8
100
AcDbPolyline
 90
        2
 70
     0
 43
0.0
 10
175797.9692953261
 20
418364.3309950705
 10
175795.2819451043
 20
418361.3682009865
  0
LWPOLYLINE
  5
1697
330
1F
100
AcDbEntity
  8
d_line
  6
Continuous
 62
     8
100
AcDbPolyline
 90
        2
 70
     0
 43
0.0
 10
175626.8705244009
 20
418566.775816746
 10
175624.1831741791
 20
418563.8130226622
  0
LWPOLYLINE
  5
1698
330
1F
100
AcDbEntity
  8
d_line
  6
Continuous
 62
     8
100
AcDbPolyline
 90
        2
 70
     0
 43
0.0
 10
175603.3562099591
 20
418540.8513685103
 10
175600.6688597372
 20
418537.8885744262
  0
LWPOLYLINE
  5
1699
330
1F
100
AcDbEntity
  8
d_line
  6
Continuous
 62
     8
100
AcDbPolyline
 90
        2
 70
   128
 43
0.0
 10
175702.8395578745
 20
417363.0177912085
 10
175700.6174623114
 20
417365.0333038747
  0
LWPOLYLINE
  5
169A
330
1F
100
AcDbEntity
  8
d_line
  6
Continuous
 62
     8
100
AcDbPolyline
 90
        2
 70
   128
 43
0.0
 10
175687.2848889331
 20
417377.1263798735
 10
175685.06279337
 20
417379.1418925399
  0
LWPOLYLINE
  5
169B
330
1F
100
AcDbEntity
  8
d_line
  6
ByBlock
 62
     8
100
AcDbPolyline
 90
        2
 70
     0
 43
0.0
 10
175729.270980925
 20
417602.2315793068
 10
175727.5821460397
 20
417599.7520338414
  0
LWPOLYLINE
  5
169C
330
1F
100
AcDbEntity
  8
d_line
  6
ByBlock
 62
     8
100
AcDbPolyline
 90
        2
 70
     0
 43
0.0
 10
175688.1480176151
 20
417627.8190851783
 10
175686.6697085718
 20
417625.2085466891
  0
LWPOLYLINE
  5
169D
330
1F
100
AcDbEntity
  8
d_line
  6
ByBlock
 62
     8
100
AcDbPolyline
 90
        2
 70
     0
 43
0.0
 10
175715.876344235
 20
417582.3150867185
 10
175717.5658959474
 20
417584.7941492413
  0
LWPOLYLINE
  5
169E
330
1F
100
AcDbEntity
  8
d_line
  6
ByBlock
 62
     8
100
AcDbPolyline
 90
        2
 70
     0
 43
0.0
 10
175675.9519887045
 20
417607.1408418749
 10
175677.4280425206
 20
417609.7526613435
  0
LWPOLYLINE
  5
169F
330
1F
100
AcDbEntity
  8
d_line
  6
Continuous
 62
     8
100
AcDbPolyline
 90
        2
 70
     0
 43
0.0
 10
175526.6557400913
 20
418667.7994499333
 10
175525.9150415703
 20
418668.4712874888
  0
LWPOLYLINE
  5
16A0
330
1F
100
AcDbEntity
  8
d_line
  6
Continuous
 62
     8
100
AcDbPolyline
 90
        2
 70
     0
 43
0.0
 10
175517.7673578386
 20
418675.8615005995
 10
175517.0266593176
 20
418676.533338155
  0
LWPOLYLINE
  5
16A1
330
1F
100
AcDbEntity
  8
d_line
  6
ByBlock
 62
     8
100
AcDbPolyline
 90
        2
 70
     0
 43
0.0
 10
175530.4963753903
 20
418651.4901382667
 10
175527.8090251679
 20
418648.5273441827
  0
LWPOLYLINE
  5
16A2
330
1F
100
AcDbEntity
  8
d_line
  6
ByBlock
 62
     8
100
AcDbPolyline
 90
        2
 70
     0
 43
0.0
 10
175509.6046318412
 20
418628.4570651372
 10
175506.9820609486
 20
418625.5656900342
  0
LWPOLYLINE
  5
16A3
330
1F
100
AcDbEntity
  8
d_line
  6
ByBlock
 62
     8
100
AcDbPolyline
 90
        2
 70
     0
 43
0.0
 10
175475.6490610242
 20
418653.9857360787
 10
175478.3364112466
 20
418656.9485301632
  0
LWPOLYLINE
  5
16A4
330
1F
100
AcDbEntity
  8
d_line
  6
ByBlock
 62
     8
100
AcDbPolyline
 90
        2
 70
     0
 43
0.0
 10
175496.4760252443
 20
418676.9473902304
 10
175499.1633754664
 20
418679.9101843145
  0
LWPOLYLINE
  5
16A5
330
1F
100
AcDbEntity
  8
d_line
 62
     8
100
AcDbPolyline
 90
        2
 70
     0
 43
0.0
 10
175175.4661053516
 20
418349.2724883747
 10
175177.8291555837
 20
418347.4242476974
  0
LWPOLYLINE
  5
16A6
330
1F
100
AcDbEntity
  8
d_line
 62
     8
100
AcDbPolyline
 90
        2
 70
     0
 43
0.0
 10
175158.6401954794
 20
418318.542720574
 10
175155.9536241338
 20
418319.8777615489
  0
LWPOLYLINE
  5
16A7
330
1F
100
AcDbEntity
  8
d_line
 62
     8
100
AcDbPolyline
 90
        2
 70
     0
 43
0.0
 10
174892.6002739475
 20
418147.1720829061
 10
174870.3194429666
 20
418131.9138205275
  0
LWPOLYLINE
  5
16A8
330
1F
100
AcDbEntity
  8
d_line
  6
ByBlock
 62
     8
100
AcDbPolyline
 90
        2
 70
     0
 43
0.0
 10
174957.9994898938
 20
418037.7016230623
 10
174955.6364396618
 20
418039.5498637394
  0
LWPOLYLINE
  5
16A9
330
1F
100
AcDbEntity
  8
d_line
  6
Continuous
 62
     8
100
AcDbPolyline
 90
        2
 70
     0
 43
0.0
 10
175638.7459055019
 20
417938.3442568186
 10
175640.9432836202
 20
417936.351163676
  0
LWPOLYLINE
  5
16AA
330
1F
100
AcDbEntity
  8
d_line
  6
Continuous
 62
     8
100
AcDbPolyline
 90
        2
 70
     0
 43
0.0
 10
175654.3005744454
 20
417924.2356681563
 10
175656.5226700088
 20
417922.2201554903
  0
LWPOLYLINE
  5
16AB
330
1F
100
AcDbEntity
  8
d_line
  6
Continuous
 62
     8
100
AcDbPolyline
 90
        2
 70
     0
 43
0.0
 10
176467.1383833462
 20
418836.7594741047
 10
176469.825733568
 20
418839.7222681888
  0
LWPOLYLINE
  5
16AC
330
1F
100
AcDbEntity
  8
d_line
  6
Continuous
 62
     8
100
AcDbPolyline
 90
        2
 70
     0
 43
0.0
 10
176487.9653475654
 20
418859.7211282571
 10
176490.6526977872
 20
418862.6839223411
  0
LWPOLYLINE
  5
16AD
330
1F
100
AcDbEntity
  8
d_line
  6
Continuous
 62
     8
100
AcDbPolyline
 90
        8
 70
   128
 43
0.0
 10
176525.8947263913
 20
418930.5630072403
 10
176483.5992897423
 20
418883.9324383965
 42
0.4142135623336943
 10
176484.6322042274
 20
418862.7443972506
 10
176527.2586546562
 20
418824.080825716
 10
176540.0571124108
 20
418808.4219790435
 10
176773.7112103504
 20
418596.4901423719
 42
0.4142135624141237
 10
176794.8992514994
 20
418597.5230568571
 10
176835.5002162105
 20
418642.285476401
  0
LWPOLYLINE
  5
16AE
330
1F
100
AcDbEntity
  8
d_line
  6
ByBlock
 62
     8
100
AcDbPolyline
 90
        2
 70
     0
 43
0.0
 10
176186.5274570354
 20
418608.3371992867
 10
176183.8401067376
 20
418605.3744051189
  0
LWPOLYLINE
  5
16AF
330
1F
100
AcDbEntity
  8
d_line
  6
ByBlock
 62
     8
100
AcDbPolyline
 90
        2
 70
     0
 43
0.0
 10
176167.7160054065
 20
418587.5976406149
 10
176165.0286551864
 20
418584.6348465327
  0
LWPOLYLINE
  5
16B0
330
1F
100
AcDbEntity
  8
d_line
  6
Continuous
 62
     8
100
AcDbPolyline
 90
        2
 70
     0
 43
0.0
 10
176168.187836182
 20
418566.7040096006
 10
176170.452108347
 20
418564.7347796026
  0
LWPOLYLINE
  5
16B1
330
1F
100
AcDbEntity
  8
d_line
  6
Continuous
 62
     8
100
AcDbPolyline
 90
        2
 70
     0
 43
0.0
 10
176185.9651769241
 20
418550.5804549129
 10
176183.7167100621
 20
418552.5670324888
  0
LWPOLYLINE
  5
16B2
330
1F
100
AcDbEntity
  8
d_line
  6
Continuous
 62
     8
100
AcDbPolyline
 90
        2
 70
   128
 43
0.0
 10
176226.2778715071
 20
417503.9893463169
 10
176224.0557759441
 20
417506.0048589833
  0
LWPOLYLINE
  5
16B3
330
1F
100
AcDbEntity
  8
d_line
  6
Continuous
 62
     8
100
AcDbPolyline
 90
        2
 70
   128
 43
0.0
 10
176289.4306017163
 20
417573.6150073015
 10
176287.3328253142
 20
417575.5177584615
  0
LWPOLYLINE
  5
16B4
330
1F
100
AcDbEntity
  8
d_line
  6
Continuous
 62
     8
100
AcDbPolyline
 90
        2
 70
   128
 43
0.0
 10
176273.751613614
 20
417587.8363574731
 10
176271.6538372117
 20
417589.7391086332
  0
LWPOLYLINE
  5
16B5
330
1F
100
AcDbEntity
  8
d_line
  6
Continuous
 62
     8
100
AcDbPolyline
 90
        2
 70
   128
 43
0.0
 10
176270.6191501651
 20
417552.875448711
 10
176268.5213737633
 20
417554.7781998706
  0
LWPOLYLINE
  5
16B6
330
1F
100
AcDbEntity
  8
d_line
  6
Continuous
 62
     8
100
AcDbPolyline
 90
        2
 70
   128
 43
0.0
 10
176254.9401620623
 20
417567.0967988835
 10
176252.8423856607
 20
417568.9995500426
  0
LWPOLYLINE
  5
16B7
330
1F
100
AcDbEntity
  8
d_line
  6
Continuous
 62
     8
100
AcDbPolyline
 90
        2
 70
   128
 43
0.0
 10
176212.9452981288
 20
417516.0824223156
 10
176210.7232025657
 20
417518.097934982
  0
LWPOLYLINE
  5
16B8
330
1F
100
AcDbEntity
  8
d_line
  6
Continuous
 62
     8
100
AcDbPolyline
 90
        2
 70
   128
 43
0.0
 10
176177.0271470647
 20
417454.1559625059
 10
176174.8050515016
 20
417456.1714751724
  0
LWPOLYLINE
  5
16B9
330
1F
100
AcDbEntity
  8
d_line
  6
Continuous
 62
     8
100
AcDbPolyline
 90
        2
 70
   128
 43
0.0
 10
176165.9166692494
 20
417464.2335258382
 10
176163.6945736864
 20
417466.2490385045
  0
LWPOLYLINE
  5
16BA
330
1F
100
AcDbEntity
  8
d_line
  6
Continuous
 62
     8
100
AcDbPolyline
 90
        4
 70
     0
 43
0.0
 10
175452.538360594
 20
418127.4916869852
 10
175577.8545192391
 20
418013.8258711415
 10
175590.6529769933
 20
417998.1670244685
 10
175632.7346842572
 20
417959.9975526305
  0
LWPOLYLINE
  5
16BB
330
1F
100
AcDbEntity
  8
d_line
  6
Continuous
 62
     8
100
AcDbPolyline
 90
        4
 70
     0
 43
0.0
 10
175453.8820357048
 20
418128.9730840271
 10
175579.3086810979
 20
418015.2070531235
 10
175592.1071388521
 20
417999.5482064507
 10
175634.0783593681
 20
417961.4789496723
  0
LWPOLYLINE
  5
16BC
330
1F
100
AcDbEntity
  8
d_line
  6
Continuous
 62
     8
100
AcDbPolyline
 90
        2
 70
     0
 43
0.0
 10
175483.4428881459
 20
418161.5638189522
 10
175665.6547244755
 20
417996.2917801606
  0
LWPOLYLINE
  5
16BD
330
1F
100
AcDbEntity
  8
d_line
  6
Continuous
 62
     8
100
AcDbPolyline
 90
        2
 70
     0
 43
0.0
 10
175482.0992130347
 20
418160.08242191
 10
175664.3110493646
 20
417994.8103831185
  0
LWPOLYLINE
  5
16BE
330
1F
100
AcDbEntity
  8
d_line
  6
Continuous
 62
     8
100
AcDbPolyline
 90
        2
 70
   128
 43
0.0
 10
175218.8017906192
 20
418404.6789094057
 10
175221.1648408513
 20
418402.8306687284
  0
LWPOLYLINE
  5
16BF
330
1F
100
AcDbEntity
  8
d_line
  6
Continuous
 62
     8
100
AcDbPolyline
 90
        2
 70
   128
 43
0.0
 10
175230.6462035475
 20
418395.4148973779
 10
175232.9800920115
 20
418393.5894653424
  0
LWPOLYLINE
  5
16C0
330
1F
100
AcDbEntity
  8
d_line
 62
     8
100
AcDbPolyline
 90
        2
 70
     0
 43
0.0
 10
175197.994116065
 20
418343.9889886782
 10
175195.6573511851
 20
418345.8166704793
  0
LWPOLYLINE
  5
16C1
330
1F
100
AcDbEntity
  8
d_line
 62
     8
100
AcDbPolyline
 90
        2
 70
     0
 43
0.0
 10
175183.8157920251
 20
418355.0784504553
 10
175181.4527644406
 20
418356.9266734187
  0
LWPOLYLINE
  5
16C2
330
1F
100
AcDbEntity
  8
d_line
  6
Continuous
 62
     8
100
AcDbPolyline
 90
        2
 70
   128
 43
0.0
 10
175177.3303019505
 20
418380.5232266498
 10
175179.1786701049
 20
418382.8864398665
  0
LWPOLYLINE
  5
16C3
330
1F
100
AcDbEntity
  8
d_line
  6
Continuous
 62
     8
100
AcDbPolyline
 90
        2
 70
   128
 43
0.0
 10
175195.1978474979
 20
418403.3676041015
 10
175197.0462126081
 20
418405.7308134262
  0
LWPOLYLINE
  5
16C4
330
1F
100
AcDbEntity
  8
d_line
  6
Continuous
 62
     8
100
AcDbPolyline
 90
        2
 70
     0
 43
0.0
 10
175939.9179874271
 20
417685.4225754783
 10
175820.2951764458
 20
417793.9243405396
  0
LWPOLYLINE
  5
16C5
330
1F
100
AcDbEntity
  8
d_line
  6
Continuous
 62
     8
100
AcDbPolyline
 90
        2
 70
     0
 43
0.0
 10
175772.3680813946
 20
417837.3957684769
 10
175680.3031559718
 20
417920.9016385253
  0
LWPOLYLINE
  5
16C6
330
1F
100
AcDbEntity
  8
d_line
  6
Continuous
 62
     8
100
AcDbPolyline
 90
        2
 70
     0
 43
0.0
 10
175970.8225149778
 20
417719.4947074442
 10
175851.199703997
 20
417827.9964725058
  0
LWPOLYLINE
  5
16C7
330
1F
100
AcDbEntity
  8
d_line
  6
Continuous
 62
     8
100
AcDbPolyline
 90
        2
 70
     0
 43
0.0
 10
175803.2726089418
 20
417871.4679004388
 10
175711.207683515
 20
417954.9737704909
  0
LWPOLYLINE
  5
16C8
330
1F
100
AcDbEntity
  8
d_line
  6
Continuous
 62
     8
100
AcDbPolyline
 90
        2
 70
     0
 43
0.0
 10
176011.2687176728
 20
417703.0598454861
 10
176009.046622109
 20
417705.0753581531
  0
LWPOLYLINE
  5
16C9
330
1F
100
AcDbEntity
  8
d_line
  6
Continuous
 62
     8
100
AcDbPolyline
 90
        2
 70
     0
 43
0.0
 10
175995.714048731
 20
417717.1684341513
 10
175993.4919531684
 20
417719.1839468171
  0
LWPOLYLINE
  5
16CA
330
1F
100
AcDbEntity
  8
d_line
  6
Continuous
 62
     8
100
AcDbPolyline
 90
        2
 70
     0
 43
0.0
 10
175665.6547244757
 20
417996.2917801606
 10
175663.6392118094
 20
417994.0696845976
  0
LWPOLYLINE
  5
16CB
330
1F
100
AcDbEntity
  8
d_line
  6
Continuous
 62
     8
100
AcDbPolyline
 90
        2
 70
     0
 43
0.0
 10
175634.7501969237
 20
417962.2196481937
 10
175632.7346842572
 20
417959.9975526305
  0
LWPOLYLINE
  5
16CC
330
1F
100
AcDbEntity
  8
d_line
  6
Continuous
 62
     8
100
AcDbPolyline
 90
        2
 70
     0
 43
0.0
 10
175331.9338375484
 20
418241.6091660185
 10
175407.4850866928
 20
418173.0817353595
  0
LWPOLYLINE
  5
16CD
330
1F
100
AcDbEntity
  8
d_line
  6
Continuous
 62
     8
100
AcDbPolyline
 90
        2
 70
     0
 43
0.0
 10
175333.2775126592
 20
418243.0905630605
 10
175408.8287618037
 20
418174.5631324014
  0
LWPOLYLINE
  5
16CE
330
1F
100
AcDbEntity
  8
d_line
  6
Continuous
 62
     8
100
AcDbPolyline
 90
        2
 70
     0
 43
0.0
 10
175358.135502212
 20
418270.4964083385
 10
175433.6867513565
 20
418201.9689776794
  0
LWPOLYLINE
  5
16CF
330
1F
100
AcDbEntity
  8
d_line
  6
Continuous
 62
     8
100
AcDbPolyline
 90
        2
 70
     0
 43
0.0
 10
175356.791827101
 20
418269.0150112965
 10
175432.3430762456
 20
418200.4875806375
  0
LWPOLYLINE
  5
16D0
330
1F
100
AcDbEntity
  8
d_line
  6
Continuous
 62
     8
100
AcDbPolyline
 90
        2
 70
     0
 43
0.0
 10
175431.6712386903
 20
418199.7468821164
 10
175433.6867513565
 20
418201.9689776793
  0
LWPOLYLINE
  5
16D1
330
1F
100
AcDbEntity
  8
d_line
  6
Continuous
 62
     8
100
AcDbPolyline
 90
        2
 70
     0
 43
0.0
 10
175473.4611164951
 20
418184.7934171992
 10
175471.2947129007
 20
418186.7584154456
  0
LWPOLYLINE
  5
16D2
330
1F
100
AcDbEntity
  8
d_line
  6
Continuous
 62
     8
100
AcDbPolyline
 90
        2
 70
     0
 43
0.0
 10
175462.3506386798
 20
418194.8709805314
 10
175460.1285431167
 20
418196.8864931978
  0
LWPOLYLINE
  5
16D3
330
1F
100
AcDbEntity
  8
d_line
  6
Continuous
 62
     8
100
AcDbPolyline
 90
        2
 70
     0
 43
0.0
 10
175481.4273754788
 20
418159.3417233886
 10
175483.4428881459
 20
418161.5638189522
  0
LWPOLYLINE
  5
16D4
330
1F
100
AcDbEntity
  8
d_line
  6
Continuous
 62
     8
100
AcDbPolyline
 90
        2
 70
     0
 43
0.0
 10
175428.4480002779
 20
418135.1666162904
 10
175426.2815966837
 20
418137.1316145368
  0
LWPOLYLINE
  5
16D5
330
1F
100
AcDbEntity
  8
d_line
  6
Continuous
 62
     8
100
AcDbPolyline
 90
        2
 70
     0
 43
0.0
 10
175417.3375224626
 20
418145.2441796226
 10
175415.1154268995
 20
418147.259692289
  0
LWPOLYLINE
  5
16D6
330
1F
100
AcDbEntity
  8
d_line
  6
Continuous
 62
     8
100
AcDbPolyline
 90
        2
 70
     0
 43
0.0
 10
175454.5538732598
 20
418129.7137825477
 10
175452.538360594
 20
418127.4916869852
  0
LWPOLYLINE
  5
16D7
330
1F
100
AcDbEntity
  8
d_line
  6
Continuous
 62
     8
100
AcDbPolyline
 90
        2
 70
     0
 43
0.0
 10
175409.5005993594
 20
418175.3038309227
 10
175407.4850866928
 20
418173.0817353595
  0
LWPOLYLINE
  5
16D8
330
1F
100
AcDbEntity
  8
d_line
  6
Continuous
 62
     8
100
AcDbPolyline
 90
       11
 70
   129
 43
0.0
 10
175580.0357620275
 20
418015.8976441143
 10
175446.4061895285
 20
418137.1039956578
 42
0.4142135623736559
 10
175425.218148381
 20
418136.0710811746
 10
175409.4299658251
 20
418118.6646659281
 42
0.4142135623728044
 10
175410.2562974117
 20
418101.7142330101
 10
175610.2448982579
 20
417920.3180928776
 42
0.4142135624214559
 10
175627.1953311773
 20
417921.1444244655
 10
175640.9680010646
 20
417936.3287441516
 42
0.4142135623253147
 10
175639.9350865797
 20
417957.5167852973
 10
175628.0619996298
 20
417968.2860598211
 10
175592.8342197814
 20
418000.2387974417
  0
LWPOLYLINE
  5
16D9
330
1F
100
AcDbEntity
  8
d_line
  6
Continuous
 62
     8
100
AcDbPolyline
 90
        2
 70
     0
 43
0.0
 10
175983.6192001738
 20
417645.7841596993
 10
176162.8682420933
 20
417483.1994714257
  0
LWPOLYLINE
  5
16DA
330
1F
100
AcDbEntity
  8
d_line
  6
Continuous
 62
     8
100
AcDbPolyline
 90
        2
 70
     0
 43
0.0
 10
175984.9628752847
 20
417647.2655567414
 10
176164.2119172042
 20
417484.6808684677
  0
LWPOLYLINE
  5
16DB
330
1F
100
AcDbEntity
  8
d_line
  6
Continuous
 62
     8
100
AcDbPolyline
 90
        4
 70
     0
 43
0.0
 10
176016.5392403923
 20
417682.0783872293
 10
176058.6209476585
 20
417643.9089153892
 10
176071.4194054123
 20
417628.2500687168
 10
176193.7727696451
 20
417517.2716033927
  0
LWPOLYLINE
  5
16DC
330
1F
100
AcDbEntity
  8
d_line
  6
Continuous
 62
     8
100
AcDbPolyline
 90
        4
 70
     0
 43
0.0
 10
176015.1955652813
 20
417680.5969901871
 10
176057.1667858006
 20
417642.5277334061
 10
176069.9652435543
 20
417626.8688867336
 10
176192.4290945343
 20
417515.7902063507
  0
LWPOLYLINE
  5
16DD
330
1F
100
AcDbEntity
  8
d_line
  6
Continuous
 62
     8
100
AcDbPolyline
 90
        2
 70
     0
 43
0.0
 10
176162.8682420933
 20
417483.1994714257
 10
176164.8837547601
 20
417485.421566989
  0
LWPOLYLINE
  5
16DE
330
1F
100
AcDbEntity
  8
d_line
  6
Continuous
 62
     8
100
AcDbPolyline
 90
        2
 70
     0
 43
0.0
 10
176191.757256979
 20
417515.04950783
 10
176193.7727696451
 20
417517.2716033927
  0
LWPOLYLINE
  5
16DF
330
1F
100
AcDbEntity
  8
d_line
  6
Continuous
 62
     8
100
AcDbPolyline
 90
        2
 70
     0
 43
0.0
 10
176065.169115716
 20
418418.3065458082
 10
176067.6916343402
 20
418416.682692431
  0
LWPOLYLINE
  5
16E0
330
1F
100
AcDbEntity
  8
d_line
  6
Continuous
 62
     8
100
AcDbPolyline
 90
        2
 70
     0
 43
0.0
 10
176085.3492647095
 20
418405.3157187906
 10
176087.8717833338
 20
418403.6918654135
  0
LWPOLYLINE
  5
16E1
330
1F
100
AcDbEntity
  8
d_line
  6
Continuous
 62
     8
100
AcDbPolyline
 90
        2
 70
     0
 43
0.0
 10
176072.6581866474
 20
418430.135535529
 10
176075.1808062666
 20
418428.511617137
  0
LWPOLYLINE
  5
16E2
330
1F
100
AcDbEntity
  8
d_line
  6
Continuous
 62
     8
100
AcDbPolyline
 90
        2
 70
     0
 43
0.0
 10
176092.8391436016
 20
418417.1441883925
 10
176095.3617632209
 20
418415.5202700006
  0
LWPOLYLINE
  5
16E3
330
1F
100
AcDbEntity
  8
d_line
  6
Continuous
 62
     8
100
AcDbPolyline
 90
        8
 70
     0
 43
0.0
 10
176111.8657236952
 20
417873.5058890387
 10
176114.8285176816
 20
417870.8185389072
 42
-0.4142135624243898
 10
176115.6548492726
 20
417853.8681059879
 10
176092.9249486788
 20
417828.8084712276
 10
176081.7102939557
 20
417811.9789893703
 10
175993.6985360638
 20
417714.9463385875
 42
-0.4142135623759859
 10
175972.5104949162
 20
417713.9134241044
 10
175849.1841913305
 20
417825.7743769428
  0
LWPOLYLINE
  5
16E4
330
1F
100
AcDbEntity
  8
d_line
  6
Continuous
 62
     8
100
AcDbPolyline
 90
       11
 70
     0
 43
0.0
 10
175718.6126998505
 20
417623.3321034244
 10
175717.0495643923
 20
417620.8201224772
 42
0.4052713666469733
 10
175720.589010017
 20
417604.4906036253
 42
-0.0124298381968184
 10
175741.3590071072
 20
417589.9084091557
 10
175755.2611859401
 20
417575.4103431875
 42
-0.0151725373217244
 10
175778.6867711265
 20
417555.4238281242
 10
175806.1560815432
 20
417530.5082736346
 42
0.4142135623736559
 10
175827.3441226907
 20
417531.5411881178
 10
175946.6699071829
 20
417663.0974421153
 42
0.4142135623728141
 10
175945.6369926997
 20
417684.2854832631
 10
175822.3106891122
 20
417796.1464361027
  0
LWPOLYLINE
  5
16E5
330
1F
100
AcDbEntity
  8
d_line
  6
Continuous
 62
     8
100
AcDbPolyline
 90
        2
 70
     0
 43
0.0
 10
176716.5203340347
 20
418127.6164891668
 10
176624.1676923167
 20
418211.3833272146
  0
LWPOLYLINE
  5
16E6
330
1F
100
AcDbEntity
  8
d_line
  6
ByBlock
 62
     8
100
AcDbPolyline
 90
        2
 70
     0
 43
0.0
 10
175937.1790021113
 20
418791.3018636643
 10
175963.7754384786
 20
418767.1780342167
  0
LWPOLYLINE
  5
16E7
330
1F
100
AcDbEntity
  8
d_line
  6
Continuous
 62
     8
100
AcDbPolyline
 90
        4
 70
     0
 43
0.0
 10
175742.7596095991
 20
418929.3919610078
 42
-0.2562869483528059
 10
175752.3518859934
 20
418935.8139517362
 42
0.1095095175805541
 10
175761.2248534401
 20
418938.6203892055
 42
-0.2562869483531804
 10
175772.7654346986
 20
418938.8825257325
  0
LWPOLYLINE
  5
16E8
330
1F
100
AcDbEntity
  8
d_line
  6
Continuous
 62
     8
100
AcDbPolyline
 90
        4
 70
     0
 43
0.0
 10
175744.7316395898
 20
418930.6213534925
 42
-0.2081067255034956
 10
175752.4399565973
 20
418934.8178375015
 42
0.1095095175802694
 10
175761.7256202043
 20
418937.7548069461
 42
-0.2111623931035348
 10
175770.5680763151
 20
418938.7159733064
 42
-0.2111623931035348
  0
LWPOLYLINE
  5
16E9
330
1F
100
AcDbEntity
  8
d_line
  6
Continuous
 62
     8
100
AcDbPolyline
 90
        4
 70
     0
 43
0.0
 10
175746.5434898626
 20
418929.6802401334
 42
-0.1973682021461443
 10
175752.616097805
 20
418932.8256090319
 42
0.1095095175805424
 10
175762.7271537326
 20
418936.0236424271
 42
-0.2011174509110762
 10
175769.6293877842
 20
418936.9087913617
 42
-0.2011174509110762
  0
LWPOLYLINE
  5
16EA
330
1F
100
AcDbEntity
  8
d_line
  6
Continuous
 62
     8
100
AcDbPolyline
 90
        2
 70
   128
 43
0.0
 10
175752.309795857
 20
418985.9082574095
 10
175755.205391816
 20
418984.9856024924
  0
LWPOLYLINE
  5
16EB
330
1F
100
AcDbEntity
  8
d_line
  6
Continuous
 62
     8
100
AcDbPolyline
 90
        2
 70
   128
 43
0.0
 10
175766.7779253191
 20
418981.2981215417
 10
175769.6364572004
 20
418980.3872767508
  0
LWPOLYLINE
  5
16EC
330
1F
100
AcDbEntity
  8
d_line
  6
Continuous
 62
     8
100
AcDbPolyline
 90
        2
 70
   128
 43
0.0
 10
175769.6364572004
 20
418980.3872767508
 42
-0.0018580901508585
 10
175769.2732224721
 20
418979.2237541244
  0
LWPOLYLINE
  5
16ED
330
1F
100
AcDbEntity
  8
d_line
  6
Continuous
 62
     8
100
AcDbPolyline
 90
        7
 70
   128
 43
0.0
 10
176290.5749041815
 20
419328.2766413587
 10
176221.6590755219
 20
419252.2971847963
 10
176210.4467162899
 20
419235.4702333878
 10
176156.7874755888
 20
419176.3111109144
 42
0.4142135623779436
 10
176157.8203900722
 20
419155.1230697667
 10
176307.8118405826
 20
419019.0759647855
 42
0.4142135623652174
 10
176328.9998817299
 20
419020.1088792689
  0
LWPOLYLINE
  5
16EE
330
1F
100
AcDbEntity
  8
d_line
  6
Continuous
 62
     8
100
AcDbPolyline
 90
        2
 70
   128
 43
0.0
 10
176141.2310340814
 20
419132.3679985123
 10
176143.9183843037
 20
419135.3307925967
  0
LWPOLYLINE
  5
16EF
330
1F
100
AcDbEntity
  8
d_line
  6
Continuous
 62
     8
100
AcDbPolyline
 90
        2
 70
   128
 43
0.0
 10
176160.0424856382
 20
419153.1075571047
 10
176162.7298358568
 20
419156.0703511851
  0
LWPOLYLINE
  5
16F0
330
1F
100
AcDbEntity
  8
d_line
  6
Continuous
 62
     8
100
AcDbPolyline
 90
        4
 70
   128
 43
0.0
 10
176409.691310983
 20
419074.0922001054
 10
176393.6227734952
 20
419056.3766945411
 10
176377.9639268226
 20
419043.5782367872
 10
176343.3248239166
 20
419005.3887487436
  0
LWPOLYLINE
  5
16F1
330
1F
100
AcDbEntity
  8
d_line
  6
Continuous
 62
     8
100
AcDbPolyline
 90
        4
 70
     0
 43
0.0
 10
176407.8395646803
 20
419075.771793994
 10
176391.8962960167
 20
419058.194396864
 10
176376.2374493443
 20
419045.3959391101
 10
176341.472289974
 20
419007.0674742618
  0
LWPOLYLINE
  5
16F2
330
1F
100
AcDbEntity
  8
d_line
  6
Continuous
 62
     8
100
AcDbPolyline
 90
        6
 70
   128
 43
0.0
 10
176431.7590176962
 20
419072.3738051365
 10
176425.0927310062
 20
419078.4203431358
 42
0.4142135623593925
 10
176408.1422980886
 20
419077.5940115488
 10
176391.2057050253
 20
419058.9214777928
 10
176375.5468583531
 20
419046.1230200393
 10
176341.5917565908
 20
419008.6876408297
  0
LWPOLYLINE
  5
16F3
330
1F
100
AcDbEntity
  8
d_line
  6
Continuous
 62
     8
100
AcDbPolyline
 90
        2
 70
   128
 43
0.0
 10
176409.691310983
 20
419074.0922001054
 10
176407.0988661594
 20
419076.4436315492
  0
LWPOLYLINE
  5
16F4
330
1F
100
AcDbEntity
  8
d_line
  6
Continuous
 62
     8
100
AcDbPolyline
 90
        4
 70
   128
 43
0.0
 10
176387.4703553523
 20
419094.2473267695
 10
176364.6834423104
 20
419069.124835996
 10
176353.4687867639
 20
419052.2953529089
 10
176325.5404980676
 20
419021.5045137195
  0
LWPOLYLINE
  5
16F5
330
1F
100
AcDbEntity
  8
d_line
  6
Continuous
 62
     8
100
AcDbPolyline
 90
        4
 70
     0
 43
0.0
 10
176389.3221016548
 20
419092.5677328809
 10
176366.6604574371
 20
419067.5833505413
 10
176355.4458018907
 20
419050.7538674546
 10
176327.3699370222
 20
419019.8003260589
  0
LWPOLYLINE
  5
16F6
330
1F
100
AcDbEntity
  8
d_line
  6
Continuous
 62
     8
100
AcDbPolyline
 90
        2
 70
   128
 43
0.0
 10
176390.0628001758
 20
419091.8958953253
 10
176387.4703553523
 20
419094.2473267695
  0
LWPOLYLINE
  5
16F7
330
1F
100
AcDbEntity
  8
d_line
  6
Continuous
 62
     8
100
AcDbPolyline
 90
        6
 70
   128
 43
0.0
 10
176383.6136138281
 20
419116.0432462432
 10
176390.2799005186
 20
419109.9967082425
 42
-0.4142135623644346
 10
176391.106232105
 20
419093.0462753247
 10
176367.4512634877
 20
419066.9667563596
 10
176356.2366079413
 20
419050.1372732727
 10
176328.9998817308
 20
419020.1088792699
  0
LWPOLYLINE
  5
16F8
330
1F
100
AcDbEntity
  8
d_line
  6
Continuous
 62
     8
100
AcDbPolyline
 90
        2
 70
   128
 43
0.0
 10
176325.5404980676
 20
419021.5045137195
 10
176328.0580817517
 20
419019.1592946904
  0
LWPOLYLINE
  5
16F9
330
1F
100
AcDbEntity
  8
d_line
  6
Continuous
 62
     8
100
AcDbPolyline
 90
        5
 70
   128
 43
0.0
 10
176468.5417493596
 20
419148.6495573992
 10
176457.327093813
 20
419131.8200743121
 10
176433.6721251968
 20
419105.740555348
 42
0.4142135623854811
 10
176434.4984567837
 20
419088.7901224296
 10
176441.1647434729
 20
419082.7435844309
  0
LWPOLYLINE
  5
16FA
330
1F
100
AcDbEntity
  8
d_line
  6
Continuous
 62
     8
100
AcDbPolyline
 90
        2
 70
   128
 43
0.0
 10
176417.1025589874
 20
419126.9167261331
 10
176419.695003811
 20
419124.5652946888
  0
LWPOLYLINE
  5
16FB
330
1F
100
AcDbEntity
  8
d_line
  6
Continuous
 62
     8
100
AcDbPolyline
 90
        2
 70
   128
 43
0.0
 10
176436.7310697945
 20
419109.1130309128
 10
176439.3235146182
 20
419106.7615994688
  0
LWPOLYLINE
  5
16FC
330
1F
100
AcDbEntity
  8
d_line
  6
Continuous
 62
     8
100
AcDbPolyline
 90
        3
 70
   128
 43
0.0
 10
176471.3095705369
 20
419146.4914777628
 10
176460.0949149903
 20
419129.6619946757
 10
176439.3235146182
 20
419106.7615994688
  0
LWPOLYLINE
  5
16FD
330
1F
100
AcDbEntity
  8
d_line
  6
Continuous
 62
     8
100
AcDbPolyline
 90
        3
 70
     0
 43
0.0
 10
176469.3325554102
 20
419148.0329632173
 10
176458.1178998636
 20
419131.2034801303
 10
176437.4717683156
 20
419108.4411933576
  0
LWPOLYLINE
  5
16FE
330
1F
100
AcDbEntity
  8
d_line
  6
Continuous
 62
     8
100
AcDbPolyline
 90
        4
 70
   128
 43
0.0
 10
176485.9585827033
 20
418881.3239578512
 10
176528.3117948614
 20
418928.0182239886
 10
176543.9706415321
 20
418940.8166817455
 10
176557.073544566
 20
418955.262585852
  0
LWPOLYLINE
  5
16FF
330
1F
100
AcDbEntity
  8
d_line
  6
Continuous
 62
     8
100
AcDbPolyline
 90
        4
 70
     0
 43
0.0
 10
176484.1060487606
 20
418883.0026833695
 10
176526.5853173826
 20
418929.8359263111
 10
176542.2441640533
 20
418942.6343840679
 10
176555.2217982632
 20
418956.9421797403
  0
LWPOLYLINE
  5
1700
330
1F
100
AcDbEntity
  8
d_line
  6
Continuous
 62
     8
100
AcDbPolyline
 90
        5
 70
   128
 43
0.0
 10
176525.8947263914
 20
418930.5630072403
 10
176541.5535730618
 20
418943.3614649971
 10
176557.5400443381
 20
418960.9864928597
 42
-0.4142135624186416
 10
176574.4904772574
 20
418961.8128244481
 10
176579.8605415337
 20
418956.9420021725
  0
LWPOLYLINE
  5
1701
330
1F
100
AcDbEntity
  8
d_line
  6
Continuous
 62
     8
100
AcDbPolyline
 90
        2
 70
   128
 43
0.0
 10
176557.0735445661
 20
418955.262585852
 10
176554.481099742
 20
418957.6140172958
  0
LWPOLYLINE
  5
1702
330
1F
100
AcDbEntity
  8
d_line
  6
Continuous
 62
     8
100
AcDbPolyline
 90
        2
 70
   128
 43
0.0
 10
176584.6902355295
 20
418985.7098896568
 10
176582.0977907056
 20
418988.0613211005
  0
LWPOLYLINE
  5
1703
330
1F
100
AcDbEntity
  8
d_line
  6
Continuous
 62
     8
100
AcDbPolyline
 90
        5
 70
   128
 43
0.0
 10
176612.9583484843
 20
419026.5503417008
 10
176601.7436929405
 20
419009.7208586119
 10
176579.0388461096
 20
418984.6888455363
 42
0.4142135623417702
 10
176579.865177698
 20
418967.7384126193
 10
176585.2352419774
 20
418962.867590341
  0
LWPOLYLINE
  5
1704
330
1F
100
AcDbEntity
  8
d_line
  6
Continuous
 62
     8
100
AcDbPolyline
 90
        3
 70
   128
 43
0.0
 10
176615.726169662
 20
419024.3922620649
 10
176604.5115141182
 20
419007.5627789759
 10
176584.6902355295
 20
418985.7098896568
  0
LWPOLYLINE
  5
1705
330
1F
100
AcDbEntity
  8
d_line
  6
Continuous
 62
     8
100
AcDbPolyline
 90
        3
 70
     0
 43
0.0
 10
176613.7491545352
 20
419025.9337475192
 10
176602.5344989913
 20
419009.1042644302
 10
176582.8384892267
 20
418987.3894835452
  0
LWPOLYLINE
  5
1706
330
1F
100
AcDbEntity
  8
d_line
  6
Continuous
 62
     8
100
AcDbPolyline
 90
        3
 70
     0
 43
0.0
 10
176920.1467698337
 20
418740.8175941135
 10
176904.4879231625
 20
418728.0191363565
 10
176891.3850201291
 20
418713.5732322506
  0
LWPOLYLINE
  5
1707
330
1F
100
AcDbEntity
  8
d_line
  6
Continuous
 62
     8
100
AcDbPolyline
 90
        3
 70
     0
 43
0.0
 10
176921.8732473124
 20
418738.9998917914
 10
176906.2144006412
 20
418726.201434034
 10
176893.236766432
 20
418711.8936383622
  0
LWPOLYLINE
  5
1708
330
1F
100
AcDbEntity
  8
d_line
  6
Continuous
 62
     8
100
AcDbPolyline
 90
        5
 70
   128
 43
0.0
 10
176922.5638383041
 20
418738.2728108624
 10
176906.9049916327
 20
418725.474353105
 10
176890.9185203565
 20
418707.849325242
 42
-0.4142135624042754
 10
176873.9680874377
 20
418707.0229936536
 10
176868.7853179452
 20
418711.7239334922
  0
LWPOLYLINE
  5
1709
330
1F
100
AcDbEntity
  8
d_line
  6
Continuous
 62
     8
100
AcDbPolyline
 90
        2
 70
     0
 43
0.0
 10
176863.7665955457
 20
418683.1240171358
 10
176866.3601430653
 20
418680.7738014101
  0
LWPOLYLINE
  5
170A
330
1F
100
AcDbEntity
  8
d_line
  6
Continuous
 62
     8
100
AcDbPolyline
 90
        5
 70
   128
 43
0.0
 10
176835.5002162105
 20
418642.285476401
 10
176846.7148717547
 20
418659.1149594904
 10
176869.4197185853
 20
418684.1469725655
 42
0.4142135623483288
 10
176868.5933869966
 20
418701.097405483
 10
176863.4106175018
 20
418705.7983453235
  0
LWPOLYLINE
  5
170B
330
1F
100
AcDbEntity
  8
d_line
  6
Continuous
 62
     8
100
AcDbPolyline
 90
        3
 70
     0
 43
0.0
 10
176863.7665955457
 20
418683.1240171358
 10
176843.9470505769
 20
418661.2730391264
 10
176832.732395033
 20
418644.4435560374
  0
LWPOLYLINE
  5
170C
330
1F
100
AcDbEntity
  8
d_line
  6
Continuous
 62
     8
100
AcDbPolyline
 90
        3
 70
     0
 43
0.0
 10
176865.6191294883
 20
418681.4452916174
 10
176845.9240657039
 20
418659.7315536721
 10
176834.7094101599
 20
418642.9020705829
  0
LWPOLYLINE
  5
170D
330
1F
100
AcDbEntity
  8
d_line
  6
Continuous
 62
     8
100
AcDbPolyline
 90
        2
 70
   128
 43
0.0
 10
176041.3347076151
 20
419046.7921613158
 10
176039.1126120519
 20
419048.807673982
  0
LWPOLYLINE
  5
170E
330
1F
100
AcDbEntity
  8
d_line
  6
Continuous
 62
     8
100
AcDbPolyline
 90
        2
 70
   128
 43
0.0
 10
176021.3358475474
 20
419064.9317753137
 10
176019.1137519844
 20
419066.9472879802
  0
LWPOLYLINE
  5
170F
330
1F
100
AcDbEntity
  8
d_line
  6
Continuous
 62
     8
100
AcDbPolyline
 90
        2
 70
   128
 43
0.0
 10
176028.519477761
 20
419077.3170672745
 10
176030.7415733241
 20
419075.3015546081
  0
LWPOLYLINE
  5
1710
330
1F
100
AcDbEntity
  8
d_line
  6
Continuous
 62
     8
100
AcDbPolyline
 90
        2
 70
   128
 43
0.0
 10
176048.5183378287
 20
419059.1774532767
 10
176050.7404333918
 20
419057.1619406102
  0
LWPOLYLINE
  5
1711
330
1F
100
AcDbEntity
  8
d_line
 62
     8
100
AcDbPolyline
 90
        4
 70
     0
 43
0.0
 10
174691.9968701565
 20
417832.0718804672
 42
-0.1380337225522138
 10
174693.7612999093
 20
417840.5594063336
 10
174699.453746225
 20
417851.5122963856
 42
-0.414213562372358
 10
174721.0293613946
 20
417858.3308614879
  0
LWPOLYLINE
  5
1712
330
1F
100
AcDbEntity
  8
d_line
  6
Continuous
 62
     8
100
AcDbPolyline
 90
        2
 70
     0
 43
0.0
 10
176243.2490290768
 20
419083.0368343038
 10
176240.5616788545
 20
419080.0740402193
  0
LWPOLYLINE
  5
1713
330
1F
100
AcDbEntity
  8
d_line
  6
Continuous
 62
     8
100
AcDbPolyline
 90
        2
 70
     0
 43
0.0
 10
176231.3978527401
 20
419093.7862351911
 10
176228.7105025179
 20
419090.8234411065
  0
LWPOLYLINE
  5
1714
330
1F
100
AcDbEntity
  8
d_line
  6
Continuous
 62
     8
100
AcDbPolyline
 90
        2
 70
     0
 43
0.0
 10
176221.7502273016
 20
419059.3344816309
 10
176224.4375775235
 20
419062.2972757153
  0
LWPOLYLINE
  5
1715
330
1F
100
AcDbEntity
  8
d_line
  6
Continuous
 62
     8
100
AcDbPolyline
 90
        2
 70
     0
 43
0.0
 10
176209.8990509649
 20
419070.0838825183
 10
176212.586401187
 20
419073.0466766027
  0
LWPOLYLINE
  5
1716
330
1F
100
AcDbEntity
  8
d_line
  6
Continuous
 62
     8
100
AcDbPolyline
 90
        2
 70
   128
 43
0.0
 10
175595.372104175
 20
418763.2280242911
 42
0.2048178935330985
 10
175683.1100640535
 20
418817.1889321703
 42
0.2048178935330985
  0
LWPOLYLINE
  5
1717
330
1F
100
AcDbEntity
  8
d_line
  6
Continuous
 62
     8
100
AcDbPolyline
 90
        5
 70
   128
 43
0.0
 10
175683.2417060634
 20
418817.3480454761
 10
175695.871130754
 20
418832.6130016981
 10
175706.775822938
 20
418853.6069333147
 42
-0.4142135623985946
 10
175722.9563266684
 20
418858.7246768659
 10
175726.2841778049
 20
418856.9961205884
  0
LWPOLYLINE
  5
1718
330
1F
100
AcDbEntity
  8
d_line
  6
Continuous
 62
     8
100
AcDbPolyline
 90
        4
 70
   128
 43
0.0
 10
175742.7596095991
 20
418929.3919610078
 10
175718.8638889316
 20
418883.3874413789
 42
0.4142135623455525
 10
175723.9816324823
 20
418867.20693765
 10
175729.9717645317
 20
418864.0955363485
  0
LWPOLYLINE
  5
1719
330
1F
100
AcDbEntity
  8
d_line
  6
Continuous
 62
     8
100
AcDbPolyline
 90
        2
 70
   128
 43
0.0
 10
175718.0909383777
 20
418881.5352216693
 10
175720.6042731603
 20
418880.2297424166
  0
LWPOLYLINE
  5
171A
330
1F
100
AcDbEntity
  8
d_line
  6
Continuous
 62
     8
100
AcDbPolyline
 90
        2
 70
   128
 43
0.0
 10
175707.8466657473
 20
418855.3044214857
 10
175710.3600005298
 20
418853.998942233
  0
LWPOLYLINE
  5
171B
330
1F
100
AcDbEntity
  8
d_line
  6
ByBlock
 62
     8
100
AcDbPolyline
 90
        2
 70
     0
 43
0.0
 10
175939.7535908264
 20
418794.1403385873
 10
175937.1790021113
 20
418791.3018636644
  0
LWPOLYLINE
  5
171C
330
1F
100
AcDbEntity
  8
d_line
  6
ByBlock
 62
     8
100
AcDbPolyline
 90
        2
 70
     0
 43
0.0
 10
175919.014010306
 20
418812.9517659613
 10
175916.4394215909
 20
418810.1132910381
  0
LWPOLYLINE
  5
171D
330
1F
100
AcDbEntity
  8
d_line
  6
Continuous
 62
     8
100
AcDbPolyline
 90
        3
 70
   128
 43
0.0
 10
175710.3600005298
 20
418853.998942233
 10
175698.3861864922
 20
418830.9467158286
 10
175685.5531599178
 20
418815.4356697078
  0
LWPOLYLINE
  5
171E
330
1F
100
AcDbEntity
  8
d_line
  6
Continuous
 62
     8
100
AcDbPolyline
 90
        3
 70
   128
 43
0.0
 10
175708.5851465897
 20
418854.9208389146
 10
175696.7094826667
 20
418832.0575730749
 10
175684.0121906815
 20
418816.7105868867
  0
LWPOLYLINE
  5
171F
330
1F
100
AcDbEntity
  8
d_line
  6
Continuous
 62
     8
100
AcDbPolyline
 90
        4
 70
   128
 43
0.0
 10
175569.4629747756
 20
418739.6219363288
 42
-0.0632056423914263
 10
175562.295737896
 20
418718.3872030804
 42
0.367293710672135
 10
175566.1726311396
 20
418703.34432302
 10
175571.5526830247
 20
418699.5474076993
  0
LWPOLYLINE
  5
1720
330
1F
100
AcDbEntity
  8
d_line
  6
Continuous
 62
     8
100
AcDbPolyline
 90
        2
 70
     0
 43
0.0
 10
175550.2018070857
 20
418693.7589052461
 10
175549.6277921101
 20
418694.2795554254
  0
LWPOLYLINE
  5
1721
330
1F
100
AcDbEntity
  8
d_line
  6
Continuous
 62
     8
100
AcDbPolyline
 90
        2
 70
     0
 43
0.0
 10
175561.5736395261
 20
418716.5145727496
 10
175562.3223166385
 20
418716.151293071
  0
LWPOLYLINE
  5
1722
330
1F
100
AcDbEntity
  8
d_line
  6
Continuous
 62
     8
100
AcDbPolyline
 90
        6
 70
   128
 43
0.0
 10
175881.8852847966
 20
418850.9055953046
 10
175887.3598583276
 20
418845.9399797484
 10
175900.1584553443
 20
418830.2809626886
 10
175917.6453747706
 20
418814.4197602335
 42
-0.41421356239581
 10
175918.4717063565
 20
418797.4693273146
 10
175913.9368028573
 20
418792.469612299
  0
LWPOLYLINE
  5
1723
330
1F
100
AcDbEntity
  8
d_line
  6
Continuous
 62
     8
100
AcDbPolyline
 90
        2
 70
   128
 43
0.0
 10
175919.8623910249
 20
418787.0949118543
 10
175924.3973164578
 20
418792.0946510518
  0
LWPOLYLINE
  5
1724
330
1F
100
AcDbEntity
  8
d_line
  6
Continuous
 62
     8
100
AcDbPolyline
 90
        2
 70
   128
 43
0.0
 10
175924.397316458
 20
418792.0946510518
 42
-0.4142135623453171
 10
175941.3477493753
 20
418792.9209826376
  0
LWPOLYLINE
  5
1725
330
1F
100
AcDbEntity
  8
d_line
  6
Continuous
 62
     8
100
AcDbPolyline
 90
        2
 70
   128
 43
0.0
 10
175941.3477493751
 20
418792.9209826372
 10
175966.2418152051
 20
418770.34125842
  0
LWPOLYLINE
  5
1726
330
1F
100
AcDbEntity
  8
d_line
  6
Continuous
 62
     8
100
AcDbPolyline
 90
       16
 70
   128
 43
0.0
 10
176670.8799099176
 20
418490.1891599532
 10
176674.0278785848
 20
418487.3338503856
 42
0.4142135623984502
 10
176690.9783115035
 20
418488.1601819743
 10
176706.9898365476
 20
418505.8128315274
 10
176722.64868322
 20
418518.6112892857
 10
176756.2341615433
 20
418555.6391599654
 42
0.4142135623812719
 10
176755.2012470598
 20
418576.8272011133
 10
176708.9239438503
 20
418618.802214399
 10
176696.1254860956
 20
418634.4610610717
 10
176466.8629394975
 20
418842.4096184006
 42
0.4142135624133207
 10
176445.6748983486
 20
418841.3767039153
 10
176412.6422818514
 20
418804.9583614254
 10
176401.4276263074
 20
418788.1288783359
 10
176378.6977257116
 20
418763.0692435734
 42
0.4142135623460284
 10
176379.5240573001
 20
418746.1188106564
 10
176382.3016767554
 20
418743.5994198225
  0
LWPOLYLINE
  5
1727
330
1F
100
AcDbEntity
  8
d_line
  6
Continuous
 62
     8
100
AcDbPolyline
 90
        2
 70
     0
 43
0.0
 10
176377.4783697622
 20
418761.4750850246
 10
176379.5761461645
 20
418759.5723338654
  0
LWPOLYLINE
  5
1728
330
1F
100
AcDbEntity
  8
d_line
  6
Continuous
 62
     8
100
AcDbPolyline
 90
        2
 70
     0
 43
0.0
 10
176102.0430602137
 20
418431.4123023347
 10
176104.4380742244
 20
418429.9006688815
  0
LWPOLYLINE
  5
1729
330
1F
100
AcDbEntity
  8
d_line
  6
Continuous
 62
     8
100
AcDbPolyline
 90
        2
 70
     0
 43
0.0
 10
176116.9877466625
 20
418455.0904852666
 10
176119.3827606733
 20
418453.5788518132
  0
LWPOLYLINE
  5
172A
330
1F
100
AcDbEntity
  8
d_line
  6
Continuous
 62
     8
100
AcDbPolyline
 90
        2
 70
     0
 43
0.0
 10
176011.0732470428
 20
418353.2991950118
 10
176013.1710234455
 20
418351.3964438515
1001
AcDbBlockRepETag
1070
     1
1071
    13220
1005
0
  0
LWPOLYLINE
  5
172B
330
1F
100
AcDbEntity
  8
d_line
  6
Continuous
 62
     8
100
AcDbPolyline
 90
        2
 70
     0
 43
0.0
 10
176031.1921047191
 20
418335.0507392957
 10
176033.2798160165
 20
418333.1571175119
1001
AcDbBlockRepETag
1070
     1
1071
    13220
1005
0
  0
LWPOLYLINE
  5
172C
330
1F
100
AcDbEntity
  8
d_line
  6
Continuous
 62
     8
100
AcDbPolyline
 90
        2
 70
     0
 43
0.0
 10
175992.2617954931
 20
418332.55963642
 10
175994.3595718944
 20
418330.656885261
1001
AcDbBlockRepETag
1070
     1
1071
    13220
1005
0
  0
LWPOLYLINE
  5
172D
330
1F
100
AcDbEntity
  8
d_line
  6
Continuous
 62
     8
100
AcDbPolyline
 90
        2
 70
     0
 43
0.0
 10
176012.3849747221
 20
418314.3072609153
 10
176014.4827511239
 20
418312.4045097557
1001
AcDbBlockRepETag
1070
     1
1071
    13220
1005
0
  0
LWPOLYLINE
  5
172E
330
1F
100
AcDbEntity
  8
d_line
  6
Continuous
 62
     8
100
AcDbPolyline
 90
       10
 70
   128
 43
0.0
 10
176236.0001525448
 20
418008.8752018363
 10
176028.9585616729
 20
418196.6686324236
 10
176016.1601039188
 20
418212.3274790963
 10
175972.1048962726
 20
418252.2869797177
 42
-0.4142135623242098
 10
175971.0719817876
 20
418273.4750208634
 10
175979.2466087368
 20
418282.4875180718
 10
175994.9054554077
 20
418295.2859758289
 10
176010.9169804488
 20
418312.9386253785
 42
-0.4142135623964433
 10
176027.8674133674
 20
418313.7649569672
 10
176030.6450328203
 20
418311.2455661354
  0
LWPOLYLINE
  5
172F
330
1F
100
AcDbEntity
  8
d_line
  6
Continuous
 62
     8
100
AcDbPolyline
 90
        7
 70
   128
 43
0.0
 10
176120.5574919688
 20
418431.5519930632
 10
176117.3863067565
 20
418433.553513569
 42
0.4142135624032174
 10
176100.8336484495
 20
418429.8105865058
 10
176087.8119074019
 20
418409.1790953288
 42
-0.044627137537712
 10
176032.4496042174
 20
418336.6867520946
 42
0.4155963984560372
 10
176033.2377922563
 20
418319.6944649258
 10
176036.0197332639
 20
418317.1711543039
  0
LWPOLYLINE
  5
1730
330
1F
100
AcDbEntity
  8
d_line
  6
Continuous
 62
     8
100
AcDbPolyline
 90
        5
 70
   128
 43
0.0
 10
176376.9269763117
 20
418737.6738316539
 10
176374.1493568589
 20
418740.193222486
 42
0.4142135623975446
 10
176357.1989239402
 20
418739.3668908971
 10
176341.3666958903
 20
418721.911915644
 10
176331.0825496624
 20
418715.0390460564
  0
LWPOLYLINE
  5
1731
330
1F
100
AcDbEntity
  8
d_line
  6
Continuous
 62
     8
100
AcDbPolyline
 90
       10
 70
   128
 43
0.0
 10
176279.4992912168
 20
418516.2457869186
 10
176450.8819128904
 20
418360.7962004503
 10
176467.7367424934
 20
418349.5584351311
 10
176512.3540816823
 20
418309.0890629831
 42
0.4142135623943905
 10
176533.5421228306
 20
418310.1219774656
 10
176542.3636379046
 20
418319.8476665332
 10
176553.57829305
 20
418336.6771490244
 10
176576.3081936509
 20
418361.7367837924
 42
0.414213562348182
 10
176575.4818620623
 20
418378.6872167096
 10
176572.3338933467
 20
418381.5425263211
  0
LWPOLYLINE
  5
1732
330
1F
100
AcDbEntity
  8
d_line
  6
Continuous
 62
     8
100
AcDbPolyline
 90
        6
 70
   128
 43
0.0
 10
176577.7085937904
 20
418387.4681144895
 10
176580.8565624352
 20
418384.6128049423
 42
0.4142135623488442
 10
176597.8069953526
 20
418385.4391365295
 10
176669.4795097215
 20
418464.4578293047
 42
0.4142135623961023
 10
176668.6531781342
 20
418481.4082622235
 10
176665.5052094739
 20
418484.2635717848
  0
LWPOLYLINE
  5
1733
330
1F
100
AcDbEntity
  8
d_line
  6
Continuous
 62
     8
100
AcDbPolyline
 90
        3
 70
   128
 43
0.0
 10
176717.7988824396
 20
418121.0564965414
 10
176620.5186700801
 20
418209.2928008038
 10
176620.5186700801
 20
418209.2928008038
  0
LWPOLYLINE
  5
1734
330
1F
100
AcDbEntity
  8
d_line
  6
Continuous
 62
     8
100
AcDbPolyline
 90
        2
 70
   128
 43
0.0
 10
176714.6705514859
 20
418125.244071017
 10
176621.1905076355
 20
418210.033499325
  0
LWPOLYLINE
  5
1735
330
1F
100
AcDbEntity
  8
d_line
  6
Continuous
 62
     8
100
AcDbPolyline
 90
        2
 70
   128
 43
0.0
 10
176621.2179360705
 20
418208.6585438958
 10
176549.3701795307
 20
418273.8267867764
  0
LWPOLYLINE
  5
1736
330
1F
100
AcDbEntity
  8
d_line
  6
Continuous
 62
     8
100
AcDbPolyline
 90
        2
 70
   128
 43
0.0
 10
176548.7223091862
 20
418300.0658882177
 10
176562.4145858966
 20
418315.161574706
  0
LWPOLYLINE
  5
1737
330
1F
100
AcDbEntity
  8
d_line
  6
Continuous
 62
     8
100
AcDbPolyline
 90
        3
 70
   128
 43
0.0
 10
176478.6570512814
 20
417809.0286874094
 42
-0.4142135623730951
 10
176457.469010134
 20
417807.9957729262
 10
176275.9978726789
 20
417972.5959738402
  0
LWPOLYLINE
  5
1738
330
1F
100
AcDbEntity
  8
d_line
  6
Continuous
 62
     8
100
AcDbPolyline
 90
        2
 70
   128
 43
0.0
 10
176511.7712436331
 20
418259.3274695604
 10
176497.3599491945
 20
418243.4390685776
  0
LWPOLYLINE
  5
1739
330
1F
100
AcDbEntity
  8
d_line
  6
Continuous
 62
     8
100
AcDbPolyline
 90
        6
 70
   128
 43
0.0
 10
176368.3325862123
 20
417640.8821358874
 10
176365.1846174989
 20
417643.7374454972
 42
0.4142135623996995
 10
176348.2341845801
 20
417642.9111139095
 10
176288.5521812637
 20
417577.1119170099
 42
0.4142135623463231
 10
176289.3785128512
 20
417560.1614840927
 10
176292.5264815672
 20
417557.3061744805
  0
LWPOLYLINE
  5
173A
330
1F
100
AcDbEntity
  8
d_line
  6
Continuous
 62
     8
100
AcDbPolyline
 90
        7
 70
   128
 43
0.0
 10
175610.5008213868
 20
417663.8186785956
 42
0.0093894902792964
 10
175626.8432378896
 20
417655.4008309588
 10
175646.8631493583
 20
417645.559920401
 10
175662.9317215464
 20
417637.6613149581
 42
-0.0172863917458779
 10
175694.0437873248
 20
417621.0089529687
 42
0.4052713666005566
 10
175710.2572632861
 20
417625.0467814042
 10
175711.8203987458
 20
417627.5587623536
  0
LWPOLYLINE
  5
173B
330
1F
100
AcDbEntity
  8
d_line
  6
Continuous
 62
     8
100
AcDbPolyline
 90
       10
 70
   128
 43
0.0
 10
175054.4159691031
 20
417931.7924558747
 10
175082.897363749
 20
417968.2070673775
 10
175093.5574723904
 20
417986.705941804
 10
175130.4679754947
 20
418033.8975083578
 42
-0.4357392799597882
 10
175152.360789987
 20
418035.7667827871
 10
175173.0803980902
 20
418016.9734269706
 10
175185.8788558443
 20
418001.314580298
 10
175204.5790112853
 20
417984.3529334715
 42
-0.4142135623959077
 10
175205.4053428712
 20
417967.4025005528
 10
175202.885952039
 20
417964.6248811002
  0
LWPOLYLINE
  5
173C
330
1F
100
AcDbEntity
  8
d_line
 62
     8
100
AcDbPolyline
 90
        2
 70
     0
 43
0.0
 10
174980.0043233753
 20
418070.7051856486
 10
174982.3673736074
 20
418068.8569449713
  0
LWPOLYLINE
  5
173D
330
1F
100
AcDbEntity
  8
d_line
 62
     8
100
AcDbPolyline
 90
        2
 70
     0
 43
0.0
 10
174994.1826247676
 20
418059.6157415854
 10
174996.5456749995
 20
418057.7675009081
  0
LWPOLYLINE
  5
173E
330
1F
100
AcDbEntity
  8
d_line
 62
     8
100
AcDbPolyline
 90
        2
 70
     0
 43
0.0
 10
174972.1032269699
 20
418031.1139084408
 10
174974.3340720761
 20
418029.3690709365
  0
LWPOLYLINE
  5
173F
330
1F
100
AcDbEntity
  8
d_line
  6
Continuous
 62
     8
100
AcDbPolyline
 90
        5
 70
   128
 43
0.0
 10
174995.8603213281
 20
418035.3843093334
 10
174992.5126668317
 20
418038.0026502939
 42
-0.4142135623457392
 10
174990.453428613
 20
418054.8478139303
 10
174999.9084049633
 20
418066.9363824451
 42
-0.0721400066806152
 10
175023.9760591165
 20
418089.949764517
  0
LWPOLYLINE
  5
1740
330
1F
100
AcDbEntity
  8
d_line
  6
Continuous
 62
     8
100
AcDbPolyline
 90
        6
 70
   128
 43
0.0
 10
175948.4203340136
 20
417376.0967565682
 10
175948.5255198373
 20
417376.0213751399
 42
-0.0395704140807955
 10
175998.2768457756
 20
417316.784343519
 10
176008.4708157755
 20
417302.4896401686
 10
176017.6405702094
 20
417284.4642246777
 10
176026.4103303937
 20
417272.1666487296
  0
LWPOLYLINE
  5
1741
330
1F
100
AcDbEntity
  8
d_line
  6
Continuous
 62
     8
100
AcDbPolyline
 90
        6
 70
     0
 43
0.0
 10
175949.829975233
 20
417377.5470958246
 10
175949.829975233
 20
417377.5470958246
 42
-0.0396579849143013
 10
175999.9052029713
 20
417317.9455725417
 10
176010.1857806894
 20
417303.5294217434
 10
176019.3555351234
 20
417285.5040062525
 10
176028.0386875894
 20
417273.3278777521
  0
LWPOLYLINE
  5
1742
330
1F
100
AcDbEntity
  8
d_line
  6
Continuous
 62
     8
100
AcDbPolyline
 90
        2
 70
   128
 43
0.0
 10
175309.8503539166
 20
418309.5470404057
 42
0.0104451422887304
 10
175233.6932438867
 20
418375.7824519727
 42
0.0104451422887304
  0
LWPOLYLINE
  5
1743
330
1F
100
AcDbEntity
  8
d_line
  6
Continuous
 62
     8
100
AcDbPolyline
 90
        7
 70
   128
 43
0.0
 10
175231.4831126444
 20
418396.5450125428
 10
175249.0566904263
 20
418419.0135403528
 10
175263.741345173
 20
418432.9189678893
 10
175266.6697397874
 20
418436.6630384848
 42
0.0328507705675132
 10
175278.4210319852
 20
418453.9108703437
 42
-0.3870286152731353
 10
175293.8572994953
 20
418458.683276161
 10
175298.3487668261
 20
418456.5758986255
  0
LWPOLYLINE
  5
1744
330
1F
100
AcDbEntity
  8
d_line
  6
Continuous
 62
     8
100
AcDbPolyline
 90
       11
 70
   128
 43
0.0
 10
175459.9921893817
 20
418570.6732293906
 10
175455.5612343841
 20
418574.9684519818
 42
0.3902804332972512
 10
175442.0180347456
 20
418575.3158553087
 42
-0.0466488214189751
 10
175418.0911724473
 20
418558.0412425681
 10
175398.8798528674
 20
418551.6785399129
 42
-0.1014769740928685
 10
175337.6780937845
 20
418539.1281628056
 10
175312.2638918211
 20
418539.1281628056
 42
0.4014350738926006
 10
175300.2754136206
 20
418527.6538913373
 42
-0.0754372195129302
 10
175291.0589041225
 20
418480.8460487221
 42
0.3870286152745508
 10
175297.2546200934
 20
418465.9240074565
 10
175301.7460874234
 20
418463.8166299214
  0
LWPOLYLINE
  5
1745
330
1F
100
AcDbEntity
  8
d_line
  6
Continuous
 62
     8
100
AcDbPolyline
 90
        2
 70
   128
 43
0.0
 10
175279.4083388879
 20
418455.3392142909
 10
175281.8744961048
 20
418453.8806867634
  0
LWPOLYLINE
  5
1746
330
1F
100
AcDbEntity
  8
d_line
  6
Continuous
 62
     8
100
AcDbPolyline
 90
        2
 70
   128
 43
0.0
 10
175290.5914272839
 20
418479.1738027004
 10
175293.2893989194
 20
418478.2093427426
  0
LWPOLYLINE
  5
1747
330
1F
100
AcDbEntity
  8
d_line
  6
Continuous
 62
     8
100
AcDbPolyline
 90
        8
 70
   128
 43
0.0
 10
175543.4962754083
 20
418500.160769992
 10
175580.6862586498
 20
418541.162594554
 42
-0.4142135623736559
 10
175601.8742997974
 20
418542.1955090371
 10
175684.8330472718
 20
418466.9492374078
 42
-0.4142135623728533
 10
175685.865961755
 20
418445.7611962603
 10
175609.6411709326
 20
418361.7236348477
 42
-0.4142135623987714
 10
175592.6907380138
 20
418360.8973032618
 10
175589.5427693009
 20
418363.7526128718
  0
LWPOLYLINE
  5
1748
330
1F
100
AcDbEntity
  8
d_line
  6
Continuous
 62
     8
100
AcDbPolyline
 90
       12
 70
   128
 43
0.0
 10
175527.8410446298
 20
418487.3652676195
 10
175415.7693491702
 20
418363.8125235176
 10
175404.5457398854
 20
418346.9796160379
 10
175353.604542505
 20
418290.8048577631
 42
0.4141817264049548
 10
175354.6385523137
 20
418269.6180243397
 10
175439.8189224214
 20
418192.3566690064
 42
0.4142135623728533
 10
175461.006963569
 20
418193.3895834896
 10
175486.0543817207
 20
418221.0042731258
 10
175497.2784701818
 20
418237.8441559678
 10
175520.9586136057
 20
418263.9514300682
 42
0.4142135623453461
 10
175520.13228202
 20
418280.9018629853
 10
175514.7622177418
 20
418285.7726852642
  0
LWPOLYLINE
  5
1749
330
1F
100
AcDbEntity
  8
d_line
  6
Continuous
 62
     8
100
AcDbPolyline
 90
        6
 70
   128
 43
0.0
 10
175520.1369181865
 20
418291.6982734318
 10
175525.5069824623
 20
418286.8274511552
 42
0.4142135623987714
 10
175542.4574153811
 20
418287.6537827411
 10
175588.142369157
 20
418338.0212821746
 42
0.4142135623452971
 10
175587.3160375713
 20
418354.9717150919
 10
175581.9459732931
 20
418359.8425373707
  0
LWPOLYLINE
  5
174A
330
1F
100
AcDbEntity
  8
d_line
  6
Continuous
 62
     8
100
AcDbPolyline
 90
        2
 70
     0
 43
0.0
 10
176107.341488106
 20
417808.9797339929
 10
176105.1193925423
 20
417810.9952466598
  0
LWPOLYLINE
  5
174B
330
1F
100
AcDbEntity
  8
d_line
  6
Continuous
 62
     8
100
AcDbPolyline
 90
        2
 70
     0
 43
0.0
 10
176118.8028186553
 20
417817.4850131624
 10
176116.5123349762
 20
417819.5625560657
  0
LWPOLYLINE
  5
174C
330
1F
100
AcDbEntity
  8
d_line
  6
Continuous
 62
     8
100
AcDbPolyline
 90
        2
 70
     0
 43
0.0
 10
176090.1204191692
 20
417824.599801441
 10
176087.8734640879
 20
417826.6378624956
  0
LWPOLYLINE
  5
174D
330
1F
100
AcDbEntity
  8
d_line
  6
Continuous
 62
     8
100
AcDbPolyline
 90
        2
 70
     0
 43
0.0
 10
176098.9704495369
 20
417835.4736144746
 10
176096.7483539739
 20
417837.4891271411
  0
LWPOLYLINE
  5
174E
330
1F
100
AcDbEntity
  8
d_line
  6
ByBlock
 62
     8
100
AcDbPolyline
 90
        2
 70
     0
 43
0.0
 10
175648.1865725307
 20
417648.2522337384
 10
175646.8631493584
 20
417645.559920401
  0
LWPOLYLINE
  5
174F
330
1F
100
AcDbEntity
  8
d_line
  6
ByBlock
 62
     8
100
AcDbPolyline
 90
        2
 70
     0
 43
0.0
 10
175638.9226103241
 20
417629.4060403765
 10
175637.5991871517
 20
417626.7137270392
  0
LWPOLYLINE
  5
1750
330
1F
100
AcDbEntity
  8
d_line
  6
ByBlock
 62
     8
100
AcDbPolyline
 90
        2
 70
     0
 43
0.0
 10
175626.3584814162
 20
417635.5820151811
 10
175625.0350582438
 20
417632.8897018437
  0
LWPOLYLINE
  5
1751
330
1F
100
AcDbEntity
  8
d_line
  6
ByBlock
 62
     8
100
AcDbPolyline
 90
        2
 70
     0
 43
0.0
 10
175635.6224436229
 20
417654.4282085429
 10
175634.2990204505
 20
417651.7358952055
  0
LWPOLYLINE
  5
1752
330
1F
100
AcDbEntity
  8
d_line
  6
ByBlock
 62
     8
100
AcDbPolyline
 90
        2
 70
     0
 43
0.0
 10
175338.1092044238
 20
417859.1864913782
 10
175340.1247170902
 20
417861.4085869411
  0
LWPOLYLINE
  5
1753
330
1F
100
AcDbEntity
  8
d_line
  6
ByBlock
 62
     8
100
AcDbPolyline
 90
        2
 70
     0
 43
0.0
 10
175356.2488184216
 20
417879.1853514459
 10
175354.2333057552
 20
417876.9632558828
  0
LWPOLYLINE
  5
1754
330
1F
100
AcDbEntity
  8
d_line
  6
ByBlock
 62
     8
100
AcDbPolyline
 90
        2
 70
     0
 43
0.0
 10
175348.478983718
 20
417849.7807656015
 10
175350.4944963846
 20
417852.0028611646
  0
LWPOLYLINE
  5
1755
330
1F
100
AcDbEntity
  8
d_line
  6
ByBlock
 62
     8
100
AcDbPolyline
 90
        2
 70
     0
 43
0.0
 10
175366.6185977159
 20
417869.7796256692
 10
175364.6030850485
 20
417867.5575301049
  0
LWPOLYLINE
  5
1756
330
1F
100
AcDbEntity
  8
d_line
  6
ByBlock
 62
     8
100
AcDbPolyline
 90
        2
 70
     0
 43
0.0
 10
176610.5747478905
 20
418399.5155383644
 10
176608.3526523105
 20
418401.5310510463
  0
LWPOLYLINE
  5
1757
330
1F
100
AcDbEntity
  8
d_line
  6
ByBlock
 62
     8
100
AcDbPolyline
 90
        2
 70
     0
 43
0.0
 10
176617.7583780871
 20
418411.9008303404
 10
176619.9804736672
 20
418409.8853176588
  0
LWPOLYLINE
  5
1758
330
1F
100
AcDbEntity
  8
d_line
  6
ByBlock
 62
     8
100
AcDbPolyline
 90
        2
 70
     0
 43
0.0
 10
176358.9709723659
 20
418122.1232686503
 10
176361.1931584457
 20
418120.1078557781
  0
LWPOLYLINE
  5
1759
330
1F
100
AcDbEntity
  8
d_line
  6
ByBlock
 62
     8
100
AcDbPolyline
 90
        2
 70
     0
 43
0.0
 10
176374.5262749233
 20
418108.0153785457
 10
176376.7484610034
 20
418105.9999656731
  0
LWPOLYLINE
  5
175A
330
1F
100
AcDbEntity
  8
d_line
  6
ByBlock
 62
     8
100
AcDbPolyline
 90
        2
 70
     0
 43
0.0
 10
176386.1542436321
 20
418116.3698076466
 10
176383.9320575521
 20
418118.3852205192
  0
LWPOLYLINE
  5
175B
330
1F
100
AcDbEntity
  8
d_line
  6
ByBlock
 62
     8
100
AcDbPolyline
 90
        2
 70
     0
 43
0.0
 10
176370.5989410745
 20
418130.4776977518
 10
176368.3767549948
 20
418132.4931106241
  0
LWPOLYLINE
  5
175C
330
1F
100
AcDbEntity
  8
d_line
  6
ByBlock
 62
     8
100
AcDbPolyline
 90
        2
 70
     0
 43
0.0
 10
175564.8594624373
 20
418285.5597692908
 10
175562.6374370458
 20
418287.5753593211
  0
LWPOLYLINE
  5
175D
330
1F
100
AcDbEntity
  8
d_line
  6
ByBlock
 62
     8
100
AcDbPolyline
 90
        2
 70
     0
 43
0.0
 10
175551.5272399167
 20
418297.653232109
 10
175549.3052145251
 20
418299.6688221392
  0
LWPOLYLINE
  5
175E
330
1F
100
AcDbEntity
  8
d_line
  6
ByBlock
 62
     8
100
AcDbPolyline
 90
        2
 70
     0
 43
0.0
 10
175558.7109403075
 20
418310.03860144
 10
175560.932965699
 20
418308.0230114096
  0
LWPOLYLINE
  5
175F
330
1F
100
AcDbEntity
  8
d_line
  6
ByBlock
 62
     8
100
AcDbPolyline
 90
        2
 70
     0
 43
0.0
 10
175572.0431628281
 20
418297.9451386217
 10
175574.2651882196
 20
418295.9295485913
  0
LWPOLYLINE
  5
1760
330
1F
100
AcDbEntity
  8
d_line
  6
ByBlock
 62
     8
100
AcDbPolyline
 90
        2
 70
     0
 43
0.0
 10
176325.9764623523
 20
418704.9442377742
 10
176323.7543667893
 20
418706.9597504406
  0
LWPOLYLINE
  5
1761
330
1F
100
AcDbEntity
  8
d_line
  6
ByBlock
 62
     8
100
AcDbPolyline
 90
        2
 70
     0
 43
0.0
 10
176310.4217934108
 20
418719.0528264392
 10
176308.1996978478
 20
418721.0683391056
  0
LWPOLYLINE
  5
1762
330
1F
100
AcDbEntity
  8
d_line
  6
ByBlock
 62
     8
100
AcDbPolyline
 90
        2
 70
     0
 43
0.0
 10
176317.6054236226
 20
418731.4381184015
 10
176319.8275191856
 20
418729.4226057351
  0
LWPOLYLINE
  5
1763
330
1F
100
AcDbEntity
  8
d_line
  6
ByBlock
 62
     8
100
AcDbPolyline
 90
        2
 70
     0
 43
0.0
 10
176334.9952900034
 20
418717.6539207865
 10
176337.2857736825
 20
418715.5763778831
  0
LWPOLYLINE
  5
1764
330
1F
100
AcDbEntity
  8
d_line
  6
ByBlock
 62
     8
100
AcDbPolyline
 90
        2
 70
     0
 43
0.0
 10
175790.8901810761
 20
418070.3598597136
 10
175788.6680855126
 20
418072.3753723798
  0
LWPOLYLINE
  5
1765
330
1F
100
AcDbEntity
  8
d_line
  6
ByBlock
 62
     8
100
AcDbPolyline
 90
        2
 70
     0
 43
0.0
 10
175775.3355121325
 20
418084.4684483759
 10
175773.1134165691
 20
418086.4839610419
  0
LWPOLYLINE
  5
1766
330
1F
100
AcDbEntity
  8
d_line
  6
ByBlock
 62
     8
100
AcDbPolyline
 90
        2
 70
     0
 43
0.0
 10
175782.519142344
 20
418096.8537403379
 10
175784.7412379075
 20
418094.8382276718
  0
LWPOLYLINE
  5
1767
330
1F
100
AcDbEntity
  8
d_line
  6
ByBlock
 62
     8
100
AcDbPolyline
 90
        2
 70
     0
 43
0.0
 10
175798.0738112876
 20
418082.7451516758
 10
175800.2959068511
 20
418080.7296390096
  0
LWPOLYLINE
  5
1768
330
1F
100
AcDbEntity
  8
d_line
  6
Continuous
 62
     8
100
AcDbPolyline
 90
        2
 70
     0
 43
0.0
 10
175709.2555588524
 20
417340.322308586
 10
175707.2400461861
 20
417338.1002130227
  0
LWPOLYLINE
  5
1769
330
1F
100
AcDbEntity
  8
d_line
  6
Continuous
 62
     8
100
AcDbPolyline
 90
        3
 70
   128
 43
0.0
 10
176385.9990117122
 20
417711.3388926734
 10
176370.3401650405
 20
417698.5404349172
 10
176352.8346422981
 20
417679.2406582047
  0
LWPOLYLINE
  5
176A
330
1F
100
AcDbEntity
  8
d_line
  6
Continuous
 62
     8
100
AcDbPolyline
 90
        3
 70
     0
 43
0.0
 10
176387.380193695
 20
417709.8847308152
 10
176371.7213470234
 20
417697.0862730592
 10
176354.3160393404
 20
417677.8969830942
  0
LWPOLYLINE
  5
176B
330
1F
100
AcDbEntity
  8
d_line
  6
Continuous
 62
     8
100
AcDbPolyline
 90
        5
 70
   128
 43
0.0
 10
176336.3020113406
 20
417680.7355206036
 10
176339.4499800539
 20
417677.8802109939
 42
0.4142135624007029
 10
176356.4004129727
 20
417678.7065425815
 10
176372.4119380148
 20
417696.3591921301
 10
176388.0707846864
 20
417709.1576498861
  0
LWPOLYLINE
  5
176C
330
1F
100
AcDbEntity
  8
d_line
  6
Continuous
 62
     8
100
AcDbPolyline
 90
        6
 70
     0
 43
0.0
 10
176231.7607717485
 20
417950.6169178717
 10
176188.8749715353
 20
417903.3354753089
 10
176177.6603159916
 20
417886.5059922197
 10
176154.9304154056
 20
417861.4463574684
 42
0.4142135623502379
 10
176155.7567469943
 20
417844.495924551
 10
176158.9047157599
 20
417841.6406148943
  0
LWPOLYLINE
  5
176D
330
1F
100
AcDbEntity
  8
d_line
  6
Continuous
 62
     8
100
AcDbPolyline
 90
        6
 70
     0
 43
0.0
 10
176216.4126857048
 20
417960.4878983075
 10
176168.8240217228
 20
417908.0215651269
 10
176153.165176086
 20
417895.223108215
 10
176137.153651044
 20
417877.5704586644
 42
-0.4142135623161681
 10
176120.2032181278
 20
417876.7441270732
 10
176117.2404241369
 20
417879.4314772086
  0
LWPOLYLINE
  5
176E
330
1F
100
AcDbEntity
  8
d_line
  6
Continuous
 62
     8
100
AcDbPolyline
 90
        6
 70
     0
 43
0.0
 10
176153.5300153162
 20
417835.715026726
 10
176150.3820466988
 20
417838.5703362485
 42
0.4142135623984502
 10
176133.4316137801
 20
417837.7440046597
 10
176117.5993857302
 20
417820.2890294065
 10
176107.3152387591
 20
417813.4161593223
 10
176009.046622109
 20
417705.0753581531
  0
LWPOLYLINE
  5
176F
330
1F
100
AcDbEntity
  8
d_line
  6
Continuous
 62
     8
100
AcDbPolyline
 90
        3
 70
   128
 43
0.0
 10
176511.7712436331
 20
418259.3274695604
 42
-0.4142135623730951
 10
176532.9592847807
 20
418260.3603840436
 10
176741.7557652226
 20
418070.975211763
  0
LWPOLYLINE
  5
1770
330
1F
100
AcDbEntity
  8
d_line
  6
Continuous
 62
     8
100
AcDbPolyline
 90
        3
 70
     0
 43
0.0
 10
176337.2857736825
 20
418715.5763778831
 10
176343.340670506
 20
418719.6228505134
 10
176360.7646946145
 20
418738.8327752736
  0
LWPOLYLINE
  5
1771
330
1F
100
AcDbEntity
  8
d_line
  6
Continuous
 62
     8
100
AcDbPolyline
 90
        3
 70
     0
 43
0.0
 10
176335.7587845631
 20
418716.9614064855
 10
176342.0246874288
 20
418721.1488939338
 10
176359.2832975723
 20
418740.1764503843
  0
LWPOLYLINE
  5
1772
330
1F
100
AcDbEntity
  8
d_line
  6
Continuous
 62
     8
100
AcDbPolyline
 90
        3
 70
   128
 43
0.0
 10
175881.8852847966
 20
418850.9055953046
 42
0.4142135623731342
 10
175860.6972436491
 20
418849.8726808211
 10
175816.6918528271
 20
418801.3568935848
  0
LWPOLYLINE
  5
1773
330
1F
100
AcDbEntity
  8
d_line
  6
Continuous
 62
     8
100
AcDbPolyline
 90
        4
 70
   128
 43
0.0
 10
175816.6918528066
 20
418801.3568935679
 10
175621.6688626536
 20
418586.3447389206
 42
0.4142135623690661
 10
175622.701777137
 20
418565.1566977732
 10
175710.4745518785
 20
418485.5439474492
  0
LWPOLYLINE
  5
1774
330
1F
100
AcDbEntity
  8
d_line
  6
Continuous
 62
     8
100
AcDbPolyline
 90
       11
 70
   128
 43
0.0
 10
175368.8310585668
 20
418352.2373745915
 10
175384.5361334445
 20
418365.0950326486
 10
175494.4743318285
 20
418486.3015062715
 10
175505.688987375
 20
418503.1309893588
 10
175559.8094912364
 20
418562.7986528297
 42
0.4142135623728533
 10
175558.7765767532
 20
418583.9866939772
 10
175510.927146173
 20
418627.3876777234
 42
0.4142135623720506
 10
175489.7391050255
 20
418626.3547632402
 10
175460.8231353013
 20
418594.4750092221
 42
0.4045348356361939
 10
175461.2698824478
 20
418580.5764466159
 10
175465.5603798331
 20
418576.4173790317
  0
LWPOLYLINE
  5
1775
330
1F
100
AcDbEntity
  8
d_line
 62
     8
100
AcDbPolyline
 90
        4
 70
     0
 43
0.0
 10
175196.4187492436
 20
418345.2211491298
 10
175185.3702186769
 20
418331.0951572928
 42
0.0666554046678414
 10
175169.9214530744
 20
418304.7671520363
 42
0.0739546163674008
 10
175161.5544287441
 20
418271.9839618845
  0
LWPOLYLINE
  5
1776
330
1F
100
AcDbEntity
  8
d_line
 62
     8
100
AcDbPolyline
 90
        4
 70
     0
 43
0.0
 10
175197.994116065
 20
418343.9889886782
 10
175186.9455854984
 20
418329.8629968414
 42
0.0666554046678942
 10
175171.7654940801
 20
418303.9928699371
 42
0.0739264973750638
 10
175163.5452741514
 20
418271.7923968064
  0
LWPOLYLINE
  5
1777
330
1F
100
AcDbEntity
  8
d_line
  6
ByBlock
 62
     8
100
AcDbPolyline
 90
        2
 70
     0
 43
0.0
 10
175358.8487630125
 20
417840.3750398246
 10
175348.478983718
 20
417849.7807656015
  0
LWPOLYLINE
  5
1778
330
1F
100
AcDbEntity
  8
d_line
  6
ByBlock
 62
     8
100
AcDbPolyline
 90
        6
 70
     0
 43
0.0
 10
175338.1092044238
 20
417859.1864913782
 10
175332.0591360282
 20
417864.6740994211
 10
175319.2606782742
 20
417880.3329460936
 10
175269.4510702129
 20
417925.5118743204
 10
175252.6215871259
 20
417936.7265298671
 10
175230.3381163605
 20
417956.9383597838
  0
LWPOLYLINE
  5
1779
330
1F
100
AcDbEntity
  8
d_line
  6
Continuous
 62
     8
100
AcDbPolyline
 90
        2
 70
     0
 43
0.0
 10
175360.1924381234
 20
417841.8564368668
 10
175349.8226588291
 20
417851.2621626436
  0
LWPOLYLINE
  5
177A
330
1F
100
AcDbEntity
  8
d_line
  6
Continuous
 62
     8
100
AcDbPolyline
 90
        6
 70
     0
 43
0.0
 10
175339.4528795347
 20
417860.6678884203
 10
175333.5132978865
 20
417866.0552814039
 10
175320.7148401325
 20
417881.7141280763
 10
175270.6842585765
 20
417927.0934864219
 10
175253.8547754895
 20
417938.3081419683
 10
175231.6817914714
 20
417958.4197568259
  0
LWPOLYLINE
  5
177B
330
1F
100
AcDbEntity
  8
d_line
  6
Continuous
 62
     8
100
AcDbPolyline
 90
       10
 70
   128
 43
0.0
 10
175356.3461442758
 20
417822.7313610888
 10
175360.2092102191
 20
417826.9903775833
 42
0.4142135623958592
 10
175359.3828786331
 20
417843.9408105022
 10
175334.2403788156
 20
417866.7458723952
 10
175321.4419210616
 20
417882.4047190677
 10
175271.3008527584
 20
417927.8842924726
 10
175254.4713696713
 20
417939.0989480189
 10
175228.2813639582
 20
417962.8541316961
 42
0.4142135623420912
 10
175211.3309310409
 20
417962.0278001105
 10
175208.8115402065
 20
417959.2501806556
  0
LWPOLYLINE
  5
177C
330
1F
100
AcDbEntity
  8
d_line
  6
Continuous
 62
     8
100
AcDbPolyline
 90
        4
 70
     0
 43
0.0
 10
175397.7279355991
 20
417841.5624483391
 10
175417.1105773731
 20
417823.9817642975
 10
175429.9090351271
 20
417808.322917625
 10
175469.4119259737
 20
417772.4925158256
  0
LWPOLYLINE
  5
177D
330
1F
100
AcDbEntity
  8
d_line
  6
Continuous
 62
     8
100
AcDbPolyline
 90
        4
 70
     0
 43
0.0
 10
175396.3842604881
 20
417840.081051297
 10
175415.6564155149
 20
417822.6005823147
 10
175428.4548732689
 20
417806.9417356423
 10
175468.0682508627
 20
417771.0111187835
  0
LWPOLYLINE
  5
177E
330
1F
100
AcDbEntity
  8
d_line
  6
Continuous
 62
     8
100
AcDbPolyline
 90
        4
 70
     0
 43
0.0
 10
175379.5883216012
 20
417821.5635882714
 10
175406.3779485798
 20
417797.2645286803
 10
175423.2074316667
 20
417786.0498731338
 10
175455.3033373087
 20
417756.937846884
  0
LWPOLYLINE
  5
177F
330
1F
100
AcDbEntity
  8
d_line
  6
Continuous
 62
     8
100
AcDbPolyline
 90
        4
 70
     0
 43
0.0
 10
175380.9319967121
 20
417823.0449853135
 10
175407.6111369434
 20
417798.8461407815
 10
175424.4406200304
 20
417787.631485235
 10
175456.6470124196
 20
417758.4192439261
  0
LWPOLYLINE
  5
1780
330
1F
100
AcDbEntity
  8
d_line
  6
Continuous
 62
     8
100
AcDbPolyline
 90
        4
 70
     0
 43
0.0
 10
175382.9172719175
 20
417822.2568340963
 10
175408.0735825798
 20
417799.4392453196
 10
175424.9030656668
 20
417788.2245897732
 10
175457.1508905863
 20
417758.9747678168
  0
LWPOLYLINE
  5
1781
330
1F
100
AcDbEntity
  8
d_line
  6
Continuous
 62
     8
100
AcDbPolyline
 90
        7
 70
     0
 43
0.0
 10
175365.9668389996
 20
417821.4305025099
 42
-0.4142135623740494
 10
175382.9172719176
 20
417822.2568340965
 10
175408.0735825798
 20
417799.4392453196
 10
175424.9030656668
 20
417788.2245897732
 10
175460.8543831916
 20
417755.6155800392
 42
-0.4142135623237487
 10
175461.8872976765
 20
417734.4275388935
 10
175385.4846722928
 20
417650.1939154802
  0
LWPOLYLINE
  5
1782
330
1F
100
AcDbEntity
  8
d_line
  6
Continuous
 62
     8
100
AcDbPolyline
 90
        2
 70
     0
 43
0.0
 10
175376.9883770103
 20
417860.3738998925
 10
175366.6185977159
 20
417869.7796256692
  0
LWPOLYLINE
  5
1783
330
1F
100
AcDbEntity
  8
d_line
  6
Continuous
 62
     8
100
AcDbPolyline
 90
        4
 70
     0
 43
0.0
 10
175356.2488184216
 20
417879.1853514459
 10
175350.1987500317
 20
417884.6729594837
 10
175333.3692669446
 20
417895.8876150299
 10
175279.6320413253
 20
417944.629019628
  0
LWPOLYLINE
  5
1784
330
1F
100
AcDbEntity
  8
d_line
  6
Continuous
 62
     8
100
AcDbPolyline
 90
        2
 70
     0
 43
0.0
 10
175174.0385260375
 20
418040.4057589782
 10
175164.3442230104
 20
418049.1988058964
  0
LWPOLYLINE
  5
1785
330
1F
100
AcDbEntity
  8
d_line
  6
Continuous
 62
     8
100
AcDbPolyline
 90
        2
 70
     0
 43
0.0
 10
175375.6447018994
 20
417858.8925028503
 10
175365.274922605
 20
417868.2982286271
  0
LWPOLYLINE
  5
1786
330
1F
100
AcDbEntity
  8
d_line
  6
Continuous
 62
     8
100
AcDbPolyline
 90
        4
 70
     0
 43
0.0
 10
175354.9051433107
 20
417877.7039544038
 10
175348.965561668
 20
417883.0913473823
 10
175332.1360785811
 20
417894.3060029287
 10
175278.1778794676
 20
417943.2478376447
  0
LWPOLYLINE
  5
1787
330
1F
100
AcDbEntity
  8
d_line
  6
Continuous
 62
     8
100
AcDbPolyline
 90
        2
 70
     0
 43
0.0
 10
175172.8053376738
 20
418038.8241468764
 10
175163.1087784634
 20
418047.6192402265
  0
LWPOLYLINE
  5
1788
330
1F
100
AcDbEntity
  8
d_line
  6
ByBlock
 62
     8
100
AcDbPolyline
 90
        3
 70
     0
 43
0.0
 10
175688.1480176151
 20
417627.8190851783
 42
0.0131381882241082
 10
175664.2551447188
 20
417640.3536282955
 10
175648.1865725307
 20
417648.2522337384
  0
LWPOLYLINE
  5
1789
330
1F
100
AcDbEntity
  8
d_line
  6
Continuous
 62
     8
100
AcDbPolyline
 90
        3
 70
     0
 43
0.0
 10
175687.162478286
 20
417626.0787262438
 42
0.0131324778204444
 10
175663.3728626039
 20
417638.5587527373
 10
175647.3042904158
 20
417646.45735818
  0
LWPOLYLINE
  5
178A
330
1F
100
AcDbEntity
  8
d_line
  6
ByBlock
 62
     8
100
AcDbPolyline
 90
        3
 70
     0
 43
0.0
 10
175635.6224436229
 20
417654.4282085429
 10
175628.166661062
 20
417658.0931442962
 42
-0.0106033532656235
 10
175609.8480540325
 20
417667.585248749
 42
-0.0106033532656235
  0
LWPOLYLINE
  5
178B
330
1F
100
AcDbEntity
  8
d_line
  6
Continuous
 62
     8
100
AcDbPolyline
 90
        3
 70
     0
 43
0.0
 10
175634.740161508
 20
417652.6333329846
 10
175627.2843789471
 20
417656.2982687379
 42
-0.0106033532656229
 10
175608.8904641807
 20
417665.8293952029
 42
-0.0106033532656229
  0
LWPOLYLINE
  5
178C
330
1F
100
AcDbEntity
  8
d_line
  6
Continuous
 62
     8
100
AcDbPolyline
 90
        5
 70
     0
 43
0.0
 10
175807.7619127311
 20
417533.1019635716
 10
175780.7022837929
 20
417557.6459236872
 42
0.0150764683083989
 10
175757.2911944024
 20
417577.6278430879
 10
175743.3483330629
 20
417592.1683353313
 42
0.0084253086455964
 10
175729.270980925
 20
417602.2315793068
  0
LWPOLYLINE
  5
178D
330
1F
100
AcDbEntity
  8
d_line
  6
Continuous
 62
     8
100
AcDbPolyline
 90
        5
 70
     0
 43
0.0
 10
175806.4182376201
 20
417531.6205665294
 10
175779.3586086819
 20
417556.1645266452
 42
0.0151404197045737
 10
175755.9378109001
 20
417576.1495562569
 10
175742.0220580184
 20
417590.6617780966
 42
0.0083369229929157
 10
175728.1450910393
 20
417600.578549052
  0
LWPOLYLINE
  5
178E
330
1F
100
AcDbEntity
  8
d_line
  6
Continuous
 62
     8
100
AcDbPolyline
 90
        4
 70
   128
 43
0.0
 10
175774.3835940609
 20
417839.6178640396
 10
175677.5041282531
 20
417927.4906781965
 42
0.4142135624210349
 10
175656.3160871039
 20
417926.4577637114
 10
175505.4139375337
 20
417760.0886792031
  0
LWPOLYLINE
  5
178F
330
1F
100
AcDbEntity
  8
d_line
  6
Continuous
 62
     8
100
AcDbPolyline
 90
        4
 70
     0
 43
0.0
 10
175844.1348046975
 20
417500.1105721608
 10
175851.8118684761
 20
417493.1472265947
 10
175868.641351563
 20
417481.9325710482
 10
175896.4784844357
 20
417456.6833896743
  0
LWPOLYLINE
  5
1790
330
1F
100
AcDbEntity
  8
d_line
  6
Continuous
 62
     8
100
AcDbPolyline
 90
        4
 70
     0
 43
0.0
 10
175842.7911295866
 20
417498.6291751188
 10
175850.5786801124
 20
417491.5656144933
 10
175867.4081631994
 20
417480.3509589469
 10
175895.1348093248
 20
417455.2019926323
  0
LWPOLYLINE
  5
1791
330
1F
100
AcDbEntity
  8
d_line
  6
Continuous
 62
     8
100
AcDbPolyline
 90
        2
 70
     0
 43
0.0
 10
175831.3698911436
 20
417486.0373002611
 10
175846.5644268739
 20
417472.2553640863
  0
LWPOLYLINE
  5
1792
330
1F
100
AcDbEntity
  8
d_line
  6
Continuous
 62
     8
100
AcDbPolyline
 90
        6
 70
   128
 43
0.0
 10
176045.950616742
 20
417286.1013970025
 10
176015.3745963306
 20
417328.9772482575
 42
0.040170716079968
 10
175962.6291437027
 20
417391.6266318649
 10
175950.4361206455
 20
417407.6628248591
 42
0.003779947771096
 10
175944.725006864
 20
417412.9222307569
 10
175937.9576016099
 20
417419.0604865706
  0
LWPOLYLINE
  5
1793
330
1F
100
AcDbEntity
  8
d_line
  6
Continuous
 62
     8
100
AcDbPolyline
 90
        2
 70
   128
 43
0.0
 10
175927.5878223155
 20
417428.4662123472
 10
175917.2180430244
 20
417437.871938121
  0
LWPOLYLINE
  5
1794
330
1F
100
AcDbEntity
  8
d_line
  6
Continuous
 62
     8
100
AcDbPolyline
 90
        6
 70
     0
 43
0.0
 10
176044.3222595463
 20
417284.9401679797
 10
176013.7462391348
 20
417327.8160192348
 42
0.0402347562201071
 10
175961.1159499358
 20
417390.3123931185
 10
175948.946633207
 20
417406.3174076874
 42
0.0036972780005806
 10
175943.381331753
 20
417411.4408337149
 10
175936.613926499
 20
417417.5790895286
  0
LWPOLYLINE
  5
1795
330
1F
100
AcDbEntity
  8
d_line
  6
Continuous
 62
     8
100
AcDbPolyline
 90
        2
 70
     0
 43
0.0
 10
175926.2441472046
 20
417426.9848153052
 10
175915.8743679134
 20
417436.390541079
  0
LWPOLYLINE
  5
1796
330
1F
100
AcDbEntity
  8
d_line
  6
Continuous
 62
     8
100
AcDbPolyline
 90
       11
 70
   128
 43
0.0
 10
175384.4174822414
 20
418108.9499520893
 10
175418.6811975738
 20
418146.7255766649
 42
0.4142135623728438
 10
175417.6482830906
 20
418167.9136178124
 10
175361.2862975223
 20
418219.0357647201
 10
175332.4679531729
 20
418245.1749366923
 42
0.4142135623736559
 10
175311.2799120253
 20
418244.1420222089
 10
175268.6959377587
 20
418197.1933416813
 42
0.001217404950933
 10
175262.2192886516
 20
418190.0178231242
 10
175246.7094558737
 20
418177.0892722965
 42
0.0175499195555603
 10
175158.2625214366
 20
418069.1944517666
 42
0.3894983327907135
 10
175160.1119230307
 20
418048.9874082451
  0
LWPOLYLINE
  5
1797
330
1F
100
AcDbEntity
  8
d_line
  6
Continuous
 62
     8
100
AcDbPolyline
 90
        9
 70
   128
 43
0.0
 10
175936.9785789279
 20
417607.7591357018
 42
0.4142135623730951
 10
175920.0281460099
 20
417606.9328041152
 10
175840.6766960691
 20
417519.4481121192
 42
0.4142135623728925
 10
175841.7096105524
 20
417498.2600709715
 10
175849.9620859305
 20
417490.7748084425
 10
175866.7915690175
 20
417479.5601528962
 10
175892.9815747308
 20
417455.8049692191
 42
0.4142135623422869
 10
175909.932007648
 20
417456.6313008048
 10
175911.7795609269
 20
417458.6682217387
  0
LWPOLYLINE
  5
1798
330
1F
100
AcDbEntity
  8
d_line
  6
Continuous
 62
     8
100
AcDbPolyline
 90
       15
 70
   128
 43
0.0
 10
175772.7654346986
 20
418938.8825257325
 10
175783.019188133
 20
418933.5565092927
 42
-0.0589643924529913
 10
175840.1738166334
 20
418894.7181625509
 42
-0.4206833223403902
 10
175841.4540168633
 20
418873.3107429713
 10
175781.0870554643
 20
418806.756382228
 10
175769.8723999143
 20
418789.9268991361
 10
175651.8677201476
 20
418659.8271584131
 10
175636.2088734752
 20
418647.0287006589
 10
175598.1042318966
 20
418605.0184685259
 42
-0.4142135623728533
 10
175576.9161907491
 20
418603.9855540427
 10
175527.9557123868
 20
418648.3942941229
 42
-0.4142135623728925
 10
175526.9227979035
 20
418669.5823352702
 10
175548.3647971706
 20
418693.2220633794
 42
-0.378881496677727
 10
175564.1724432067
 20
418694.9642867148
 10
175566.9398405019
 20
418693.011225032
  0
LWPOLYLINE
  5
1799
330
1F
100
AcDbEntity
  8
d_line
  6
Continuous
 62
     8
100
AcDbPolyline
 90
        2
 70
     0
 43
0.0
 10
176358.6669182123
 20
418740.7355264329
 10
176360.7646946145
 20
418738.8327752736
  0
LWPOLYLINE
  5
179A
330
1F
100
AcDbEntity
  8
d_line
  6
Continuous
 62
     8
100
AcDbPolyline
 90
        4
 70
     0
 43
0.0
 10
175799.1269453607
 20
417500.4318502348
 42
0.4142135623730462
 10
175798.3006137742
 20
417517.3822831528
 10
175768.6092077943
 20
417544.3133503089
 42
0.0346364805097725
 10
175715.0820091688
 20
417586.4980452828
 42
0.0344919774310494
  0
LWPOLYLINE
  5
179B
330
1F
100
AcDbEntity
  8
d_line
  6
Continuous
 62
     8
100
AcDbPolyline
 90
        2
 70
     0
 43
0.0
 10
175686.9489701532
 20
417376.7560306107
 10
175799.1269453609
 20
417500.4318502347
  0
LWPOLYLINE
  5
179C
330
1F
100
AcDbEntity
  8
d_line
  6
Continuous
 62
     8
100
AcDbPolyline
 90
        2
 70
   128
 43
0.0
 10
175785.2199737953
 20
417263.3196614729
 10
175777.8768957398
 20
417269.980071167
  0
LWPOLYLINE
  5
179D
330
1F
100
AcDbEntity
  8
d_line
  6
Continuous
 62
     8
100
AcDbPolyline
 90
        4
 70
   128
 43
0.0
 10
175777.8768957397
 20
417269.9800711671
 10
175765.0784379848
 20
417285.6389178387
 10
175701.3144580176
 20
417343.4749134663
 42
-0.4142135623914915
 10
175700.2815435336
 20
417364.6629546143
  0
LWPOLYLINE
  5
179E
330
1F
100
AcDbEntity
  8
d_line
  6
Continuous
 62
     8
100
AcDbPolyline
 90
        3
 70
     0
 43
0.0
 10
175715.876344235
 20
417582.3150867185
 42
-0.0330963781666101
 10
175766.5936951278
 20
417542.0912547457
 10
175793.6533240661
 20
417517.5472946299
  0
LWPOLYLINE
  5
179F
330
1F
100
AcDbEntity
  8
d_line
  6
Continuous
 62
     8
100
AcDbPolyline
 90
        3
 70
     0
 43
0.0
 10
175717.002712086
 20
417583.9677951297
 42
-0.0331026195993416
 10
175767.9373702388
 20
417543.5726517878
 10
175794.996999177
 20
417519.0286916719
  0
LWPOLYLINE
  5
17A0
330
1F
100
AcDbEntity
  8
d_line
  6
Continuous
 62
     8
100
AcDbPolyline
 90
        4
 70
     0
 43
0.0
 10
175151.2908823437
 20
418032.6869928328
 10
175170.8991553029
 20
418014.9016539965
 10
175183.6976130569
 20
417999.242807324
 10
175197.3763389295
 20
417986.8357597985
  0
LWPOLYLINE
  5
17A1
330
1F
100
AcDbEntity
  8
d_line
  6
Continuous
 62
     8
100
AcDbPolyline
 90
        4
 70
     0
 43
0.0
 10
175152.5263268908
 20
418034.2665585027
 10
175172.3533171611
 20
418016.2828359793
 10
175185.1517749152
 20
418000.6239893065
 10
175198.7200140405
 20
417988.3171568405
  0
LWPOLYLINE
  5
17A2
330
1F
100
AcDbEntity
  8
d_line
  6
Continuous
 62
     8
100
AcDbPolyline
 90
        2
 70
     0
 43
0.0
 10
175394.3730545426
 20
417642.1318648134
 10
175468.9281266475
 20
417724.3285672918
  0
LWPOLYLINE
  5
17A3
330
1F
100
AcDbEntity
  8
d_line
  6
Continuous
 62
     8
100
AcDbPolyline
 90
        2
 70
   128
 43
0.0
 10
175473.7950049657
 20
418838.2047215511
 10
175471.002060871
 20
418837.0672554324
  0
LWPOLYLINE
  5
17A4
330
1F
100
AcDbEntity
  8
d_line
  6
Continuous
 62
     8
100
AcDbPolyline
 90
        2
 70
   128
 43
0.0
 10
175459.8369837662
 20
418832.5201193322
 10
175457.0471623851
 20
418831.3839249832
  0
LWPOLYLINE
  5
17A5
330
1F
100
AcDbEntity
  8
d_line
  6
Continuous
 62
     8
100
AcDbPolyline
 90
        3
 70
   128
 43
0.0
 10
175648.362421489
 20
417314.8645820186
 10
175654.2522849332
 20
417321.3581355668
 42
-0.4142135623552515
 10
175675.4403260799
 20
417322.3910500507
  0
LWPOLYLINE
  5
17A6
330
1F
100
AcDbEntity
  8
d_line
  6
Continuous
 62
     8
100
AcDbPolyline
 90
        3
 70
   128
 43
0.0
 10
175640.0295631267
 20
417322.4227545168
 10
175645.91942657
 20
417328.9163080641
 42
0.4142135623914525
 10
175644.8865120861
 20
417350.1043492122
  0
LWPOLYLINE
  5
17A7
330
1F
100
AcDbEntity
  8
d_line
  6
Continuous
 62
     8
100
AcDbPolyline
 90
        2
 70
   128
 43
0.0
 10
176331.0825496624
 20
418715.0390460564
 10
176220.9674067115
 20
418593.6374916354
  0
LWPOLYLINE
  5
17A8
330
1F
100
AcDbEntity
  8
d_line
  6
Continuous
 62
     8
100
AcDbPolyline
 90
        4
 70
   128
 43
0.0
 10
176220.9674067115
 20
418593.6374916354
 42
0.4142135623284765
 10
176222.0003211967
 20
418572.4494504897
 10
176266.7008205627
 20
418531.9046493741
 10
176279.4992912168
 20
418516.2457869185
  0
LWPOLYLINE
  5
17A9
330
1F
100
AcDbEntity
  8
d_line
 62
     8
100
AcDbPolyline
 90
        2
 70
     0
 43
0.0
 10
175118.2685921227
 20
418163.1520932284
 42
0.0375410766033113
 10
175133.4325433888
 20
418176.3362739753
 42
0.0375410766033113
  0
LWPOLYLINE
  5
17AA
330
1F
100
AcDbEntity
  8
d_line
 62
     8
100
AcDbPolyline
 90
        2
 70
     0
 43
0.0
 10
175118.9262857615
 20
418162.3951256235
 42
0.0375410914875989
 10
175134.1960383025
 20
418175.6861681477
  0
LWPOLYLINE
  5
17AB
330
1F
100
AcDbEntity
  8
d_line
 62
     8
100
AcDbPolyline
 90
        2
 70
     0
 43
0.0
 10
175120.2415730961
 20
418160.8812677199
 42
0.03754116591049
 10
175135.7229351412
 20
418174.3860356568
 42
0.03754116591049
  0
LWPOLYLINE
  5
17AC
330
1F
100
AcDbEntity
  8
d_line
 62
     8
100
AcDbPolyline
 90
        2
 70
     0
 43
0.0
 10
175135.7229351411
 20
418174.3860356568
 42
0.0998979721609177
 10
175158.4733033882
 20
418223.5836329609
 42
0.0998979721609177
  0
LWPOLYLINE
  5
17AD
330
1F
100
AcDbEntity
  8
d_line
 62
     8
100
AcDbPolyline
 90
        2
 70
     0
 43
0.0
 10
175134.1960383023
 20
418175.6861681476
 42
0.0991731523113066
 10
175156.4716895655
 20
418223.8128712177
 42
0.0991731523113066
  0
LWPOLYLINE
  5
17AE
330
1F
100
AcDbEntity
  8
d_line
  6
Continuous
 62
     8
100
AcDbPolyline
 90
       10
 70
     0
 43
0.0
 10
175400.2305543359
 20
417859.206127075
 10
175396.3674883924
 20
417854.9471105804
 42
0.4142135623939013
 10
175397.1938199782
 20
417837.9966776617
 10
175414.9293345857
 20
417821.9099913234
 10
175427.7277923398
 20
417806.2511446507
 10
175468.8778103437
 20
417768.9267451564
 42
0.4142135624202323
 10
175490.0658514929
 20
417769.9596596415
 10
175603.0091791845
 20
417894.4792777046
 42
0.4142135623249236
 10
175602.1828475966
 20
417911.4297106212
 10
175384.4174822414
 20
418108.9499520893
  0
LWPOLYLINE
  5
17AF
330
1F
100
AcDbEntity
  8
d_line
  6
Continuous
 62
     8
100
AcDbPolyline
 90
        9
 70
   128
 43
0.0
 10
175981.1905217086
 20
417652.0372805998
 42
0.4142135623728533
 10
175960.0024805611
 20
417651.0043661164
 10
175944.214298007
 20
417633.5979508722
 42
0.4142135623728533
 10
175945.0406295935
 20
417616.647517954
 10
176133.1780537784
 20
417446.0007790039
 42
0.4142135624035176
 10
176150.1284866973
 20
417446.8271105914
 10
176165.9166692498
 20
417464.2335258378
 42
0.4142135623424453
 10
176164.8837547655
 20
417485.421566984
 10
175981.1905217086
 20
417652.0372805998
  0
LWPOLYLINE
  5
17B0
330
1F
100
AcDbEntity
  8
d_line
  6
Continuous
 62
     8
100
AcDbPolyline
 90
        8
 70
   128
 43
0.0
 10
176712.7293763548
 20
418452.2303380683
 10
176709.5814076392
 20
418455.0856476796
 42
-0.414213562348182
 10
176708.7550760506
 20
418472.0360805971
 10
176731.4849766462
 20
418497.0957153593
 10
176742.6996324171
 20
418513.9251987889
 10
176771.5822475895
 20
418545.768179532
 42
-0.4142135623644147
 10
176792.7702887367
 20
418546.8010940153
 10
176949.8082998303
 20
418404.3625302932
  0
LWPOLYLINE
  5
17B1
330
1F
100
AcDbEntity
  8
d_line
  6
Continuous
 62
     8
100
AcDbPolyline
 90
        2
 70
   128
 43
0.0
 10
175172.1887434923
 20
418038.0333408257
 10
175160.1119230308
 20
418048.9874082453
  0
LWPOLYLINE
  5
17B2
330
1F
100
AcDbEntity
  8
d_line
 62
     8
100
AcDbPolyline
 90
        4
 70
     0
 43
0.0
 10
174996.5456749995
 20
418057.7675009081
 10
175002.2714551953
 20
418065.0881417679
 42
-0.0721400066790038
 10
175025.7166700169
 20
418087.5063501654
 10
175046.3214298408
 20
418102.1845276619
  0
LWPOLYLINE
  5
17B3
330
1F
100
AcDbEntity
  8
d_line
 62
     8
100
AcDbPolyline
 90
        4
 70
     0
 43
0.0
 10
174994.9703081782
 20
418058.9996613596
 10
175000.6960883739
 20
418066.3203022194
 42
-0.072140006679105
 10
175024.55626275
 20
418089.1352930665
 10
175045.1610225738
 20
418103.8134705628
  0
LWPOLYLINE
  5
17B4
330
1F
100
AcDbEntity
  8
d_line
  6
Continuous
 62
     8
100
AcDbPolyline
 90
        6
 70
   128
 43
0.0
 10
175738.9914449379
 20
418459.6782015631
 10
175934.535854598
 20
418282.3130868182
 42
0.4142135624218377
 10
175955.7238957472
 20
418283.3460013031
 10
175959.1956598038
 20
418287.1736088578
 10
175970.4103153472
 20
418304.0030919462
 10
175993.1402159418
 20
418329.0627267072
  0
LWPOLYLINE
  5
17B5
330
1F
100
AcDbEntity
  8
d_line
  6
Continuous
 62
     8
100
AcDbPolyline
 90
        3
 70
   128
 43
0.0
 10
175993.1402159418
 20
418329.0627267072
 42
0.4142135623931383
 10
175992.3138843518
 20
418346.0131596257
 10
175989.5362648986
 20
418348.532550457
  0
LWPOLYLINE
  5
17B6
330
1F
100
AcDbEntity
  8
d_line
  6
Continuous
 62
     8
100
AcDbPolyline
 90
        9
 70
   128
 43
0.0
 10
176125.0006646285
 20
418626.3418385776
 10
176169.4840084204
 20
418585.9940046021
 42
-0.4149156417966848
 10
176170.4927406067
 20
418564.779366669
 42
0.0440453625842403
 10
176116.2521621473
 20
418493.5845834463
 10
176070.0532702032
 20
418420.3876101654
 42
-0.0221518845854138
 10
176045.2380402971
 20
418384.6784184743
 10
176030.4063117362
 20
418370.8550475433
 42
-0.0110283736558671
 10
176016.3002978283
 20
418354.5966348165
 10
176014.6390177132
 20
418352.7650793839
  0
LWPOLYLINE
  5
17B7
330
1F
100
AcDbEntity
  8
d_line
  6
Continuous
 62
     8
100
AcDbPolyline
 90
        3
 70
   128
 43
0.0
 10
176014.6390177132
 20
418352.7650793839
 42
-0.4142135623558164
 10
175997.6885847959
 20
418351.9387477939
 10
175994.9109653409
 20
418354.4581386268
  0
LWPOLYLINE
  5
17B8
330
1F
100
AcDbEntity
  8
d_line
  6
Continuous
 62
     8
100
AcDbPolyline
 90
        3
 70
   128
 43
0.0
 10
175844.6641162117
 20
418165.3683535446
 42
0.4142135623931383
 10
175843.8377846235
 20
418182.3187864632
 10
175841.0601651705
 20
418184.8381772947
  0
LWPOLYLINE
  5
17B9
330
1F
100
AcDbEntity
  8
d_line
  6
Continuous
 62
     8
100
AcDbPolyline
 90
        3
 70
   128
 43
0.0
 10
175866.1629179856
 20
418189.0707062191
 42
-0.4142135623558164
 10
175849.2124850681
 20
418188.2443746308
 10
175846.4348656133
 20
418190.763765464
  0
LWPOLYLINE
  5
17BA
330
1F
100
AcDbEntity
  8
d_line
  6
Continuous
 62
     8
100
AcDbPolyline
 90
        2
 70
     0
 43
0.0
 10
175866.1629179856
 20
418189.0707062191
 10
175863.9408224225
 20
418191.0862188856
  0
LWPOLYLINE
  5
17BB
330
1F
100
AcDbEntity
  8
d_line
  6
ByBlock
 62
     8
100
AcDbPolyline
 90
        2
 70
     0
 43
0.0
 10
175842.4420206502
 20
418167.3838662081
 10
175844.6641162136
 20
418165.368353542
  0
LWPOLYLINE
  5
17BC
330
1F
100
AcDbEntity
  8
d_line
  6
Continuous
 62
     8
100
AcDbPolyline
 90
        2
 70
     0
 43
0.0
 10
175735.4905134701
 20
418045.0048438593
 10
175733.2684179067
 20
418047.0203565253
  0
LWPOLYLINE
  5
17BD
330
1F
100
AcDbEntity
  8
d_line
  6
Continuous
 62
     8
100
AcDbPolyline
 90
        2
 70
     0
 43
0.0
 10
175725.2566835472
 20
417993.5337964105
 10
175707.1170695543
 20
417973.5349363418
  0
LWPOLYLINE
  5
17BE
330
1F
100
AcDbEntity
  8
d_line
  6
Continuous
 62
     8
100
AcDbPolyline
 90
        2
 70
     0
 43
0.0
 10
175723.0345879838
 20
417995.5493090766
 10
175725.2566835472
 20
417993.5337964105
  0
LWPOLYLINE
  5
17BF
330
1F
100
AcDbEntity
  8
d_line
  6
Continuous
 62
     8
100
AcDbPolyline
 90
        2
 70
     0
 43
0.0
 10
175744.5333897553
 20
418019.2516617531
 10
175746.7554853187
 20
418017.236149087
  0
LWPOLYLINE
  5
17C0
330
1F
100
AcDbEntity
  8
d_line
  6
Continuous
 62
     8
100
AcDbPolyline
 90
        4
 70
     0
 43
0.0
 10
175710.0174113948
 20
418041.1082337109
 10
175713.1653801098
 20
418038.2529241002
 42
-0.4142135623566495
 10
175713.9917116987
 20
418021.3024911828
 10
175687.7900470422
 20
417992.4152488612
  0
LWPOLYLINE
  5
17C1
330
1F
100
AcDbEntity
  8
d_line
  6
Continuous
 62
     8
100
AcDbPolyline
 90
        3
 70
     0
 43
0.0
 10
175687.7900470422
 20
417992.4152488612
 42
-0.4142135624221999
 10
175666.602005893
 20
417991.3823343761
 10
175497.691627018
 20
418144.5895203187
  0
LWPOLYLINE
  5
17C2
330
1F
100
AcDbEntity
  8
d_line
  6
Continuous
 62
     8
100
AcDbPolyline
 90
        5
 70
     0
 43
0.0
 10
175742.7626403558
 20
417993.8562498334
 10
175739.9850209019
 20
417996.3756406657
 42
0.4142135623830808
 10
175723.0345879837
 20
417995.5493090766
 10
175705.5668115376
 20
417976.2911475195
 42
0.4142135623237487
 10
175706.5997260225
 20
417955.1031063738
  0
LWPOLYLINE
  5
17C3
330
1F
100
AcDbEntity
  8
d_line
  6
Continuous
 62
     8
100
AcDbPolyline
 90
        2
 70
     0
 43
0.0
 10
175706.5997260225
 20
417955.1031063738
 10
175801.2570962756
 20
417869.2458048759
  0
LWPOLYLINE
  5
17C4
330
1F
100
AcDbEntity
  8
d_line
  6
Continuous
 62
     8
100
AcDbPolyline
 90
        3
 70
     0
 43
0.0
 10
175686.9489701532
 20
417376.7560306106
 10
175686.9489701532
 20
417376.7560306106
 42
-0.4142135623544487
 10
175665.7609290063
 20
417375.7231161267
  0
LWPOLYLINE
  5
17C5
330
1F
100
AcDbEntity
  8
d_line
  6
ByBlock
 62
     8
100
AcDbPolyline
 90
        2
 70
     0
 43
0.0
 10
176735.4454246628
 20
418071.2985872935
 10
176738.1327748838
 20
418074.2613813765
  0
LWPOLYLINE
  5
17C6
330
1F
100
AcDbEntity
  8
d_line
  6
Continuous
 62
     8
100
AcDbPolyline
 90
        2
 70
     0
 43
0.0
 10
176964.9063339385
 20
418428.470278902
 10
176962.2189837163
 20
418425.5074848175
  0
LWPOLYLINE
  5
17C7
330
1F
100
AcDbEntity
  8
d_line
  6
Continuous
 62
     8
100
AcDbPolyline
 90
        2
 70
     0
 43
0.0
 10
176953.0551576019
 20
418439.2196797894
 10
176950.3678073797
 20
418436.2568857046
  0
LWPOLYLINE
  5
17C8
330
1F
100
AcDbEntity
  8
d_line
  6
Continuous
 62
     8
100
AcDbPolyline
 90
        2
 70
     0
 43
0.0
 10
176943.4075321634
 20
418404.7679262292
 10
176946.0948823854
 20
418407.7307203136
  0
LWPOLYLINE
  5
17C9
330
1F
100
AcDbEntity
  8
d_line
  6
Continuous
 62
     8
100
AcDbPolyline
 90
        2
 70
     0
 43
0.0
 10
176931.5563558266
 20
418415.5173271165
 10
176934.2437060487
 20
418418.480121201
  0
LWPOLYLINE
  5
17CA
330
1F
100
AcDbEntity
  8
d_line
  6
Continuous
 62
     8
100
AcDbPolyline
 90
        4
 70
   128
 43
0.0
 10
176668.392644243
 20
418427.5408056367
 10
176687.2534199491
 20
418448.3358774334
 42
-0.4142215072796062
 10
176704.2040715512
 20
418449.1624501263
 10
176707.3546759112
 20
418446.3047498996
  0
LWPOLYLINE
  5
17CB
330
1F
100
AcDbEntity
  8
d_line
  6
Continuous
 62
     8
100
AcDbPolyline
 90
        2
 70
     0
 43
0.0
 10
176669.0978330147
 20
418426.8256559231
 10
176689.3406478589
 20
418449.1432874611
  0
LWPOLYLINE
  5
17CC
330
1F
100
AcDbEntity
  8
d_line
  6
Continuous
 62
     8
100
AcDbPolyline
 90
        4
 70
     0
 43
0.0
 10
176293.3372672595
 20
419325.3683166638
 10
176224.8223336046
 20
419249.8308454214
 10
176213.6099743725
 20
419233.003894013
 10
176161.6276610966
 20
419175.6935780757
  0
LWPOLYLINE
  5
17CD
330
1F
100
AcDbEntity
  8
d_line
  6
Continuous
 62
     8
100
AcDbPolyline
 90
        8
 70
   128
 43
0.0
 10
175950.460978369
 20
417378.3251667506
 10
175950.4820957645
 20
417378.3100329674
 42
-0.0397015698975332
 10
176000.7193815692
 20
417318.5261870531
 10
176011.0432631464
 20
417304.0493125309
 10
176020.2130175803
 20
417286.0238970399
 10
176034.9497264147
 20
417265.359045059
 42
-0.4133992158238426
 10
176032.1741026625
 20
417248.6409428443
 10
176029.1077584092
 20
417246.4413527968
  0
LWPOLYLINE
  5
17CE
330
1F
100
AcDbEntity
  8
d_line
  6
Continuous
 62
     8
100
AcDbPolyline
 90
        2
 70
     0
 43
0.0
 10
175830.0262160327
 20
417484.555903219
 10
175845.220751763
 20
417470.7739670441
  0
LWPOLYLINE
  5
17CF
330
1F
100
AcDbEntity
  8
d_line
  6
Continuous
 62
     8
100
AcDbPolyline
 90
        4
 70
     0
 43
0.0
 10
175354.2333057552
 20
417876.9632558827
 10
175348.3489674862
 20
417882.3005413316
 10
175331.5194843993
 20
417893.5151968778
 10
175277.4507985383
 20
417942.5572466533
  0
LWPOLYLINE
  5
17D0
330
1F
100
AcDbEntity
  8
d_line
  6
ByBlock
 62
     8
100
AcDbPolyline
 90
        2
 70
     0
 43
0.0
 10
175990.0495478049
 20
418786.5490282322
 10
176186.5274569598
 20
418608.3371992036
  0
LWPOLYLINE
  5
17D1
330
1F
100
AcDbEntity
  8
d_line
  6
Continuous
 62
     8
100
AcDbPolyline
 90
        2
 70
     0
 43
0.0
 10
175987.8683050172
 20
418784.4772552582
 10
176184.5119442934
 20
418606.1151036406
  0
LWPOLYLINE
  5
17D2
330
1F
100
AcDbEntity
  8
d_line
  6
Continuous
 62
     8
100
AcDbPolyline
 90
        2
 70
   128
 43
0.0
 10
175734.1769045514
 20
418464.0451456739
 10
175738.9914449379
 20
418459.6782015631
  0
LWPOLYLINE
  5
17D3
330
1F
100
AcDbEntity
  8
d_line
  6
Continuous
 62
     8
100
AcDbPolyline
 90
        4
 70
     0
 43
0.0
 10
175608.9604515827
 20
417644.2703437542
 42
0.0054874775376585
 10
175618.9026988559
 20
417639.246950934
 10
175654.9911825121
 20
417621.5074349336
 42
-0.0353463467084391
 10
175715.0820091696
 20
417586.498045284
  0
LWPOLYLINE
  5
17D4
330
1F
100
AcDbEntity
  8
d_line
  6
Continuous
 62
     8
100
AcDbPolyline
 90
        2
 70
   128
 43
0.0
 10
175804.0060658624
 20
417474.553507295
 10
175811.3224265248
 20
417482.6197689646
  0
LWPOLYLINE
  5
17D5
330
1F
100
AcDbEntity
  8
d_line
  6
Continuous
 62
     8
100
AcDbPolyline
 90
        2
 70
     0
 43
0.0
 10
175802.5246688205
 20
417475.897182406
 10
175809.8410294828
 20
417483.9634440755
  0
LWPOLYLINE
  5
17D6
330
1F
100
AcDbEntity
  8
d_line
  6
Continuous
 62
     8
100
AcDbPolyline
 90
        2
 70
   128
 43
0.0
 10
175745.0908867838
 20
417409.59973141
 10
175782.0419523351
 20
417450.3381500666
  0
LWPOLYLINE
  5
17D7
330
1F
100
AcDbEntity
  8
d_line
  6
Continuous
 62
     8
100
AcDbPolyline
 90
        2
 70
     0
 43
0.0
 10
175743.6094897418
 20
417410.943406521
 10
175780.5605552931
 20
417451.6818251776
  0
LWPOLYLINE
  5
17D8
330
1F
100
AcDbEntity
  8
d_line
  6
Continuous
 62
     8
100
AcDbPolyline
 90
        2
 70
   128
 43
0.0
 10
175354.2333057552
 20
417876.9632558827
 10
175364.6030850485
 20
417867.5575301049
  0
LWPOLYLINE
  5
17D9
330
1F
100
AcDbEntity
  8
d_line
  6
Continuous
 62
     8
100
AcDbPolyline
 90
        2
 70
     0
 43
0.0
 10
175370.462681734
 20
417652.3436935178
 10
175309.7422374691
 20
417707.4191036601
  0
LWPOLYLINE
  5
17DA
330
1F
100
AcDbEntity
  8
d_line
  6
Continuous
 62
     8
100
AcDbPolyline
 90
        3
 70
     0
 43
0.0
 10
175381.7467492032
 20
417654.2593712947
 10
175262.9288158291
 20
417762.0310862756
 42
0.0258638469692477
 10
175068.2078600549
 20
417921.1017113535
 42
0.0258638469692477
  0
LWPOLYLINE
  5
17DB
330
1F
100
AcDbEntity
  8
d_line
  6
Continuous
 62
     8
100
AcDbPolyline
 90
        5
 70
     0
 43
0.0
 10
176162.5758927836
 20
419160.2602133889
 10
176162.0889722264
 20
419170.2483517727
 10
176216.7732324551
 20
419230.537554638
 10
176227.9855916873
 20
419247.3645060466
 10
176296.0996303375
 20
419322.4599919687
  0
LWPOLYLINE
  5
17DC
330
1F
100
AcDbEntity
  8
d_line
  6
Continuous
 62
     8
100
AcDbPolyline
 90
        2
 70
     0
 43
0.0
 10
176560.6519430719
 20
418799.1923390586
 42
0.1022461133124313
 10
176660.0687209138
 20
418911.1921239181
  0
LWPOLYLINE
  5
17DD
330
1F
100
AcDbEntity
  8
d_line
  6
Continuous
 62
     8
100
AcDbPolyline
 90
        2
 70
     0
 43
0.0
 10
176045.7420155103
 20
417905.1306186831
 10
176105.5344694129
 20
417850.8969258571
  0
LWPOLYLINE
  5
17DE
330
1F
100
AcDbEntity
  8
d_line
  6
Continuous
 62
     8
100
AcDbPolyline
 90
        2
 70
     0
 43
0.0
 10
176131.4589176487
 20
417827.3826114156
 10
176324.7812313044
 20
417652.033009737
  0
LWPOLYLINE
  5
17DF
330
1F
100
AcDbEntity
  8
d_line
  6
Continuous
 62
     8
100
AcDbPolyline
 90
        2
 70
     0
 43
0.0
 10
176068.3699684069
 20
417993.0031661733
 10
176045.7420155103
 20
417905.1306186831
  0
LWPOLYLINE
  5
17E0
330
1F
100
AcDbEntity
  8
d_line
  6
Continuous
 62
     8
100
AcDbPolyline
 90
        2
 70
     0
 43
0.0
 10
175445.6490542335
 20
418195.1690122686
 10
175359.0555719926
 20
418273.7121060889
  0
LWPOLYLINE
  5
17E1
330
1F
100
AcDbEntity
  8
d_line
  6
Continuous
 62
     8
100
AcDbPolyline
 90
        2
 70
     0
 43
0.0
 10
176290.5954662216
 20
418468.716521347
 10
176247.4077545857
 20
418421.1022224961
  0
LWPOLYLINE
  5
17E2
330
1F
100
AcDbEntity
  8
d_line
  6
Continuous
 62
     8
100
AcDbPolyline
 90
        2
 70
     0
 43
0.0
 10
176883.4659382806
 20
418708.5636102263
 10
176804.5069752595
 20
418780.1819477696
  0
LWPOLYLINE
  5
17E3
330
1F
100
AcDbEntity
  8
d_line
  6
Continuous
 62
     8
100
AcDbPolyline
 90
        2
 70
     0
 43
0.0
 10
176496.4502814138
 20
418457.5179172226
 10
176434.6370566889
 20
418389.3690562734
  0
LWPOLYLINE
  5
17E4
330
1F
100
AcDbEntity
  8
d_line
  6
Continuous
 62
     8
100
AcDbPolyline
 90
        2
 70
     0
 43
0.0
 10
176409.769729707
 20
418360.6216033965
 10
176299.8033956103
 20
418227.0943295362
  0
LWPOLYLINE
  5
17E5
330
1F
100
AcDbEntity
  8
d_line
  6
Continuous
 62
     8
100
AcDbPolyline
 90
        2
 70
     0
 43
0.0
 10
175888.8226070925
 20
417869.4755896961
 10
175852.8792978808
 20
417829.8482188153
  0
LWPOLYLINE
  5
17E6
330
1F
100
AcDbEntity
  8
d_line
  6
Continuous
 62
     8
100
AcDbPolyline
 90
        2
 70
     0
 43
0.0
 10
176143.3623973206
 20
418336.1616862062
 10
176093.383374488
 20
418236.4063394385
  0
LWPOLYLINE
  5
17E7
330
1F
100
AcDbEntity
  8
d_line
  6
Continuous
 62
     8
100
AcDbPolyline
 90
        2
 70
     0
 43
0.0
 10
176341.690453947
 20
418594.8954812434
 10
176305.6538685224
 20
418506.360986696
  0
LWPOLYLINE
  5
17E8
330
1F
100
AcDbEntity
  8
d_line
  6
Continuous
 62
     8
100
AcDbPolyline
 90
        2
 70
     0
 43
0.0
 10
176558.497555782
 20
419046.5229237509
 10
176578.136968654
 20
419028.7093400058
  0
LWPOLYLINE
  5
17E9
330
1F
100
AcDbEntity
  8
d_line
  6
Continuous
 62
     8
100
AcDbPolyline
 90
        2
 70
     0
 43
0.0
 10
176660.0687209139
 20
418911.1921239181
 10
176583.4830372384
 20
418980.6578202064
  0
LWPOLYLINE
  5
17EA
330
1F
100
AcDbEntity
  8
d_line
  6
Continuous
 62
     8
100
AcDbPolyline
 90
        2
 70
     0
 43
0.0
 10
176777.5735024399
 20
418750.8210643522
 42
0.0747485448789844
 10
176707.3037801863
 20
418666.1743716245
 42
0.0747485448789844
  0
LWPOLYLINE
  5
17EB
330
1F
100
AcDbEntity
  8
d_line
  6
Continuous
 62
     8
100
AcDbPolyline
 90
        2
 70
     0
 43
0.0
 10
176777.5735024399
 20
418750.8210643522
 42
0.049928039378805
 10
176804.5069752595
 20
418780.1819477696
  0
LWPOLYLINE
  5
17EC
330
1F
100
AcDbEntity
  8
d_line
  6
Continuous
 62
     8
100
AcDbPolyline
 90
        2
 70
     0
 43
0.0
 10
175446.9649196385
 20
418386.2919864167
 10
175533.7916865631
 20
418482.0181888627
  0
LWPOLYLINE
  5
17ED
330
1F
100
AcDbEntity
  8
d_line
  6
Continuous
 62
     8
100
AcDbPolyline
 90
        2
 70
     0
 43
0.0
 10
175587.2364514684
 20
418536.4754873923
 10
175549.4505332356
 20
418494.8166466168
  0
LWPOLYLINE
  5
17EE
330
1F
100
AcDbEntity
  8
d_line
  6
Continuous
 62
     8
100
AcDbPolyline
 90
        2
 70
     0
 43
0.0
 10
175410.8045026962
 20
418341.2900851371
 10
175422.0491536237
 20
418358.1526380256
  0
LWPOLYLINE
  5
17EF
330
1F
100
AcDbEntity
  8
d_line
  6
Continuous
 62
     8
100
AcDbPolyline
 90
        2
 70
     0
 43
0.0
 10
175533.7916865629
 20
418482.0181888627
 10
175549.4505332356
 20
418494.8166466168
  0
LWPOLYLINE
  5
17F0
330
1F
100
AcDbEntity
  8
d_line
  6
Continuous
 62
     8
100
AcDbPolyline
 90
        2
 70
     0
 43
0.0
 10
175598.6533470708
 20
418535.6664788635
 10
175455.9166382489
 20
418378.2997638618
  0
LWPOLYLINE
  5
17F1
330
1F
100
AcDbEntity
  8
d_line
  6
Continuous
 62
     8
100
AcDbPolyline
 90
        2
 70
     0
 43
0.0
 10
175918.4505479409
 20
417842.6020874701
 10
175888.8226070925
 20
417869.4755896961
  0
LWPOLYLINE
  5
17F2
330
1F
100
AcDbEntity
  8
d_line
  6
Continuous
 62
     8
100
AcDbPolyline
 90
        2
 70
     0
 43
0.0
 10
176195.8867853468
 20
417698.9611313469
 10
176106.1981917514
 20
417600.0797751302
  0
LWPOLYLINE
  5
17F3
330
1F
100
AcDbEntity
  8
d_line
  6
Continuous
 62
     8
100
AcDbPolyline
 90
        2
 70
     0
 43
0.0
 10
176147.4245169118
 20
417675.3007532822
 10
176091.384221331
 20
417613.5165262397
  0
LWPOLYLINE
  5
17F4
330
1F
100
AcDbEntity
  8
d_line
  6
Continuous
 62
     8
100
AcDbPolyline
 90
        2
 70
     0
 43
0.0
 10
176598.0744467802
 20
418393.9205034003
 10
176496.4502814138
 20
418457.5179172226
  0
LWPOLYLINE
  5
17F5
330
1F
100
AcDbEntity
  8
d_line
  6
Continuous
 62
     8
100
AcDbPolyline
 90
        2
 70
     0
 43
0.0
 10
176166.8767117624
 20
418362.0861344421
 10
176101.8304339694
 20
418421.0852157486
  0
LWPOLYLINE
  5
17F6
330
1F
100
AcDbEntity
  8
d_line
  6
Continuous
 62
     8
100
AcDbPolyline
 90
        2
 70
     0
 43
0.0
 10
176143.3623973206
 20
418336.1616862062
 10
176082.630629025
 20
418391.2473676183
  0
LWPOLYLINE
  5
17F7
330
1F
100
AcDbEntity
  8
d_line
  6
Continuous
 62
     8
100
AcDbPolyline
 90
        2
 70
     0
 43
0.0
 10
175580.4842119454
 20
418299.0648625653
 10
175664.1831448216
 20
418223.147218796
  0
LWPOLYLINE
  5
17F8
330
1F
100
AcDbEntity
  8
d_line
  6
Continuous
 62
     8
100
AcDbPolyline
 90
        2
 70
     0
 43
0.0
 10
175781.3494606532
 20
418056.1201116793
 10
175860.6745015452
 20
417984.1697296436
  0
LWPOLYLINE
  5
17F9
330
1F
100
AcDbEntity
  8
d_line
  6
Continuous
 62
     8
100
AcDbPolyline
 90
        2
 70
     0
 43
0.0
 10
175811.5821506441
 20
418089.4515451305
 10
175857.1333590975
 20
418048.1351233104
  0
LWPOLYLINE
  5
17FA
330
1F
100
AcDbEntity
  8
d_line
  6
Continuous
 62
     8
100
AcDbPolyline
 90
        2
 70
     0
 43
0.0
 10
176008.440343021
 20
417877.1428631523
 10
176076.9923482918
 20
417814.9639734463
  0
LWPOLYLINE
  5
17FB
330
1F
100
AcDbEntity
  8
d_line
  6
Continuous
 62
     8
100
AcDbPolyline
 90
        2
 70
     0
 43
0.0
 10
176098.4726054016
 20
417795.4806843374
 10
176171.7058470718
 20
417729.055761556
  0
LWPOLYLINE
  5
17FC
330
1F
100
AcDbEntity
  8
d_line
  6
Continuous
 62
     8
100
AcDbPolyline
 90
        2
 70
     0
 43
0.0
 10
176147.4245169118
 20
417675.3007532822
 10
176171.7058470718
 20
417729.055761556
  0
LWPOLYLINE
  5
17FD
330
1F
100
AcDbEntity
  8
d_line
  6
Continuous
 62
     8
100
AcDbPolyline
 90
        2
 70
     0
 43
0.0
 10
176247.4077545857
 20
418421.1022224961
 10
176166.8767117624
 20
418362.0861344421
  0
LWPOLYLINE
  5
17FE
330
1F
100
AcDbEntity
  8
d_line
  6
Continuous
 62
     8
100
AcDbPolyline
 90
        2
 70
     0
 43
0.0
 10
175929.3627331573
 20
417854.6327329703
 10
175882.5072387218
 20
417802.9747165959
  0
LWPOLYLINE
  5
17FF
330
1F
100
AcDbEntity
  8
d_line
  6
Continuous
 62
     8
100
AcDbPolyline
 90
        2
 70
     0
 43
0.0
 10
176586.7095305505
 20
418481.1172117249
 10
176613.0915167712
 20
418510.2032579314
  0
LWPOLYLINE
  5
1800
330
1F
100
AcDbEntity
  8
d_line
  6
Continuous
 62
     8
100
AcDbPolyline
 90
        2
 70
     0
 43
0.0
 10
176186.8664234093
 20
418123.6450873945
 10
176235.2722715783
 20
418147.2432623372
  0
LWPOLYLINE
  5
1801
330
1F
100
AcDbEntity
  8
d_line
  6
Continuous
 62
     8
100
AcDbPolyline
 90
        2
 70
     0
 43
0.0
 10
176613.0915167712
 20
418510.2032579314
 10
176593.5894787887
 20
418542.2867119824
  0
LWPOLYLINE
  5
1802
330
1F
100
AcDbEntity
  8
d_line
  6
Continuous
 62
     8
100
AcDbPolyline
 90
        2
 70
     0
 43
0.0
 10
176613.0915167712
 20
418510.2032579314
 10
176662.7183176873
 20
418465.1901417224
  0
LWPOLYLINE
  5
1803
330
1F
100
AcDbEntity
  8
d_line
  6
Continuous
 62
     8
100
AcDbPolyline
 90
        2
 70
     0
 43
0.0
 10
176382.6496642591
 20
418151.9500798451
 10
176299.8033956103
 20
418227.0943295362
  0
LWPOLYLINE
  5
1804
330
1F
100
AcDbEntity
  8
d_line
  6
Continuous
 62
     8
100
AcDbPolyline
 90
        2
 70
     0
 43
0.0
 10
176344.0861209296
 20
418111.3241538242
 10
176266.5127179071
 20
418181.6857435637
  0
LWPOLYLINE
  5
1805
330
1F
100
AcDbEntity
  8
d_line
  6
Continuous
 62
     8
100
AcDbPolyline
 90
        2
 70
     0
 43
0.0
 10
176254.9993037337
 20
417674.8251703211
 10
176195.8867853468
 20
417698.9611313469
  0
LWPOLYLINE
  5
1806
330
1F
100
AcDbEntity
  8
d_line
  6
Continuous
 62
     8
100
AcDbPolyline
 90
        2
 70
     0
 43
0.0
 10
176073.2371077337
 20
417629.9765461968
 10
176060.4386499797
 20
417645.6353928697
  0
LWPOLYLINE
  5
1807
330
1F
100
AcDbEntity
  8
d_line
  6
Continuous
 62
     8
100
AcDbPolyline
 90
        2
 70
     0
 43
0.0
 10
175832.7112220421
 20
417903.9238669465
 10
175804.9522028301
 20
417873.3196467528
  0
LWPOLYLINE
  5
1808
330
1F
100
AcDbEntity
  8
d_line
  6
Continuous
 62
     8
100
AcDbPolyline
 90
        2
 70
     0
 43
0.0
 10
176409.769729707
 20
418360.6216033965
 10
176434.6370566889
 20
418389.3690562734
  0
LWPOLYLINE
  5
1809
330
1F
100
AcDbEntity
  8
d_line
  6
Continuous
 62
     8
100
AcDbPolyline
 90
        2
 70
     0
 43
0.0
 10
176681.0364895754
 20
418638.6967311146
 10
176707.3037801863
 20
418666.1743716245
  0
LWPOLYLINE
  5
180A
330
1F
100
AcDbEntity
  8
d_line
  6
Continuous
 62
     8
100
AcDbPolyline
 90
        2
 70
     0
 43
0.0
 10
176341.690453947
 20
418594.8954812434
 10
176280.1575035929
 20
418650.7078606866
  0
LWPOLYLINE
  5
180B
330
1F
100
AcDbEntity
  8
d_line
  6
Continuous
 62
     8
100
AcDbPolyline
 90
        2
 70
     0
 43
0.0
 10
176381.9671153772
 20
418639.3003575974
 10
176320.4341650231
 20
418695.1127370408
  0
LWPOLYLINE
  5
180C
330
1F
100
AcDbEntity
  8
d_line
  6
Continuous
 62
     8
100
AcDbPolyline
 90
        2
 70
     0
 43
0.0
 10
176400.5220800831
 20
417739.4916348972
 10
176308.421295926
 20
417823.030029979
  0
LWPOLYLINE
  5
180D
330
1F
100
AcDbEntity
  8
d_line
  6
Continuous
 62
     8
100
AcDbPolyline
 90
        2
 70
     0
 43
0.0
 10
176411.2714809691
 20
417751.3428112351
 10
176331.2015967467
 20
417823.9687903029
  0
LWPOLYLINE
  5
180E
330
1F
100
AcDbEntity
  8
d_line
  6
Continuous
 62
     8
100
AcDbPolyline
 90
        2
 70
     0
 43
0.0
 10
176254.9993037337
 20
417674.8251703211
 10
176304.6261046424
 20
417629.8120541043
  0
LWPOLYLINE
  5
180F
330
1F
100
AcDbEntity
  8
d_line
  6
Continuous
 62
     8
100
AcDbPolyline
 90
        2
 70
     0
 43
0.0
 10
176529.762916422
 20
418775.9067628692
 10
176560.6519430719
 20
418799.1923390586
  0
LWPOLYLINE
  5
1810
330
1F
100
AcDbEntity
  8
d_line
  6
Continuous
 62
     8
100
AcDbPolyline
 90
        2
 70
     0
 43
0.0
 10
176623.0049900989
 20
418421.4063389569
 10
176586.7095305505
 20
418481.1172117249
  0
LWPOLYLINE
  5
1811
330
1F
100
AcDbEntity
  8
d_line
  6
Continuous
 62
     8
100
AcDbPolyline
 90
        2
 70
     0
 43
0.0
 10
176290.5954662216
 20
418468.716521347
 10
176305.6538685224
 20
418506.360986696
  0
LWPOLYLINE
  5
1812
330
1F
100
AcDbEntity
  8
d_line
  6
Continuous
 62
     8
100
AcDbPolyline
 90
        2
 70
     0
 43
0.0
 10
176359.4772108291
 20
418733.6921913508
 10
176432.1424231934
 20
418684.155786338
  0
LWPOLYLINE
  5
1813
330
1F
100
AcDbEntity
  8
d_line
  6
Continuous
 62
     8
100
AcDbPolyline
 90
        2
 70
     0
 43
0.0
 10
176733.9035307694
 20
418066.6217446508
 10
176614.462256593
 20
417934.9381636582
  0
LWPOLYLINE
  5
1814
330
1F
100
AcDbEntity
  8
d_line
  6
Continuous
 62
     8
100
AcDbPolyline
 90
        2
 70
     0
 43
0.0
 10
176453.9367337348
 20
418075.7444961366
 10
176490.215961724
 20
418115.7422162779
  0
LWPOLYLINE
  5
1815
330
1F
100
AcDbEntity
  8
d_line
  6
Continuous
 62
     8
100
AcDbPolyline
 90
        2
 70
     0
 43
0.0
 10
175987.9928465151
 20
417716.8423385028
 10
176077.3608598559
 20
417815.3702561383
  0
LWPOLYLINE
  5
1816
330
1F
100
AcDbEntity
  8
d_line
  6
Continuous
 62
     8
100
AcDbPolyline
 90
        2
 70
     0
 43
0.0
 10
176165.0257723034
 20
417912.0205110813
 10
176212.9629355079
 20
417964.8710634359
  0
LWPOLYLINE
  5
1817
330
1F
100
AcDbEntity
  8
d_line
  6
Continuous
 62
     8
100
AcDbPolyline
 90
        2
 70
     0
 43
0.0
 10
175568.4510656503
 20
418087.833840263
 10
175628.6092985814
 20
418154.1580786094
  0
LWPOLYLINE
  5
1818
330
1F
100
AcDbEntity
  8
d_line
  6
Continuous
 62
     8
100
AcDbPolyline
 90
        2
 70
     0
 43
0.0
 10
175698.3233163026
 20
418231.0175357804
 10
175804.9378851763
 20
418348.5597196621
  0
LWPOLYLINE
  5
1819
330
1F
100
AcDbEntity
  8
d_line
  6
Continuous
 62
     8
100
AcDbPolyline
 90
        2
 70
     0
 43
0.0
 10
176069.6518359098
 20
419132.3403039867
 10
176098.4447222506
 20
419164.0843590112
  0
LWPOLYLINE
  5
181A
330
1F
100
AcDbEntity
  8
d_line
  6
Continuous
 62
     8
100
AcDbPolyline
 90
        2
 70
     0
 43
0.0
 10
175681.929290863
 20
418460.1324998967
 10
175597.2245898521
 20
418536.9624079493
  0
LWPOLYLINE
  5
181B
330
1F
100
AcDbEntity
  8
d_line
  6
Continuous
 62
     8
100
AcDbPolyline
 90
        2
 70
     0
 43
0.0
 10
176473.5107493538
 20
418252.1241037919
 10
176494.1491388879
 20
418274.8778550293
  0
LWPOLYLINE
  5
181C
330
1F
100
AcDbEntity
  8
d_line
  6
Continuous
 62
     8
100
AcDbPolyline
 90
        4
 70
     0
 43
0.0
 10
176149.4785478641
 20
418501.0801884292
 10
176140.8419241809
 20
418482.8625914753
 42
0.0021023409161565
 10
176138.6618709931
 20
418479.4405051998
 10
176119.4914356924
 20
418449.0670961969
  0
LWPOLYLINE
  5
181D
330
1F
100
AcDbEntity
  8
d_line
  6
Continuous
 62
     8
100
AcDbPolyline
 90
        2
 70
     0
 43
0.0
 10
175706.7206190916
 20
418732.2099252371
 10
175653.5851506216
 20
418780.4055166048
  0
LWPOLYLINE
  5
181E
330
1F
100
AcDbEntity
  8
d_line
  6
Continuous
 62
     8
100
AcDbPolyline
 90
        2
 70
     0
 43
0.0
 10
175980.6131351083
 20
418749.880538374
 10
175871.7083510491
 20
418629.8134003768
  0
LWPOLYLINE
  5
181F
330
1F
100
AcDbEntity
  8
d_line
  6
Continuous
 62
     8
100
AcDbPolyline
 90
        2
 70
     0
 43
0.0
 10
175954.1116809872
 20
418945.4194912896
 10
176071.2617309425
 20
419074.5770056805
  0
LWPOLYLINE
  5
1820
330
1F
100
AcDbEntity
  8
d_line
  6
Continuous
 62
     8
100
AcDbPolyline
 90
        2
 70
     0
 43
0.0
 10
175901.2701900183
 20
418882.6965698543
 10
175942.8970254405
 20
418928.5900082022
  0
LWPOLYLINE
  5
1821
330
1F
100
AcDbEntity
  8
d_line
  6
Continuous
 62
     8
100
AcDbPolyline
 90
        2
 70
     0
 43
0.0
 10
176086.9205776151
 20
419087.3754634345
 10
176127.0579272915
 20
419131.6267490331
  0
LWPOLYLINE
  5
1822
330
1F
100
AcDbEntity
  8
d_line
  6
Continuous
 62
     8
100
AcDbPolyline
 90
        2
 70
     0
 43
0.0
 10
175942.8970254403
 20
418928.5900082022
 10
175954.111680987
 20
418945.4194912893
  0
LWPOLYLINE
  5
1823
330
1F
100
AcDbEntity
  8
d_line
  6
Continuous
 62
     8
100
AcDbPolyline
 90
        2
 70
     0
 43
0.0
 10
176086.9205776148
 20
419087.3754634344
 10
176071.2617309424
 20
419074.5770056805
  0
LWPOLYLINE
  5
1824
330
1F
100
AcDbEntity
  8
d_line
  6
Continuous
 62
     8
100
AcDbPolyline
 90
        5
 70
     0
 43
0.0
 10
176165.5983127423
 20
418567.5719555844
 10
176165.5983127411
 20
418567.5719555831
 42
0.0434451025479119
 10
176111.6010905
 20
418496.520146856
 10
176065.4021985559
 20
418423.323173575
 42
-0.0219126034492026
 10
176041.1464413913
 20
418388.3834129267
  0
LWPOLYLINE
  5
1825
330
1F
100
AcDbEntity
  8
d_line
  6
Continuous
 62
     8
100
AcDbPolyline
 90
        2
 70
     0
 43
0.0
 10
175993.5429417693
 20
418556.4961253272
 10
176083.940578791
 20
418656.1591993847
  0
LWPOLYLINE
  5
1826
330
1F
100
AcDbEntity
  8
d_line
  6
Continuous
 62
     8
100
AcDbPolyline
 90
        2
 70
     0
 43
0.0
 10
175835.1705751727
 20
418381.8911531083
 10
175924.3853012549
 20
418480.2500720528
  0
LWPOLYLINE
  5
1827
330
1F
100
AcDbEntity
  8
d_line
  6
Continuous
 62
     8
100
AcDbPolyline
 90
        2
 70
     0
 43
0.0
 10
176109.470405899
 20
418684.3057431838
 10
176223.4956186616
 20
418810.0181356579
  0
LWPOLYLINE
  5
1828
330
1F
100
AcDbEntity
  8
d_line
  6
Continuous
 62
     8
100
AcDbPolyline
 90
        2
 70
     0
 43
0.0
 10
175768.7512566264
 20
418723.1988205884
 10
175877.6560406858
 20
418843.2659585859
  0
LWPOLYLINE
  5
1829
330
1F
100
AcDbEntity
  8
d_line
  6
Continuous
 62
     8
100
AcDbPolyline
 90
        2
 70
     0
 43
0.0
 10
175628.8860370672
 20
418568.9979123097
 10
175745.2369421847
 20
418697.2743723525
  0
LWPOLYLINE
  5
182A
330
1F
100
AcDbEntity
  8
d_line
  6
Continuous
 62
     8
100
AcDbPolyline
 90
        2
 70
     0
 43
0.0
 10
175903.1858677939
 20
418871.4125023849
 10
176037.1495768964
 20
419019.1070163254
  0
LWPOLYLINE
  5
182B
330
1F
100
AcDbEntity
  8
d_line
  6
Continuous
 62
     8
100
AcDbPolyline
 90
        2
 70
     0
 43
0.0
 10
176070.9316423802
 20
419056.3516236522
 10
176138.4748228939
 20
419130.8177405043
  0
LWPOLYLINE
  5
182C
330
1F
100
AcDbEntity
  8
d_line
  6
Continuous
 62
     8
100
AcDbPolyline
 90
        2
 70
     0
 43
0.0
 10
176058.6819192937
 20
418412.969623227
 10
175966.4866361431
 20
418496.5937319572
  0
LWPOLYLINE
  5
182D
330
1F
100
AcDbEntity
  8
d_line
  6
Continuous
 62
     8
100
AcDbPolyline
 90
        2
 70
     0
 43
0.0
 10
175921.7423540195
 20
418537.1782454539
 10
175738.5706554957
 20
418703.3209103517
  0
LWPOLYLINE
  5
182E
330
1F
100
AcDbEntity
  8
d_line
  6
Continuous
 62
     8
100
AcDbPolyline
 90
        2
 70
     0
 43
0.0
 10
176077.7660818398
 20
418442.9123627589
 10
175990.0009505848
 20
418522.5181801931
  0
LWPOLYLINE
  5
182F
330
1F
100
AcDbEntity
  8
d_line
  6
Continuous
 62
     8
100
AcDbPolyline
 90
        2
 70
     0
 43
0.0
 10
175871.7083510491
 20
418629.8134003768
 10
175762.0849699374
 20
418729.2453585874
  0
LWPOLYLINE
  5
1830
330
1F
100
AcDbEntity
  8
d_line
  6
Continuous
 62
     8
100
AcDbPolyline
 90
        2
 70
     0
 43
0.0
 10
176090.9529428734
 20
418701.1016820707
 10
176206.7679667975
 20
418828.7873349998
  0
LWPOLYLINE
  5
1831
330
1F
100
AcDbEntity
  8
d_line
  6
Continuous
 62
     8
100
AcDbPolyline
 90
        2
 70
     0
 43
0.0
 10
175924.3853012549
 20
418480.2500720528
 10
175966.4866361429
 20
418496.5937319571
  0
LWPOLYLINE
  5
1832
330
1F
100
AcDbEntity
  8
d_line
  6
Continuous
 62
     8
100
AcDbPolyline
 90
        2
 70
     0
 43
0.0
 10
175909.5713308353
 20
418493.6868231615
 10
175820.3566047523
 20
418395.3279042179
  0
LWPOLYLINE
  5
1833
330
1F
100
AcDbEntity
  8
d_line
  6
Continuous
 62
     8
100
AcDbPolyline
 90
        2
 70
     0
 43
0.0
 10
175553.6370952299
 20
418101.2705913725
 10
175613.7953281609
 20
418167.594829719
  0
LWPOLYLINE
  5
1834
330
1F
100
AcDbEntity
  8
d_line
  6
Continuous
 62
     8
100
AcDbPolyline
 90
        2
 70
     0
 43
0.0
 10
175621.9280123572
 20
418233.1223769629
 10
175585.6487843615
 20
418193.1246568276
  0
LWPOLYLINE
  5
1835
330
1F
100
AcDbEntity
  8
d_line
  6
Continuous
 62
     8
100
AcDbPolyline
 90
        2
 70
     0
 43
0.0
 10
175695.0842236517
 20
418195.1189391742
 10
175790.1018935344
 20
418108.9348342393
  0
LWPOLYLINE
  5
1836
330
1F
100
AcDbEntity
  8
d_line
  6
Continuous
 62
     8
100
AcDbPolyline
 90
        2
 70
     0
 43
0.0
 10
175664.8515336552
 20
418161.787505728
 10
175759.8692035434
 20
418075.6034007881
  0
LWPOLYLINE
  5
1837
330
1F
100
AcDbEntity
  8
d_line
  6
Continuous
 62
     8
100
AcDbPolyline
 90
        2
 70
     0
 43
0.0
 10
175530.0963952845
 20
418243.5124734885
 10
175613.7953281608
 20
418167.594829719
  0
LWPOLYLINE
  5
1838
330
1F
100
AcDbEntity
  8
d_line
  6
Continuous
 62
     8
100
AcDbPolyline
 90
        2
 70
     0
 43
0.0
 10
175566.3756232804
 20
418283.5101936237
 10
175621.9280123572
 20
418233.1223769629
  0
LWPOLYLINE
  5
1839
330
1F
100
AcDbEntity
  8
d_line
  6
Continuous
 62
     8
100
AcDbPolyline
 90
        2
 70
     0
 43
0.0
 10
175628.6092985814
 20
418154.1580786094
 10
175664.8515336552
 20
418161.787505728
  0
LWPOLYLINE
  5
183A
330
1F
100
AcDbEntity
  8
d_line
  6
Continuous
 62
     8
100
AcDbPolyline
 90
        2
 70
     0
 43
0.0
 10
175695.0842236517
 20
418195.1189391742
 10
175698.3233163026
 20
418231.0175357804
  0
LWPOLYLINE
  5
183B
330
1F
100
AcDbEntity
  8
d_line
  6
Continuous
 62
     8
100
AcDbPolyline
 90
        2
 70
     0
 43
0.0
 10
175990.0009505848
 20
418522.5181801931
 10
175993.5429417693
 20
418556.4961253272
  0
LWPOLYLINE
  5
183C
330
1F
100
AcDbEntity
  8
d_line
  6
Continuous
 62
     8
100
AcDbPolyline
 90
        2
 70
     0
 43
0.0
 10
175474.6887712671
 20
418182.4257646126
 10
175475.1756918241
 20
418172.437626229
  0
LWPOLYLINE
  5
183D
330
1F
100
AcDbEntity
  8
d_line
  6
Continuous
 62
     8
100
AcDbPolyline
 90
        2
 70
     0
 43
0.0
 10
175576.513116316
 20
418096.7222225151
 10
175685.3957990633
 20
417997.9621017173
  0
LWPOLYLINE
  5
183E
330
1F
100
AcDbEntity
  8
d_line
  6
Continuous
 62
     8
100
AcDbPolyline
 90
        2
 70
     0
 43
0.0
 10
176062.9023694856
 20
419065.360839336
 10
176337.5704131246
 20
418757.170586108
  0
LWPOLYLINE
  5
183F
330
1F
100
AcDbEntity
  8
d_line
  6
Continuous
 62
     8
100
AcDbPolyline
 90
        2
 70
     0
 43
0.0
 10
176029.1203040018
 20
419028.1162320093
 10
176206.7679667975
 20
418828.7873349998
  0
LWPOLYLINE
  5
1840
330
1F
100
AcDbEntity
  8
d_line
  6
Continuous
 62
     8
100
AcDbPolyline
 90
        2
 70
     0
 43
0.0
 10
176223.4956186616
 20
418810.0181356579
 10
176303.7883476464
 20
418719.9259787752
  0
LWPOLYLINE
  5
1841
330
1F
100
AcDbEntity
  8
d_line
  6
Continuous
 62
     8
100
AcDbPolyline
 90
        2
 70
     0
 43
0.0
 10
175909.5713308362
 20
418493.6868231608
 10
175921.7423540195
 20
418537.1782454541
  0
LWPOLYLINE
  5
1842
330
1F
100
AcDbEntity
  8
d_line
  6
Continuous
 62
     8
100
AcDbPolyline
 90
        3
 70
     0
 43
0.0
 10
176077.3608598558
 20
417815.3702561381
 10
176088.5755153995
 20
417832.1997392269
 10
176115.4490176138
 20
417861.8276800725
  0
LWPOLYLINE
  5
1843
330
1F
100
AcDbEntity
  8
d_line
  6
Continuous
 62
     8
100
AcDbPolyline
 90
        3
 70
     0
 43
0.0
 10
176385.8458369065
 20
418155.4738488475
 10
176397.0604924494
 20
418172.3033319371
 10
176423.9339946643
 20
418201.9312727832
  0
LWPOLYLINE
  5
1844
330
1F
100
AcDbEntity
  8
d_line
  6
Continuous
 62
     8
100
AcDbPolyline
 90
        4
 70
     0
 43
0.0
 10
176528.8441895153
 20
418313.1290252499
 10
176538.014204227
 20
418323.2389339349
 10
176549.2288597707
 20
418340.0684170236
 10
176576.1023619904
 20
418369.6963578753
  0
LWPOLYLINE
  5
1845
330
1F
100
AcDbEntity
  8
d_line
  6
Continuous
 62
     8
100
AcDbPolyline
 90
        2
 70
     0
 43
0.0
 10
176589.8651433493
 20
418384.8697754939
 10
176683.0364594767
 20
418487.5908209575
  0
LWPOLYLINE
  5
1846
330
1F
100
AcDbEntity
  8
d_line
  6
Continuous
 62
     8
100
AcDbPolyline
 90
        5
 70
     0
 43
0.0
 10
176718.850432808
 20
418522.6102343485
 10
176752.7844112483
 20
418560.0223251831
 10
176752.2974906901
 20
418570.010463567
 10
176703.8343773466
 20
418613.9680774593
 10
176691.0359195921
 20
418629.6269241316
  0
LWPOLYLINE
  5
1847
330
1F
100
AcDbEntity
  8
d_line
  6
Continuous
 62
     8
100
AcDbPolyline
 90
        3
 70
     0
 43
0.0
 10
176683.0364594767
 20
418487.5908209575
 10
176703.1915861373
 20
418509.8117765917
 10
176718.8504328079
 20
418522.6102343484
  0
LWPOLYLINE
  5
1848
330
1F
100
AcDbEntity
  8
d_line
  6
Continuous
 62
     8
100
AcDbPolyline
 90
        3
 70
     0
 43
0.0
 10
176779.8428304593
 20
418600.3791029341
 10
176789.8309688428
 20
418600.8660234921
 10
176830.7553799059
 20
418645.9850414915
  0
LWPOLYLINE
  5
1849
330
1F
100
AcDbEntity
  8
d_line
  6
Continuous
 62
     8
100
AcDbPolyline
 90
        2
 70
     0
 43
0.0
 10
176069.6518361398
 20
419132.3403043319
 10
176058.4371806389
 20
419115.5108212035
  0
LWPOLYLINE
  5
184A
330
1F
100
AcDbEntity
  8
d_line
  6
Continuous
 62
     8
100
AcDbPolyline
 90
        2
 70
     0
 43
0.0
 10
176428.8925746351
 20
418857.8529451671
 10
176203.1048373951
 20
418608.9227659429
  0
LWPOLYLINE
  5
184B
330
1F
100
AcDbEntity
  8
d_line
  6
Continuous
 62
     8
100
AcDbPolyline
 90
        2
 70
     0
 43
0.0
 10
175790.1018935345
 20
418108.9348342394
 10
175759.8692035434
 20
418075.6034007881
  0
LWPOLYLINE
  5
184C
330
1F
100
AcDbEntity
  8
d_line
  6
Continuous
 62
     8
100
AcDbPolyline
 90
        3
 70
     0
 43
0.0
 10
176041.1464413913
 20
418388.3834129267
 10
176026.3978177375
 20
418374.6374968889
 42
-0.0112105107449165
 10
176012.226455962
 20
418358.2917413709
  0
LWPOLYLINE
  5
184D
330
1F
100
AcDbEntity
  8
d_line
  6
Continuous
 62
     8
100
AcDbPolyline
 90
        2
 70
     0
 43
0.0
 10
175954.8462265242
 20
418290.5648768568
 10
175951.0259623493
 20
418286.3530491579
  0
LWPOLYLINE
  5
184E
330
1F
100
AcDbEntity
  8
d_line
  6
Continuous
 62
     8
100
AcDbPolyline
 90
        3
 70
     0
 43
0.0
 10
176012.226455962
 20
418358.2917413709
 10
175966.0608820679
 20
418307.3943599455
 10
175954.8462265242
 20
418290.5648768566
  0
LWPOLYLINE
  5
184F
330
1F
100
AcDbEntity
  8
d_line
  6
Continuous
 62
     8
100
AcDbPolyline
 90
        3
 70
     0
 43
0.0
 10
175781.3494606532
 20
418056.1201116794
 10
175770.1348051092
 20
418039.2906285901
 10
175744.7392214162
 20
418011.2920876708
  0
LWPOLYLINE
  5
1850
330
1F
100
AcDbEntity
  8
d_line
  6
Continuous
 62
     8
100
AcDbPolyline
 90
        3
 70
     0
 43
0.0
 10
175730.9764400567
 20
417996.1186700515
 10
175708.0088055473
 20
417970.7969344928
 10
175708.4957261047
 20
417960.8087961088
  0
LWPOLYLINE
  5
1851
330
1F
100
AcDbEntity
  8
d_line
  6
Continuous
 62
     8
100
AcDbPolyline
 90
        2
 70
     0
 43
0.0
 10
176351.4917716372
 20
419053.8368383634
 10
176323.9315990741
 20
419023.4518459048
  0
LWPOLYLINE
  5
1852
330
1F
100
AcDbEntity
  8
d_line
  6
Continuous
 62
     8
100
AcDbPolyline
 90
        2
 70
     0
 43
0.0
 10
176379.6904043008
 20
419041.7605344641
 10
176345.4118561844
 20
419003.9685567967
  0
LWPOLYLINE
  5
1853
330
1F
100
AcDbEntity
  8
d_line
  6
Continuous
 62
     8
100
AcDbPolyline
 90
        2
 70
     0
 43
0.0
 10
176570.3670703249
 20
419013.8280747214
 10
176463.9236195635
 20
418896.4745479125
  0
LWPOLYLINE
  5
1854
330
1F
100
AcDbEntity
  8
d_line
  6
Continuous
 62
     8
100
AcDbPolyline
 90
        2
 70
     0
 43
0.0
 10
175626.9703592916
 20
418580.2819797793
 10
175866.2391450834
 20
418844.0749671147
  0
LWPOLYLINE
  5
1855
330
1F
100
AcDbEntity
  8
d_line
  6
Continuous
 62
     8
100
AcDbPolyline
 90
        2
 70
     0
 43
0.0
 10
176434.225210072
 20
417768.2292428719
 10
176419.261991676
 20
417751.7323476811
  0
LWPOLYLINE
  5
1856
330
1F
100
AcDbEntity
  8
d_line
  6
Continuous
 62
     8
100
AcDbPolyline
 90
        2
 70
     0
 43
0.0
 10
176348.7230281559
 20
417849.6010862065
 10
176330.9094444122
 20
417829.9616733331
  0
LWPOLYLINE
  5
1857
330
1F
100
AcDbEntity
  8
d_line
  6
Continuous
 62
     8
100
AcDbPolyline
 90
        2
 70
     0
 43
0.0
 10
176339.8346459039
 20
417857.6631368725
 10
176308.421295926
 20
417823.030029979
  0
LWPOLYLINE
  5
1858
330
1F
100
AcDbEntity
  8
d_line
  6
Continuous
 62
     8
100
AcDbPolyline
 90
        2
 70
     0
 43
0.0
 10
176373.7943491344
 20
417832.5884772248
 10
176350.2800346954
 20
417806.6640289864
  0
LWPOLYLINE
  5
1859
330
1F
100
AcDbEntity
  8
d_line
  6
Continuous
 62
     8
100
AcDbPolyline
 90
        2
 70
     0
 43
0.0
 10
176162.5758927836
 20
419160.2602133889
 10
176313.9434606905
 20
419022.9649253477
  0
LWPOLYLINE
  5
185A
330
1F
100
AcDbEntity
  8
d_line
  6
Continuous
 62
     8
100
AcDbPolyline
 90
        2
 70
     0
 43
0.0
 10
176345.8987767415
 20
418993.9804184128
 10
176453.9354811799
 20
418895.9876273546
  0
LWPOLYLINE
  5
185B
330
1F
100
AcDbEntity
  8
d_line
  6
Continuous
 62
     8
100
AcDbPolyline
 90
        2
 70
     0
 43
0.0
 10
176433.7382895145
 20
417778.2173812556
 10
176354.7159111861
 20
417849.8932385409
  0
LWPOLYLINE
  5
185C
330
1F
100
AcDbEntity
  8
d_line
  6
Continuous
 62
     8
100
AcDbPolyline
 90
        2
 70
     0
 43
0.0
 10
176339.5424935694
 20
417863.6560199027
 10
176246.4468436665
 20
417948.0967904471
  0
LWPOLYLINE
  5
185D
330
1F
100
AcDbEntity
  8
d_line
  6
Continuous
 62
     8
100
AcDbPolyline
 90
        2
 70
     0
 43
0.0
 10
175908.5830384126
 20
418254.5502078148
 10
175711.6625113502
 20
418433.1635056278
  0
LWPOLYLINE
  5
185E
330
1F
100
AcDbEntity
  8
d_line
  6
Continuous
 62
     8
100
AcDbPolyline
 90
        2
 70
     0
 43
0.0
 10
176400.9116165291
 20
417731.50112419
 10
176384.2725342332
 20
417713.1565949958
  0
LWPOLYLINE
  5
185F
330
1F
100
AcDbEntity
  8
d_line
  6
Continuous
 62
     8
100
AcDbPolyline
 90
        2
 70
     0
 43
0.0
 10
176334.6957795395
 20
417662.9637639888
 10
176267.2777558109
 20
417588.6356320325
  0
LWPOLYLINE
  5
1860
330
1F
100
AcDbEntity
  8
d_line
  6
Continuous
 62
     8
100
AcDbPolyline
 90
        2
 70
     0
 43
0.0
 10
176215.4268166898
 20
417527.0047904822
 10
176207.2396083974
 20
417517.9784223888
  0
LWPOLYLINE
  5
1861
330
1F
100
AcDbEntity
  8
d_line
  6
Continuous
 62
     8
100
AcDbPolyline
 90
        3
 70
     0
 43
0.0
 10
176253.5149744504
 20
417573.462214414
 10
176226.6414722343
 20
417543.8342735701
 10
176215.4268166896
 20
417527.0047904819
  0
LWPOLYLINE
  5
1862
330
1F
100
AcDbEntity
  8
d_line
  6
Continuous
 62
     8
100
AcDbPolyline
 90
        2
 70
     0
 43
0.0
 10
176451.2612760551
 20
417752.7769790954
 10
176408.0269757741
 20
417705.1113164345
  0
LWPOLYLINE
  5
1863
330
1F
100
AcDbEntity
  8
d_line
  6
Continuous
 62
     8
100
AcDbPolyline
 90
        2
 70
     0
 43
0.0
 10
176106.0221582489
 20
418636.1304914245
 10
175977.830064614
 20
418752.4048734775
  0
LWPOLYLINE
  5
1864
330
1F
100
AcDbEntity
  8
d_line
  6
Continuous
 62
     8
100
AcDbPolyline
 90
        2
 70
     0
 43
0.0
 10
175881.1798096927
 20
418840.0697859345
 10
175876.2272834671
 20
418844.5618876714
  0
LWPOLYLINE
  5
1865
330
1F
100
AcDbEntity
  8
d_line
  6
Continuous
 62
     8
100
AcDbPolyline
 90
        2
 70
     0
 43
0.0
 10
175475.1756918241
 20
418172.437626229
 10
175672.0962189283
 20
417993.8243283774
  0
LWPOLYLINE
  5
1866
330
1F
100
AcDbEntity
  8
d_line
  6
Continuous
 62
     8
100
AcDbPolyline
 90
        2
 70
     0
 43
0.0
 10
175978.0047081314
 20
417716.355417945
 10
175708.4957261047
 20
417960.8087961088
  0
LWPOLYLINE
  5
1867
330
1F
100
AcDbEntity
  8
d_line
  6
Continuous
 62
     8
100
AcDbPolyline
 90
        6
 70
     0
 43
0.0
 10
176530.03827234
 20
418926.2005216661
 10
176487.4193893391
 20
418879.213354367
 10
176487.9063098973
 20
418869.2252159831
 10
176532.3482211599
 20
418828.9149626554
 10
176545.1466789145
 20
418813.2561159831
 10
176779.8428304593
 20
418600.3791029341
  0
LWPOLYLINE
  5
1868
330
1F
100
AcDbEntity
  8
d_line
  6
Continuous
 62
     8
100
AcDbPolyline
 90
        2
 70
     0
 43
0.0
 10
174786.5678751351
 20
417894.1425969093
 10
174795.7910314273
 20
417911.8889595792
  0
LWPOLYLINE
  5
1869
330
1F
100
AcDbEntity
  8
d_line
  6
Continuous
 62
     8
100
AcDbPolyline
 90
        3
 70
     0
 43
0.0
 10
176437.6967760226
 20
418217.1046904011
 10
176457.8519026832
 20
418239.3256460353
 10
176473.5107493537
 20
418252.1241037919
  0
LWPOLYLINE
  5
186A
330
1F
100
AcDbEntity
  8
d_line
  6
Continuous
 62
     8
100
AcDbPolyline
 90
        3
 70
     0
 43
0.0
 10
176415.5043776379
 20
419076.7799478489
 10
176395.3492509736
 20
419054.5589922183
 10
176379.6904043009
 20
419041.7605344642
  0
LWPOLYLINE
  5
186B
330
1F
100
AcDbEntity
  8
d_line
  6
Continuous
 62
     8
100
AcDbPolyline
 90
        3
 70
     0
 43
0.0
 10
176389.5799294028
 20
419100.2942622914
 10
176362.7064271837
 20
419070.6663214505
 10
176351.4917716372
 20
419053.8368383634
  0
LWPOLYLINE
  5
186C
330
1F
100
AcDbEntity
  8
d_line
  6
Continuous
 62
     8
100
AcDbPolyline
 90
        2
 70
     0
 43
0.0
 10
176445.0879529997
 20
419157.0262962073
 10
176429.4291063271
 20
419144.2278384532
  0
LWPOLYLINE
  5
186D
330
1F
100
AcDbEntity
  8
d_line
  6
Continuous
 62
     8
100
AcDbPolyline
 90
        3
 70
     0
 43
0.0
 10
176473.2865856636
 20
419144.9499923081
 10
176462.071930117
 20
419128.1205092212
 10
176435.198427898
 20
419098.49256838
  0
LWPOLYLINE
  5
186E
330
1F
100
AcDbEntity
  8
d_line
  6
Continuous
 62
     8
100
AcDbPolyline
 90
        3
 70
     0
 43
0.0
 10
176617.7031847889
 20
419022.8507766105
 10
176606.4885292452
 20
419006.0212935217
 10
176579.6150270307
 20
418976.393352676
  0
LWPOLYLINE
  5
186F
330
1F
100
AcDbEntity
  8
d_line
  6
Continuous
 62
     8
100
AcDbPolyline
 90
        3
 70
     0
 43
0.0
 10
176530.0382723403
 20
418926.2005216662
 10
176545.6971190108
 20
418938.9989794229
 10
176579.6150270307
 20
418976.393352676
  0
LWPOLYLINE
  5
1870
330
1F
100
AcDbEntity
  8
d_line
  6
Continuous
 62
     8
100
AcDbPolyline
 90
        3
 70
     0
 43
0.0
 10
176918.4202923542
 20
418742.6352964357
 10
176902.7614456837
 20
418729.836838679
 10
176882.6063190234
 20
418707.615883045
  0
LWPOLYLINE
  5
1871
330
1F
100
AcDbEntity
  8
d_line
  6
Continuous
 62
     8
100
AcDbPolyline
 90
        3
 70
     0
 43
0.0
 10
176830.7553799062
 20
418645.9850414919
 10
176841.9700354499
 20
418662.8145245808
 10
176868.8435376642
 20
418692.442465426
  0
LWPOLYLINE
  5
1872
330
1F
100
AcDbEntity
  8
d_line
  6
Continuous
 62
     8
100
AcDbPolyline
 90
        4
 70
     0
 43
0.0
 10
176691.0359195921
 20
418629.6269241316
 10
176460.3609701282
 20
418838.8565766159
 10
176450.3728317446
 20
418838.3696560581
 10
176416.9917151304
 20
418801.5670934253
  0
LWPOLYLINE
  5
1873
330
1F
100
AcDbEntity
  8
d_line
  6
Continuous
 62
     8
100
AcDbPolyline
 90
        3
 70
     0
 43
0.0
 10
176416.9917151304
 20
418801.5670934253
 10
176405.7770595867
 20
418784.7376103365
 10
176378.9035573722
 20
418755.1096694908
  0
LWPOLYLINE
  5
1874
330
1F
100
AcDbEntity
  8
d_line
  6
Continuous
 62
     8
100
AcDbPolyline
 90
        2
 70
     0
 43
0.0
 10
176224.4171570481
 20
418589.2543263839
 10
176334.7015031248
 20
418710.8424266503
  0
LWPOLYLINE
  5
1875
330
1F
100
AcDbEntity
  8
d_line
  6
Continuous
 62
     8
100
AcDbPolyline
 90
        2
 70
     0
 43
0.0
 10
176341.690453947
 20
418594.8954812434
 10
176381.9671153905
 20
418639.3003575854
  0
LWPOLYLINE
  5
1876
330
1F
100
AcDbEntity
  8
d_line
  6
Continuous
 62
     8
100
AcDbPolyline
 90
        4
 70
     0
 43
0.0
 10
176708.9609077114
 20
418464.0765065145
 10
176735.8344099256
 20
418493.7044473598
 10
176747.0490654692
 20
418510.5339304487
 10
176776.280181024
 20
418542.7611316375
  0
LWPOLYLINE
  5
1877
330
1F
100
AcDbEntity
  8
d_line
  6
Continuous
 62
     8
100
AcDbPolyline
 90
        2
 70
     0
 43
0.0
 10
176525.4495372305
 20
418255.6962702157
 10
176735.5755535849
 20
418065.1051657875
  0
LWPOLYLINE
  5
1878
330
1F
100
AcDbEntity
  8
d_line
  6
Continuous
 62
     8
100
AcDbPolyline
 90
        3
 70
     0
 43
0.0
 10
176384.2725342331
 20
417713.1565949956
 10
176368.6136875618
 20
417700.3581372399
 10
176348.4585608999
 20
417678.1371816072
  0
LWPOLYLINE
  5
1879
330
1F
100
AcDbEntity
  8
d_line
  6
Continuous
 62
     8
100
AcDbPolyline
 90
        3
 70
     0
 43
0.0
 10
176369.9388180133
 20
417658.6538925023
 10
176396.8123202293
 20
417688.2818333461
 10
176408.026975774
 20
417705.1113164342
  0
LWPOLYLINE
  5
187A
330
1F
100
AcDbEntity
  8
d_line
  6
Continuous
 62
     8
100
AcDbPolyline
 90
        2
 70
     0
 43
0.0
 10
176193.2244049703
 20
417899.9442071879
 10
176182.0097494266
 20
417883.114724099
  0
LWPOLYLINE
  5
187B
330
1F
100
AcDbEntity
  8
d_line
  6
Continuous
 62
     8
100
AcDbPolyline
 90
        3
 70
     0
 43
0.0
 10
176165.0257723032
 20
417912.0205110812
 10
176149.3669256327
 20
417899.2220533245
 10
176129.2117989721
 20
417877.0010976903
  0
LWPOLYLINE
  5
187C
330
1F
100
AcDbEntity
  8
d_line
  6
Continuous
 62
     8
100
AcDbPolyline
 90
        3
 70
     0
 43
0.0
 10
176334.7015031248
 20
418710.8424266503
 10
176344.9856493524
 20
418717.7152962379
 10
176365.1407760131
 20
418739.936251872
  0
LWPOLYLINE
  5
187D
330
1F
100
AcDbEntity
  8
d_line
  6
Continuous
 62
     8
100
AcDbPolyline
 90
        3
 70
     0
 43
0.0
 10
175916.1992230775
 20
418804.2558125975
 10
175893.9782674468
 20
418824.4109392619
 10
175881.1798096927
 20
418840.0697859345
  0
LWPOLYLINE
  5
187E
330
1F
100
AcDbEntity
  8
d_line
  6
Continuous
 62
     8
100
AcDbPolyline
 90
        3
 70
     0
 43
0.0
 10
175481.7129551439
 20
418224.4074777877
 10
175492.9292281022
 20
418241.2356347643
 10
175586.9864157152
 20
418344.9333503633
  0
LWPOLYLINE
  5
187F
330
1F
100
AcDbEntity
  8
d_line
  6
Continuous
 62
     8
100
AcDbPolyline
 90
        2
 70
     0
 43
0.0
 10
175602.6494406423
 20
418362.2017797683
 10
175682.4162114201
 20
418450.1443615132
  0
LWPOLYLINE
  5
1880
330
1F
100
AcDbEntity
  8
d_line
  6
Continuous
 62
     8
100
AcDbPolyline
 90
        4
 70
     0
 43
0.0
 10
176108.5576461582
 20
418431.7437304902
 10
176092.4629790492
 20
418406.2435319191
 42
-0.0434451025464735
 10
176038.1509042018
 20
418334.7774269335
 10
176032.621613881
 20
418328.6814039724
  0
LWPOLYLINE
  5
1881
330
1F
100
AcDbEntity
  8
d_line
  6
Continuous
 62
     8
100
AcDbPolyline
 90
        2
 70
     0
 43
0.0
 10
176121.2183391923
 20
417816.0924100004
 10
176110.9341929652
 20
417809.2195404135
  0
LWPOLYLINE
  5
1882
330
1F
100
AcDbEntity
  8
d_line
  6
Continuous
 62
     8
100
AcDbPolyline
 90
        6
 70
     0
 43
0.0
 10
176493.66221833
 20
418284.8659934133
 10
176446.8597349921
 20
418327.3173620903
 10
176434.0355723469
 20
418342.9994798433
 10
176263.4259675924
 20
418497.7479252038
 10
176246.5964746768
 20
418508.9625872985
 10
176199.762594293
 20
418551.4424341135
  0
LWPOLYLINE
  5
1883
330
1F
100
AcDbEntity
  8
d_line
  6
Continuous
 62
     8
100
AcDbPolyline
 90
        6
 70
     0
 43
0.0
 10
176518.8560511317
 20
418312.6421046925
 10
176472.0535678041
 20
418355.0934733683
 10
176455.1986882927
 20
418366.3312719634
 10
176284.5888631245
 20
418521.0799172467
 10
176271.7903870665
 20
418536.7387863139
 10
176224.904077606
 20
418579.2661880001
  0
LWPOLYLINE
  5
1884
330
1F
100
AcDbEntity
  8
d_line
  6
Continuous
 62
     8
100
AcDbPolyline
 90
        2
 70
     0
 43
0.0
 10
176199.762594293
 20
418551.4424341135
 10
176189.7709937239
 20
418551.0326561161
  0
LWPOLYLINE
  5
1885
330
1F
100
AcDbEntity
  8
d_line
  6
Continuous
 62
     8
100
AcDbPolyline
 90
        2
 70
     0
 43
0.0
 10
176189.7709937239
 20
418551.0326561161
 42
0.0330832008997045
 10
176149.4785478641
 20
418501.080188429
  0
LWPOLYLINE
  5
1886
330
1F
100
AcDbEntity
  8
d_line
  6
Continuous
 62
     8
100
AcDbPolyline
 90
        2
 70
     0
 43
0.0
 10
175713.7645303285
 20
418029.2385272863
 10
175682.0843573116
 20
417994.311248935
  0
LWPOLYLINE
  5
1887
330
1F
100
AcDbEntity
  8
d_line
  6
Continuous
 62
     8
100
AcDbPolyline
 90
        2
 70
     0
 43
0.0
 10
175909.06995897
 20
418244.5620694308
 10
175858.2210659143
 20
418188.501345246
  0
LWPOLYLINE
  5
1888
330
1F
100
AcDbEntity
  8
d_line
  6
Continuous
 62
     8
100
AcDbPolyline
 90
        2
 70
     0
 43
0.0
 10
175744.2103568732
 20
418062.8049430318
 10
175759.8692035434
 20
418075.6034007881
  0
LWPOLYLINE
  5
1889
330
1F
100
AcDbEntity
  8
d_line
  6
Continuous
 62
     8
100
AcDbPolyline
 90
        3
 70
     0
 43
0.0
 10
175399.7660166511
 20
418549.338487212
 10
175419.129003483
 20
418555.7514213789
 42
0.0499987009361429
 10
175445.0753763528
 20
418574.6830766333
 42
0.0499987009361429
  0
LWPOLYLINE
  5
188A
330
1F
100
AcDbEntity
  8
d_line
  6
Continuous
 62
     8
100
AcDbPolyline
 90
        2
 70
     0
 43
0.0
 10
174977.7468463632
 20
418029.6745274055
 10
174992.1099611578
 20
418048.0383488315
  0
LWPOLYLINE
  5
188B
330
1F
100
AcDbEntity
  8
d_line
  6
Continuous
 62
     8
100
AcDbPolyline
 90
        2
 70
     0
 43
0.0
 10
176389.5799294028
 20
419100.2942622914
 10
176429.4291063271
 20
419144.2278384532
  0
LWPOLYLINE
  5
188C
330
1F
100
AcDbEntity
  8
d_line
  6
Continuous
 62
     8
100
AcDbPolyline
 90
        2
 70
     0
 43
0.0
 10
176435.198427898
 20
419098.49256838
 10
176415.5043776379
 20
419076.7799478489
  0
LWPOLYLINE
  5
188D
330
1F
100
AcDbEntity
  8
d_line
  6
Continuous
 62
     8
100
AcDbPolyline
 90
        2
 70
     0
 43
0.0
 10
176656.5466462364
 20
418410.755334342
 10
176550.4924437749
 20
418293.8309524026
  0
LWPOLYLINE
  5
188E
330
1F
100
AcDbEntity
  8
d_line
  6
Continuous
 62
     8
100
AcDbPolyline
 90
        2
 70
     0
 43
0.0
 10
176576.1023619904
 20
418369.6963578753
 10
176589.8651433494
 20
418384.869775494
  0
LWPOLYLINE
  5
188F
330
1F
100
AcDbEntity
  8
d_line
  6
Continuous
 62
     8
100
AcDbPolyline
 90
        2
 70
     0
 43
0.0
 10
176115.4490176128
 20
417861.8276800714
 10
176129.2117989721
 20
417877.0010976903
  0
LWPOLYLINE
  5
1890
330
1F
100
AcDbEntity
  8
d_line
  6
Continuous
 62
     8
100
AcDbPolyline
 90
        2
 70
     0
 43
0.0
 10
176110.9341929652
 20
417809.2195404135
 10
176011.4886162899
 20
417699.5811449564
  0
LWPOLYLINE
  5
1891
330
1F
100
AcDbEntity
  8
d_line
  6
Continuous
 62
     8
100
AcDbPolyline
 90
        2
 70
     0
 43
0.0
 10
176550.9793643328
 20
418283.84281402
 10
176550.4924437749
 20
418293.8309524032
  0
LWPOLYLINE
  5
1892
330
1F
100
AcDbEntity
  8
d_line
  6
Continuous
 62
     8
100
AcDbPolyline
 90
        2
 70
     0
 43
0.0
 10
175945.7061702263
 20
417627.0562319436
 10
175965.7081702909
 20
417649.1083660414
  0
LWPOLYLINE
  5
1893
330
1F
100
AcDbEntity
  8
d_line
  6
Continuous
 62
     8
100
AcDbPolyline
 90
        2
 70
     0
 43
0.0
 10
175093.7274761984
 20
417832.7528841314
 42
0.008682929200058
 10
175027.8376135032
 20
417882.4842089022
  0
LWPOLYLINE
  5
1894
330
1F
100
AcDbEntity
  8
d_line
  6
Continuous
 62
     8
100
AcDbPolyline
 90
        2
 70
     0
 43
0.0
 10
175221.3692957694
 20
417961.6981782543
 10
175204.1008663649
 20
417977.3612031811
  0
LWPOLYLINE
  5
1895
330
1F
100
AcDbEntity
  8
d_line
  6
Continuous
 62
     8
100
AcDbPolyline
 90
        2
 70
     0
 43
0.0
 10
175629.2695137056
 20
417660.3367387441
 10
175665.3579973625
 20
417642.5972227433
 42
-0.0193190798525405
  0
LWPOLYLINE
  5
1896
330
1F
100
AcDbEntity
  8
d_line
  6
Continuous
 62
     8
100
AcDbPolyline
 90
        2
 70
     0
 43
0.0
 10
175844.4582845527
 20
418173.3279276284
 10
175858.2210659135
 20
418188.5013452459
  0
LWPOLYLINE
  5
1897
330
1F
100
AcDbEntity
  8
d_line
  6
Continuous
 62
     8
100
AcDbPolyline
 90
        2
 70
     0
 43
0.0
 10
175730.9764400556
 20
417996.1186700515
 10
175744.7392214164
 20
418011.2920876689
  0
LWPOLYLINE
  5
1898
330
1F
100
AcDbEntity
  8
d_line
  6
Continuous
 62
     8
100
AcDbPolyline
 90
        2
 70
     0
 43
0.0
 10
175284.273725577
 20
418281.4429486862
 10
175328.4895676632
 20
418240.6829995414
  0
LWPOLYLINE
  5
1899
330
1F
100
AcDbEntity
  8
d_line
  6
Continuous
 62
     8
100
AcDbPolyline
 90
       12
 70
     0
 43
0.0
 10
174500.0063298832
 20
417188.1731689224
 42
-0.0355910786679735
 10
174502.2285174203
 20
417236.678198942
 10
174504.6371208336
 20
417260.8976237094
 42
-0.0157528961834484
 10
174506.6064549437
 20
417275.8878453795
 10
174508.1084576321
 20
417285.0707347032
 42
-0.0207289632358896
 10
174511.4597754096
 20
417301.3044661745
 10
174515.5100406062
 20
417317.5017402942
 42
-0.1029024766164661
 10
174561.5828253135
 20
417412.8512216713
 42
-0.002139184492042
 10
174563.4361299148
 20
417415.2417519084
 10
174584.2776251973
 20
417441.8884440149
 42
0.185361416339793
 10
174645.1519840794
 20
417640.652349574
 10
174633.8774353439
 20
417802.9235837586
  0
LWPOLYLINE
  5
189A
330
1F
100
AcDbEntity
  8
d_line
  6
Continuous
 62
     8
100
AcDbPolyline
 90
        2
 70
     0
 43
0.0
 10
175850.6707699344
 20
418908.7759163218
 10
175977.1936518964
 20
419048.2669447424
  0
LWPOLYLINE
  5
189B
330
1F
100
AcDbEntity
  8
d_line
  6
Continuous
 62
     8
100
AcDbPolyline
 90
        2
 70
     0
 43
0.0
 10
175430.5717181663
 20
418445.6182023891
 10
175546.5457788238
 20
418573.4791927521
  0
LWPOLYLINE
  5
189C
330
1F
100
AcDbEntity
  8
d_line
  6
Continuous
 62
     8
100
AcDbPolyline
 90
        2
 70
     0
 43
0.0
 10
175170.2972206389
 20
418457.8509146252
 10
175196.2347942545
 20
418437.564050649
  0
LWPOLYLINE
  5
189D
330
1F
100
AcDbEntity
  8
d_line
  6
Continuous
 62
     8
100
AcDbPolyline
 90
        2
 70
     0
 43
0.0
 10
174885.6299929803
 20
417948.4206335732
 10
174897.6470531756
 20
417963.7849295943
  0
LWPOLYLINE
  5
189E
330
1F
100
AcDbEntity
  8
d_line
  6
Continuous
 62
     8
100
AcDbPolyline
 90
        2
 70
     0
 43
0.0
 10
175730.2349335333
 20
418758.134373473
 10
175679.7418745007
 20
418803.9332138731
  0
LWPOLYLINE
  5
189F
330
1F
100
AcDbEntity
  8
d_line
  6
Continuous
 62
     8
100
AcDbPolyline
 90
       12
 70
     0
 43
0.0
 10
174520.6616378038
 20
417174.6677752821
 42
-0.0466556729781849
 10
174522.1124518193
 20
417234.5190695386
 10
174524.5389469368
 20
417258.9184022068
 42
-0.0157528961834443
 10
174526.3441698711
 20
417272.6594387376
 10
174527.8461725595
 20
417281.8423280612
 42
-0.0207289632360006
 10
174530.8623585592
 20
417296.4526863856
 10
174534.9126237551
 20
417312.6499605025
 42
-0.1029024766164595
 10
174577.4413481016
 20
417400.6648663929
 42
-0.0021391844920076
 10
174579.1897981167
 20
417402.9201473788
 10
174600.031293411
 20
417429.5668395003
 42
0.1853614163398109
 10
174665.1038839401
 20
417642.0386006152
 10
174654.7264762881
 20
417791.3975494164
  0
LWPOLYLINE
  5
18A0
330
1F
100
AcDbEntity
  8
d_line
  6
Continuous
 62
     8
100
AcDbPolyline
 90
        2
 70
     0
 43
0.0
 10
174794.4817294844
 20
417647.3394234778
 10
174819.8131850732
 20
417679.7267108836
  0
LWPOLYLINE
  5
18A1
330
1F
100
AcDbEntity
  8
d_line
  6
Continuous
 62
     8
100
AcDbPolyline
 90
        3
 70
     0
 43
0.0
 10
174531.9682004
 20
417166.0638706747
 42
-0.1935411120657378
 10
174596.5188331634
 20
417389.3663824276
 10
174784.523175202
 20
417629.7375145873
  0
LWPOLYLINE
  5
18A2
330
1F
100
AcDbEntity
  8
d_line
  6
Continuous
 62
     8
100
AcDbPolyline
 90
        2
 70
     0
 43
0.0
 10
174771.0178888482
 20
417633.5716093756
 10
174816.05733227
 20
417691.1563539071
  0
LWPOLYLINE
  5
18A3
330
1F
100
AcDbEntity
  8
d_line
  6
Continuous
 62
     8
100
AcDbPolyline
 90
        2
 70
     0
 43
0.0
 10
174780.0592644319
 20
417715.3062625435
 42
-0.0054892268875668
 10
174818.3051125422
 20
417689.6123427411
  0
LWPOLYLINE
  5
18A4
330
1F
100
AcDbEntity
  8
d_line
  6
Continuous
 62
     8
100
AcDbPolyline
 90
        4
 70
     0
 43
0.0
 10
174694.5621902164
 20
417795.1499901122
 10
174691.6847644842
 20
417836.5639247888
 42
-0.1382718184372238
 10
174719.3618195911
 20
417969.388776116
 10
174762.9895362191
 20
418053.141905722
  0
LWPOLYLINE
  5
18A5
330
1F
100
AcDbEntity
  8
d_line
  6
Continuous
 62
     8
100
AcDbPolyline
 90
        2
 70
     0
 43
0.0
 10
175546.5457788238
 20
418573.4791927521
 10
175490.9190137719
 20
418623.9344708306
  0
LWPOLYLINE
  5
18A6
330
1F
100
AcDbEntity
  8
d_line
  6
Continuous
 62
     8
100
AcDbPolyline
 90
        2
 70
     0
 43
0.0
 10
174794.4817294844
 20
417647.3394234778
 10
174784.5231752018
 20
417629.737514587
  0
LWPOLYLINE
  5
18A7
330
1F
100
AcDbEntity
  8
d_line
  6
Continuous
 62
     8
100
AcDbPolyline
 90
        2
 70
     0
 43
0.0
 10
174990.5843470608
 20
417898.0645274485
 42
0.0103417883488948
 10
174909.3000946181
 20
417952.7131693156
  0
LWPOLYLINE
  5
18A8
330
1F
100
AcDbEntity
  8
d_line
  6
Continuous
 62
     8
100
AcDbPolyline
 90
        2
 70
     0
 43
0.0
 10
174827.0065912711
 20
417825.7921060654
 10
174767.1992469215
 20
417856.8752353027
  0
LWPOLYLINE
  5
18A9
330
1F
100
AcDbEntity
  8
d_line
  6
Continuous
 62
     8
100
AcDbPolyline
 90
        3
 70
     0
 43
0.0
 10
175516.4841576441
 20
418680.4005971239
 10
175449.323910534
 20
418741.3171170893
 42
0.001609266623018
 10
175442.0101360249
 20
418747.9081664391
 42
0.001609266623018
  0
LWPOLYLINE
  5
18AA
330
1F
100
AcDbEntity
  8
d_line
  6
Continuous
 62
     8
100
AcDbPolyline
 90
        2
 70
     0
 43
0.0
 10
174810.3659880322
 20
417924.9689845154
 10
174794.0761893918
 20
417924.0501139591
  0
LWPOLYLINE
  5
18AB
330
1F
100
AcDbEntity
  8
d_line
  6
Continuous
 62
     8
100
AcDbPolyline
 90
        2
 70
     0
 43
0.0
 10
175988.3041297117
 20
419038.1893814103
 10
175986.0820341487
 20
419040.2048940767
  0
LWPOLYLINE
  5
18AC
330
1F
100
AcDbEntity
  8
d_line
  6
Continuous
 62
     8
100
AcDbPolyline
 90
        3
 70
     0
 43
0.0
 10
174820.6875566899
 20
417955.0625051246
 10
174823.7620226547
 20
417900.558167002
 42
-0.0816890441808048
 10
174821.5157658782
 20
417879.5797226814
  0
LWPOLYLINE
  5
18AD
330
1F
100
AcDbEntity
  8
d_line
  6
Continuous
 62
     8
100
AcDbPolyline
 90
        2
 70
     0
 43
0.0
 10
174777.9211870564
 20
417811.0404199593
 10
174761.422029906
 20
417786.3934892584
  0
LWPOLYLINE
  5
18AE
330
1F
100
AcDbEntity
  8
d_line
  6
Continuous
 62
     8
100
AcDbPolyline
 90
        2
 70
     0
 43
0.0
 10
175414.9196003063
 20
418691.9678019156
 10
175426.4979960966
 20
418681.4658218215
  0
LWPOLYLINE
  5
18AF
330
1F
100
AcDbEntity
  8
d_line
  6
Continuous
 62
     8
100
AcDbPolyline
 90
        2
 70
     0
 43
0.0
 10
175450.7459098628
 20
418659.4721784611
 10
175476.3975775532
 20
418636.2052848131
  0
LWPOLYLINE
  5
18B0
330
1F
100
AcDbEntity
  8
d_line
  6
Continuous
 62
     8
100
AcDbPolyline
 90
       13
 70
     0
 43
0.0
 10
175721.0908920449
 20
418875.7429895749
 10
175749.4035168356
 20
418930.2510214123
 42
0.1744444398134484
 10
175766.835942546
 20
418935.7647362982
 10
175780.4839722591
 20
418928.6756609575
 42
-0.0590554036346789
 10
175836.6484231104
 20
418890.4952768587
 10
175837.1829745815
 20
418880.5095743839
 10
175774.7606070619
 20
418811.689135687
 10
175763.5459515152
 20
418794.8596526002
 10
175646.3429922168
 20
418665.6438058462
 10
175630.6841455442
 20
418652.845348092
 10
175591.5545522004
 20
418609.7051102744
 10
175581.5664138168
 20
418609.2181897175
 10
175529.7484210158
 20
418656.2187879686
  0
LWPOLYLINE
  5
18B1
330
1F
100
AcDbEntity
  8
d_line
  6
Continuous
 62
     8
100
AcDbPolyline
 90
        2
 70
     0
 43
0.0
 10
174731.2456436733
 20
417800.7072960292
 10
174747.118288053
 20
417831.2480019186
  0
LWPOLYLINE
  5
18B2
330
1F
100
AcDbEntity
  8
d_line
  6
Continuous
 62
     8
100
AcDbPolyline
 90
        2
 70
     0
 43
0.0
 10
174752.6521818283
 20
417841.8958195204
 10
174761.8753381205
 20
417859.6421821903
  0
LWPOLYLINE
  5
18B3
330
1F
100
AcDbEntity
  8
d_line
  6
Continuous
 62
     8
100
AcDbPolyline
 90
        2
 70
     0
 43
0.0
 10
175318.1127440378
 20
418322.302387226
 42
0.0111706449259383
 10
175235.9865032653
 20
418393.3753702876
  0
LWPOLYLINE
  5
18B4
330
1F
100
AcDbEntity
  8
d_line
  6
Continuous
 62
     8
100
AcDbPolyline
 90
        2
 70
     0
 43
0.0
 10
174757.9760906292
 20
417839.1288726329
 10
174767.1992469215
 20
417856.8752353027
  0
LWPOLYLINE
  5
18B5
330
1F
100
AcDbEntity
  8
d_line
  6
Continuous
 62
     8
100
AcDbPolyline
 90
        2
 70
     0
 43
0.0
 10
175304.3071909566
 20
418334.6926550536
 10
175304.3131096502
 20
418334.6991803924
  0
LWPOLYLINE
  5
18B6
330
1F
100
AcDbEntity
  8
d_line
  6
Continuous
 62
     8
100
AcDbPolyline
 90
        2
 70
     0
 43
0.0
 10
174771.8108250676
 20
417865.7484166376
 10
174781.0339813598
 20
417883.4947793074
  0
LWPOLYLINE
  5
18B7
330
1F
100
AcDbEntity
  8
d_line
  6
Continuous
 62
     8
100
AcDbPolyline
 90
        2
 70
     0
 43
0.0
 10
175554.021074042
 20
418578.8495503555
 10
175554.5079945991
 20
418568.8614119718
  0
LWPOLYLINE
  5
18B8
330
1F
100
AcDbEntity
  8
d_line
  6
Continuous
 62
     8
100
AcDbPolyline
 90
        3
 70
     0
 43
0.0
 10
174818.9376402664
 20
417811.2104287938
 42
0.0705556625812624
 10
174832.8082187571
 20
417840.9955895418
 10
174835.9541832433
 20
417851.3507613835
  0
LWPOLYLINE
  5
18B9
330
1F
100
AcDbEntity
  8
d_line
  6
Continuous
 62
     8
100
AcDbPolyline
 90
        2
 70
     0
 43
0.0
 10
175418.3646966284
 20
418672.6420645412
 10
175442.7551079999
 20
418650.5191712363
  0
LWPOLYLINE
  5
18BA
330
1F
100
AcDbEntity
  8
d_line
  6
Continuous
 62
     8
100
AcDbPolyline
 90
        4
 70
     0
 43
0.0
 10
174841.5845808269
 20
417869.8836261918
 10
174845.412914168
 20
417882.48486495
 42
-0.0924650897015276
 10
174867.9078331579
 20
417925.7621376328
 10
174873.7997353375
 20
417933.2951721476
  0
LWPOLYLINE
  5
18BB
330
1F
100
AcDbEntity
  8
d_line
  6
Continuous
 62
     8
100
AcDbPolyline
 90
        2
 70
     0
 43
0.0
 10
175189.9453583968
 20
418427.248735096
 10
175216.8325820926
 20
418406.2191099701
  0
LWPOLYLINE
  5
18BC
330
1F
100
AcDbEntity
  8
d_line
  6
Continuous
 62
     8
100
AcDbPolyline
 90
        4
 70
     0
 43
0.0
 10
175635.9859403237
 20
418796.3685705184
 10
175583.5305942797
 20
418843.9472688115
 42
0.1970684030229911
 10
175565.6946133845
 20
418850.4081626698
 10
175544.2258503777
 20
418849.5142521736
  0
LWPOLYLINE
  5
18BD
330
1F
100
AcDbEntity
  8
d_line
  6
Continuous
 62
     8
100
AcDbPolyline
 90
        2
 70
     0
 43
0.0
 10
174844.5836085844
 20
417711.3966961552
 10
174991.6609457628
 20
417899.4410023004
  0
LWPOLYLINE
  5
18BE
330
1F
100
AcDbEntity
  8
d_line
  6
Continuous
 62
     8
100
AcDbPolyline
 90
        2
 70
     0
 43
0.0
 10
174795.3194293507
 20
417747.1481866223
 42
-0.005737714402877
 10
174836.0098440179
 20
417719.9127751733
  0
LWPOLYLINE
  5
18BF
330
1F
100
AcDbEntity
  8
d_line
  6
Continuous
 62
     8
100
AcDbPolyline
 90
        2
 70
     0
 43
0.0
 10
174906.2519470439
 20
417809.7201362468
 10
174980.7347006942
 20
417904.9493401381
  0
LWPOLYLINE
  5
18C0
330
1F
100
AcDbEntity
  8
d_line
  6
Continuous
 62
     8
100
AcDbPolyline
 90
        2
 70
     0
 43
0.0
 10
174895.7486345661
 20
417961.3577248525
 42
0.0096424620557282
 10
174817.6612115745
 20
418008.7137536135
 42
0.0096424620557282
  0
LWPOLYLINE
  5
18C1
330
1F
100
AcDbEntity
  8
d_line
  6
Continuous
 62
     8
100
AcDbPolyline
 90
        2
 70
     0
 43
0.0
 10
174830.4542512151
 20
417712.8097257582
 10
174892.2865119268
 20
417791.8647643249
  0
LWPOLYLINE
  5
18C2
330
1F
100
AcDbEntity
  8
d_line
  6
Continuous
 62
     8
100
AcDbPolyline
 90
        2
 70
     0
 43
0.0
 10
174702.0401457873
 20
417687.5219946942
 10
174696.4928174178
 20
417767.3630457241
  0
LWPOLYLINE
  5
18C3
330
1F
100
AcDbEntity
  8
d_line
  6
Continuous
 62
     8
100
AcDbPolyline
 90
        2
 70
     0
 43
0.0
 10
174704.9045189528
 20
417819.4247366961
 10
174703.8899836549
 20
417834.0266421719
  0
LWPOLYLINE
  5
18C4
330
1F
100
AcDbEntity
  8
d_line
  6
Continuous
 62
     8
100
AcDbPolyline
 90
        2
 70
     0
 43
0.0
 10
174796.2567850135
 20
417735.7743238894
 42
-0.0054533870813438
 10
174834.697353752
 20
417709.8927129715
  0
LWPOLYLINE
  5
18C5
330
1F
100
AcDbEntity
  8
d_line
  6
Continuous
 62
     8
100
AcDbPolyline
 90
        2
 70
     0
 43
0.0
 10
174744.6834982841
 20
417992.0246191482
 10
174759.8962390465
 20
418021.2288669798
  0
LWPOLYLINE
  5
18C6
330
1F
100
AcDbEntity
  8
d_line
  6
Continuous
 62
     8
100
AcDbPolyline
 90
        2
 70
     0
 43
0.0
 10
174834.6973537519
 20
417709.8927129715
 10
174844.5836085844
 20
417711.3966961552
  0
LWPOLYLINE
  5
18C7
330
1F
100
AcDbEntity
  8
d_line
  6
Continuous
 62
     8
100
AcDbPolyline
 90
        2
 70
     0
 43
0.0
 10
175866.6034415706
 20
418904.0148045664
 10
176058.4371806391
 20
419115.5108212038
  0
LWPOLYLINE
  5
18C8
330
1F
100
AcDbEntity
  8
d_line
  6
Continuous
 62
     8
100
AcDbPolyline
 90
        4
 70
     0
 43
0.0
 10
175554.5079945991
 20
418568.8614119718
 10
175499.3625389693
 20
418508.0637428131
 10
175488.1478834236
 20
418491.2342597271
 10
175417.4492069365
 20
418413.2892197609
  0
LWPOLYLINE
  5
18C9
330
1F
100
AcDbEntity
  8
d_line
  6
Continuous
 62
     8
100
AcDbPolyline
 90
        2
 70
     0
 43
0.0
 10
175502.2030812415
 20
418625.8501486067
 10
175554.021074042
 20
418578.8495503555
  0
LWPOLYLINE
  5
18CA
330
1F
100
AcDbEntity
  8
d_line
  6
Continuous
 62
     8
100
AcDbPolyline
 90
        2
 70
     0
 43
0.0
 10
175362.618196932
 20
418357.9733957015
 10
175378.3273384702
 20
418370.8273033666
  0
LWPOLYLINE
  5
18CB
330
1F
100
AcDbEntity
  8
d_line
  6
Continuous
 62
     8
100
AcDbPolyline
 90
        2
 70
     0
 43
0.0
 10
175376.433374007
 20
418726.876056031
 10
175377.6651253195
 20
418725.7588176847
  0
LWPOLYLINE
  5
18CC
330
1F
100
AcDbEntity
  8
d_line
  6
Continuous
 62
     8
100
AcDbPolyline
 90
        2
 70
     0
 43
0.0
 10
175482.9622506766
 20
418793.0577275382
 10
175435.9634720107
 20
418741.2417408186
  0
LWPOLYLINE
  5
18CD
330
1F
100
AcDbEntity
  8
d_line
  6
Continuous
 62
     8
100
AcDbPolyline
 90
        2
 70
     0
 43
0.0
 10
175149.6415799939
 20
418110.3496776425
 10
175105.4410989852
 20
418144.9207273156
  0
LWPOLYLINE
  5
18CE
330
1F
100
AcDbEntity
  8
d_line
  6
Continuous
 62
     8
100
AcDbPolyline
 90
        2
 70
     0
 43
0.0
 10
174779.104115096
 20
417751.6875869808
 10
174808.2754901879
 20
417795.2646529962
  0
LWPOLYLINE
  5
18CF
330
1F
100
AcDbEntity
  8
d_line
  6
Continuous
 62
     8
100
AcDbPolyline
 90
        6
 70
     0
 43
0.0
 10
174794.265703068
 20
417745.5740990231
 10
174831.3825187496
 20
417801.0203000385
 42
0.0738743522538554
 10
174848.1173089959
 20
417836.3445943729
 10
174860.7220044068
 20
417877.8338697809
 42
-0.0924650897014625
 10
174880.5107677288
 20
417915.9048540213
 10
174911.5318612319
 20
417955.5665729224
  0
LWPOLYLINE
  5
18D0
330
1F
100
AcDbEntity
  8
d_line
  6
Continuous
 62
     8
100
AcDbPolyline
 90
        2
 70
     0
 43
0.0
 10
174754.6571180661
 20
417690.0009087977
 10
174770.260579447
 20
417713.3098225709
  0
LWPOLYLINE
  5
18D1
330
1F
100
AcDbEntity
  8
d_line
  6
Continuous
 62
     8
100
AcDbPolyline
 90
        2
 70
     0
 43
0.0
 10
174744.6852062738
 20
417696.6763095502
 10
174760.1233065777
 20
417719.7382020381
  0
LWPOLYLINE
  5
18D2
330
1F
100
AcDbEntity
  8
d_line
  6
Continuous
 62
     8
100
AcDbPolyline
 90
        2
 70
     0
 43
0.0
 10
174977.7468463632
 20
418029.6745274055
 10
174953.3613483242
 20
417998.4966848708
  0
LWPOLYLINE
  5
18D3
330
1F
100
AcDbEntity
  8
d_line
  6
Continuous
 62
     8
100
AcDbPolyline
 90
        2
 70
     0
 43
0.0
 10
175107.3670033378
 20
418068.5112069776
 10
175062.7068821871
 20
418103.4417604799
  0
LWPOLYLINE
  5
18D4
330
1F
100
AcDbEntity
  8
d_line
  6
Continuous
 62
     8
100
AcDbPolyline
 90
        2
 70
     0
 43
0.0
 10
174803.512396669
 20
418002.5432909213
 10
174764.6645250045
 20
418022.7333433082
  0
LWPOLYLINE
  5
18D5
330
1F
100
AcDbEntity
  8
d_line
  6
Continuous
 62
     8
100
AcDbPolyline
 90
        2
 70
     0
 43
0.0
 10
174693.5587421208
 20
417809.5923207763
 10
174781.8874808127
 20
417755.8454613078
  0
LWPOLYLINE
  5
18D6
330
1F
100
AcDbEntity
  8
d_line
  6
Continuous
 62
     8
100
AcDbPolyline
 90
        2
 70
     0
 43
0.0
 10
174707.5041479356
 20
417815.1536795492
 10
174756.539427614
 20
417785.3163658401
  0
LWPOLYLINE
  5
18D7
330
1F
100
AcDbEntity
  8
d_line
  6
Continuous
 62
     8
100
AcDbPolyline
 90
        2
 70
     0
 43
0.0
 10
174817.6612115745
 20
418008.7137536135
 10
174806.3430575543
 20
418014.5960352624
  0
LWPOLYLINE
  5
18D8
330
1F
100
AcDbEntity
  8
d_line
  6
Continuous
 62
     8
100
AcDbPolyline
 90
        2
 70
     0
 43
0.0
 10
174773.8438027632
 20
418031.4865785187
 10
174756.3974975157
 20
418040.5537886853
  0
LWPOLYLINE
  5
18D9
330
1F
100
AcDbEntity
  8
d_line
  6
Continuous
 62
     8
100
AcDbPolyline
 90
        2
 70
     0
 43
0.0
 10
174779.7414655321
 20
417956.2939832641
 10
174726.8833973807
 20
417983.7654281416
  0
LWPOLYLINE
  5
18DA
330
1F
100
AcDbEntity
  8
d_line
  6
Continuous
 62
     8
100
AcDbPolyline
 90
        2
 70
     0
 43
0.0
 10
174750.8810242829
 20
418029.8969172627
 10
174750.8636037404
 20
418029.9059710836
  0
LWPOLYLINE
  5
18DB
330
1F
100
AcDbEntity
  8
d_line
  6
Continuous
 62
     8
100
AcDbPolyline
 90
        2
 70
     0
 43
0.0
 10
174794.0761893919
 20
417924.0501139591
 10
174716.7531680211
 20
417964.2365073264
  0
LWPOLYLINE
  5
18DC
330
1F
100
AcDbEntity
  8
d_line
  6
Continuous
 62
     8
100
AcDbPolyline
 90
        2
 70
     0
 43
0.0
 10
174782.3534206856
 20
417968.4603935537
 10
174746.1879746126
 20
417987.2563331903
  0
LWPOLYLINE
  5
18DD
330
1F
100
AcDbEntity
  8
d_line
  6
Continuous
 62
     8
100
AcDbPolyline
 90
        2
 70
     0
 43
0.0
 10
174811.5662739404
 20
417903.6902357082
 10
174795.7910314273
 20
417911.8889595792
  0
LWPOLYLINE
  5
18DE
330
1F
100
AcDbEntity
  8
d_line
  6
Continuous
 62
     8
100
AcDbPolyline
 90
        2
 70
     0
 43
0.0
 10
174790.4671226263
 20
417914.6559064668
 10
174712.516129195
 20
417955.1686700638
  0
LWPOLYLINE
  5
18DF
330
1F
100
AcDbEntity
  8
d_line
  6
Continuous
 62
     8
100
AcDbPolyline
 90
        2
 70
     0
 43
0.0
 10
174716.753168021
 20
417964.2365073264
 10
174716.7379254593
 20
417964.2444292048
  0
LWPOLYLINE
  5
18E0
330
1F
100
AcDbEntity
  8
d_line
  6
Continuous
 62
     8
100
AcDbPolyline
 90
        2
 70
     0
 43
0.0
 10
174806.1751271737
 20
417883.9522974447
 10
174724.776238163
 20
417926.2570045728
  0
LWPOLYLINE
  5
18E1
330
1F
100
AcDbEntity
  8
d_line
  6
Continuous
 62
     8
100
AcDbPolyline
 90
        2
 70
     0
 43
0.0
 10
174836.9759256754
 20
417867.9444774881
 10
174823.4555126899
 20
417874.971319237
  0
LWPOLYLINE
  5
18E2
330
1F
100
AcDbEntity
  8
d_line
  6
Continuous
 62
     8
100
AcDbPolyline
 90
        2
 70
     0
 43
0.0
 10
174830.8346564426
 20
417835.0724955001
 10
174771.8108250676
 20
417865.7484166376
  0
LWPOLYLINE
  5
18E3
330
1F
100
AcDbEntity
  8
d_line
  6
Continuous
 62
     8
100
AcDbPolyline
 90
        2
 70
     0
 43
0.0
 10
174766.4869162666
 20
417868.5153635252
 10
174696.3557878661
 20
417904.9639795159
  0
LWPOLYLINE
  5
18E4
330
1F
100
AcDbEntity
  8
d_line
  6
Continuous
 62
     8
100
AcDbPolyline
 90
        2
 70
     0
 43
0.0
 10
174903.1180763582
 20
417786.2353734747
 10
174841.2164244024
 20
417818.4069582299
  0
LWPOLYLINE
  5
18E5
330
1F
100
AcDbEntity
  8
d_line
  6
Continuous
 62
     8
100
AcDbPolyline
 90
        2
 70
     0
 43
0.0
 10
174807.0346190161
 20
417800.1082300561
 10
174793.6968107519
 20
417807.0401683075
  0
LWPOLYLINE
  5
18E6
330
1F
100
AcDbEntity
  8
d_line
  6
Continuous
 62
     8
100
AcDbPolyline
 90
        2
 70
     0
 43
0.0
 10
174761.8753381205
 20
417859.6421821903
 10
174694.4352824396
 20
417894.6921913371
  0
LWPOLYLINE
  5
18E7
330
1F
100
AcDbEntity
  8
d_line
  6
Continuous
 62
     8
100
AcDbPolyline
 90
        2
 70
     0
 43
0.0
 10
174814.0959525665
 20
417809.962205222
 10
174691.8531950178
 20
417873.4943261098
  0
LWPOLYLINE
  5
18E8
330
1F
100
AcDbEntity
  8
d_line
  6
Continuous
 62
     8
100
AcDbPolyline
 90
        2
 70
     0
 43
0.0
 10
174776.6803158846
 20
417815.883997019
 10
174715.0833384322
 20
417847.8972360553
  0
LWPOLYLINE
  5
18E9
330
1F
100
AcDbEntity
  8
d_line
  6
Continuous
 62
     8
100
AcDbPolyline
 90
        2
 70
     0
 43
0.0
 10
174837.37298064
 20
417959.5448461825
 10
174872.8894955787
 20
417938.2116204165
  0
LWPOLYLINE
  5
18EA
330
1F
100
AcDbEntity
  8
d_line
  6
Continuous
 62
     8
100
AcDbPolyline
 90
        2
 70
     0
 43
0.0
 10
174840.3852638768
 20
417971.7338380704
 10
174880.7135447114
 20
417947.510393814
  0
LWPOLYLINE
  5
18EB
330
1F
100
AcDbEntity
  8
d_line
  6
Continuous
 62
     8
100
AcDbPolyline
 90
        2
 70
     0
 43
0.0
 10
174840.3852638768
 20
417971.7338380704
 10
174823.3425458904
 20
417970.7724970433
  0
LWPOLYLINE
  5
18EC
330
1F
100
AcDbEntity
  8
d_line
  6
Continuous
 62
     8
100
AcDbPolyline
 90
        2
 70
     0
 43
0.0
 10
174804.3017463328
 20
417969.6984487711
 10
174782.3534206855
 20
417968.4603935537
  0
LWPOLYLINE
  5
18ED
330
1F
100
AcDbEntity
  8
d_line
  6
Continuous
 62
     8
100
AcDbPolyline
 90
        2
 70
     0
 43
0.0
 10
174837.37298064
 20
417959.5448461825
 10
174824.0183643288
 20
417958.7915425972
  0
LWPOLYLINE
  5
18EE
330
1F
100
AcDbEntity
  8
d_line
  6
Continuous
 62
     8
100
AcDbPolyline
 90
        2
 70
     0
 43
0.0
 10
174823.8199642424
 20
417899.3216935242
 10
174849.4088103612
 20
417893.7809143426
  0
LWPOLYLINE
  5
18EF
330
1F
100
AcDbEntity
  8
d_line
  6
Continuous
 62
     8
100
AcDbPolyline
 90
        2
 70
     0
 43
0.0
 10
174804.9775647711
 20
417957.7174943251
 10
174779.741465532
 20
417956.2939832641
  0
LWPOLYLINE
  5
18F0
330
1F
100
AcDbEntity
  8
d_line
  6
Continuous
 62
     8
100
AcDbPolyline
 90
        2
 70
     0
 43
0.0
 10
174851.3102129408
 20
417846.8542708706
 10
174916.2180539138
 20
417802.9842230067
  0
LWPOLYLINE
  5
18F1
330
1F
100
AcDbEntity
  8
d_line
  6
Continuous
 62
     8
100
AcDbPolyline
 90
        2
 70
     0
 43
0.0
 10
174823.3644865791
 20
417907.6057131211
 10
174852.7074124108
 20
417901.2520591965
  0
LWPOLYLINE
  5
18F2
330
1F
100
AcDbEntity
  8
d_line
  6
Continuous
 62
     8
100
AcDbPolyline
 90
        2
 70
     0
 43
0.0
 10
174806.2270473498
 20
417998.3444015823
 10
174807.6325539717
 20
417973.4274862439
  0
LWPOLYLINE
  5
18F3
330
1F
100
AcDbEntity
  8
d_line
  6
Continuous
 62
     8
100
AcDbPolyline
 90
        2
 70
     0
 43
0.0
 10
174817.6612115745
 20
418008.7137536135
 10
174819.6135084178
 20
417974.1033046822
  0
LWPOLYLINE
  5
18F4
330
1F
100
AcDbEntity
  8
d_line
  6
Continuous
 62
     8
100
AcDbPolyline
 90
        2
 70
     0
 43
0.0
 10
174788.8532336921
 20
417805.7992971358
 10
174763.0757603615
 20
417767.2921423137
  0
LWPOLYLINE
  5
18F5
330
1F
100
AcDbEntity
  8
d_line
  6
Continuous
 62
     8
100
AcDbPolyline
 90
        3
 70
     0
 43
0.0
 10
174808.7066022438
 20
417954.3866866863
 10
174811.7810682086
 20
417899.8823485637
 42
-0.0659267779863438
 10
174810.733975618
 20
417886.0058048129
  0
LWPOLYLINE
  5
18F6
330
1F
100
AcDbEntity
  8
d_line
  6
Continuous
 62
     8
100
AcDbPolyline
 90
        2
 70
     0
 43
0.0
 10
174834.0150345397
 20
417855.9594165351
 10
174725.389864746
 20
417912.4141919102
  0
LWPOLYLINE
  5
18F7
330
1F
100
AcDbEntity
  8
d_line
  6
Continuous
 62
     8
100
AcDbPolyline
 90
        2
 70
     0
 43
0.0
 10
174703.8899836548
 20
417834.0266421719
 10
174710.3157559963
 20
417846.3905317985
  0
LWPOLYLINE
  5
18F8
330
1F
100
AcDbEntity
  8
d_line
  6
Continuous
 62
     8
100
AcDbPolyline
 90
        2
 70
     0
 43
0.0
 10
174781.2439663341
 20
417896.909543797
 10
174790.4671226263
 20
417914.6559064668
  0
LWPOLYLINE
  5
18F9
330
1F
100
AcDbEntity
  8
d_line
  6
Continuous
 62
     8
100
AcDbPolyline
 90
        2
 70
     0
 43
0.0
 10
174766.4869162666
 20
417868.5153635252
 10
174775.7100725588
 20
417886.2617261951
  0
LWPOLYLINE
  5
18FA
330
1F
100
AcDbEntity
  8
d_line
  6
Continuous
 62
     8
100
AcDbPolyline
 90
        2
 70
     0
 43
0.0
 10
174736.3829531971
 20
417797.5813116993
 10
174752.4421968539
 20
417828.481055031
  0
LWPOLYLINE
  5
18FB
330
1F
100
AcDbEntity
  8
d_line
  6
Continuous
 62
     8
100
AcDbPolyline
 90
        2
 70
     0
 43
0.0
 10
175464.3918675527
 20
418814.4204891808
 10
175416.1762714821
 20
418758.6506177964
  0
LWPOLYLINE
  5
18FC
330
1F
100
AcDbEntity
  8
d_line
  6
Continuous
 62
     8
100
AcDbPolyline
 90
        2
 70
     0
 43
0.0
 10
174781.2577731871
 20
417625.5625664412
 10
174702.0401457873
 20
417687.5219946942
  0
LWPOLYLINE
  5
18FD
330
1F
100
AcDbEntity
  8
d_line
  6
Continuous
 62
     8
100
AcDbPolyline
 90
        2
 70
     0
 43
0.0
 10
174735.7839699387
 20
417672.5935092007
 10
174730.7470115319
 20
417665.0691512191
  0
LWPOLYLINE
  5
18FE
330
1F
100
AcDbEntity
  8
d_line
  6
Continuous
 62
     8
100
AcDbPolyline
 90
        2
 70
     0
 43
0.0
 10
175302.9280774893
 20
418642.8648474239
 10
175302.9280774893
 20
418558.285017055
  0
LWPOLYLINE
  5
18FF
330
1F
100
AcDbEntity
  8
d_line
  6
Continuous
 62
     8
100
AcDbPolyline
 90
        4
 70
     0
 43
0.0
 10
175383.2505835992
 20
418732.8891565818
 10
175373.3329720644
 20
418720.2284351601
 42
0.1676696744219388
 10
175354.9280774893
 20
418666.8870195699
 10
175354.9280774893
 20
418659.0340273734
  0
LWPOLYLINE
  5
1900
330
1F
100
AcDbEntity
  8
d_line
  6
Continuous
 62
     8
100
AcDbPolyline
 90
        2
 70
     0
 43
0.0
 10
175354.9280774893
 20
418646.8408558247
 10
175354.9280774893
 20
418628.5217016735
  0
LWPOLYLINE
  5
1901
330
1F
100
AcDbEntity
  8
d_line
  6
Continuous
 62
     8
100
AcDbPolyline
 90
        3
 70
     0
 43
0.0
 10
175279.9182079021
 20
418532.966380263
 42
-0.1644124470314071
 10
175250.5222298684
 20
418449.2926831121
 10
175215.1877235577
 20
418404.1160920078
  0
LWPOLYLINE
  5
1902
330
1F
100
AcDbEntity
  8
d_line
  6
Continuous
 62
     8
100
AcDbPolyline
 90
        2
 70
     0
 43
0.0
 10
175247.9280774893
 20
418570.6281628056
 10
175247.9280774893
 20
418550.6281628057
  0
LWPOLYLINE
  5
1903
330
1F
100
AcDbEntity
  8
d_line
  6
Continuous
 62
     8
100
AcDbPolyline
 90
        3
 70
     0
 43
0.0
 10
175259.9280774893
 20
418534.6197943764
 42
-0.167479211246987
 10
175234.7685616548
 20
418461.6142876269
 10
175201.0789138793
 20
418418.540714485
  0
LWPOLYLINE
  5
1904
330
1F
100
AcDbEntity
  8
d_line
  6
Continuous
 62
     8
100
AcDbPolyline
 90
        2
 70
     0
 43
0.0
 10
175253.9280774893
 20
418580.6281628056
 10
175253.9280774893
 20
418550.6281628057
  0
LWPOLYLINE
  5
1905
330
1F
100
AcDbEntity
  8
d_line
  6
Continuous
 62
     8
100
AcDbPolyline
 90
        4
 70
     0
 43
0.0
 10
175247.9280774893
 20
418535.0926288996
 10
175247.9280774893
 20
418534.6197943764
 42
-0.1674792112469023
 10
175225.3163607268
 20
418469.0072503356
 10
175201.1978481869
 20
418438.1707595277
  0
LWPOLYLINE
  5
1906
330
1F
100
AcDbEntity
  8
d_line
  6
Continuous
 62
     8
100
AcDbPolyline
 90
        4
 70
     0
 43
0.0
 10
175207.9280774893
 20
418535.0926288996
 10
175207.9280774893
 20
418534.6197943764
 42
-0.167479211246888
 10
175193.8090242996
 20
418493.6504593651
 10
175169.6905117602
 20
418462.8139685576
  0
LWPOLYLINE
  5
1907
330
1F
100
AcDbEntity
  8
d_line
  6
Continuous
 62
     8
100
AcDbPolyline
 90
        4
 70
     0
 43
0.0
 10
175195.9280774893
 20
418535.0926288996
 10
175195.9280774893
 20
418534.6197943764
 42
-0.1674792112469752
 10
175184.3568233714
 20
418501.0434220738
 10
175160.2383108322
 20
418470.2069312666
  0
LWPOLYLINE
  5
1908
330
1F
100
AcDbEntity
  8
d_line
  6
Continuous
 62
     8
100
AcDbPolyline
 90
        2
 70
     0
 43
0.0
 10
175211.4636113953
 20
418538.6281628057
 10
175244.3925435834
 20
418538.6281628057
  0
LWPOLYLINE
  5
1909
330
1F
100
AcDbEntity
  8
d_line
  6
Continuous
 62
     8
100
AcDbPolyline
 90
        2
 70
     0
 43
0.0
 10
175263.4636113953
 20
418538.6281628057
 10
175274.2662863444
 20
418538.6281628057
  0
LWPOLYLINE
  5
190A
330
1F
100
AcDbEntity
  8
d_line
  6
Continuous
 62
     8
100
AcDbPolyline
 90
        3
 70
     0
 43
0.0
 10
175308.5849317388
 20
418552.6281628056
 10
175337.6780937845
 20
418552.6281628056
 42
0.1863823293147466
 10
175433.1195380325
 20
418589.4857321705
 42
0.1863823293147466
  0
LWPOLYLINE
  5
190B
330
1F
100
AcDbEntity
  8
d_line
  6
Continuous
 62
     8
100
AcDbPolyline
 90
        2
 70
     0
 43
0.0
 10
175446.5246793473
 20
418603.2705205386
 10
175478.1416709582
 20
418638.1281416035
  0
LWPOLYLINE
  5
190C
330
1F
100
AcDbEntity
  8
d_line
  6
Continuous
 62
     8
100
AcDbPolyline
 90
        2
 70
     0
 43
0.0
 10
175193.8090242995
 20
418493.6504593649
 10
175225.3163607266
 20
418469.0072503356
  0
LWPOLYLINE
  5
190D
330
1F
100
AcDbEntity
  8
d_line
  6
Continuous
 62
     8
100
AcDbPolyline
 90
        2
 70
     0
 43
0.0
 10
175199.374196905
 20
418501.9931603993
 10
175231.1065398489
 20
418477.1739643379
  0
LWPOLYLINE
  5
190E
330
1F
100
AcDbEntity
  8
d_line
  6
Continuous
 62
     8
100
AcDbPolyline
 90
        2
 70
     0
 43
0.0
 10
175234.7685616548
 20
418461.6142876269
 10
175250.5222298684
 20
418449.2926831121
  0
LWPOLYLINE
  5
190F
330
1F
100
AcDbEntity
  8
d_line
  6
Continuous
 62
     8
100
AcDbPolyline
 90
        2
 70
     0
 43
0.0
 10
175240.5964142194
 20
418469.75153565
 10
175256.3982983085
 20
418457.3922194773
  0
LWPOLYLINE
  5
1910
330
1F
100
AcDbEntity
  8
d_line
  6
Continuous
 62
     8
100
AcDbPolyline
 90
        2
 70
     0
 43
0.0
 10
175253.9280774893
 20
418580.6281628056
 10
175279.9280774893
 20
418580.6281628056
  0
LWPOLYLINE
  5
1911
330
1F
100
AcDbEntity
  8
d_line
  6
Continuous
 62
     8
100
AcDbPolyline
 90
        2
 70
     0
 43
0.0
 10
175302.9280774893
 20
418580.6281628056
 10
175344.547524448
 20
418580.6281628056
  0
LWPOLYLINE
  5
1912
330
1F
100
AcDbEntity
  8
d_line
  6
Continuous
 62
     8
100
AcDbPolyline
 90
        2
 70
     0
 43
0.0
 10
175259.9280774893
 20
418535.0926288996
 10
175259.9280774893
 20
418534.6197943764
  0
LWPOLYLINE
  5
1913
330
1F
100
AcDbEntity
  8
d_line
  6
Continuous
 62
     8
100
AcDbPolyline
 90
        2
 70
     0
 43
0.0
 10
175417.3997402404
 20
418413.2366377218
 10
175362.820974203
 20
418538.6415109271
  0
LWPOLYLINE
  5
1914
330
1F
100
AcDbEntity
  8
d_line
  6
Continuous
 62
     8
100
AcDbPolyline
 90
        2
 70
     0
 43
0.0
 10
175356.20540297
 20
418553.8420171293
 10
175344.547524448
 20
418580.6281628056
  0
LWPOLYLINE
  5
1915
330
1F
100
AcDbEntity
  8
d_line
  6
Continuous
 62
     8
100
AcDbPolyline
 90
        2
 70
     0
 43
0.0
 10
175435.8248068403
 20
418433.5482534525
 10
175387.4599117452
 20
418544.6756016386
  0
LWPOLYLINE
  5
1916
330
1F
100
AcDbEntity
  8
d_line
  6
Continuous
 62
     8
100
AcDbPolyline
 90
        2
 70
     0
 43
0.0
 10
175302.9280774893
 20
418628.5217016735
 10
175354.9280774893
 20
418628.5217016735
  0
LWPOLYLINE
  5
1917
330
1F
100
AcDbEntity
  8
d_line
  6
Continuous
 62
     8
100
AcDbPolyline
 90
        2
 70
     0
 43
0.0
 10
175308.6596690353
 20
418660.5217016736
 10
175319.3925435834
 20
418660.5217016736
  0
LWPOLYLINE
  5
1918
330
1F
100
AcDbEntity
  8
d_line
  6
Continuous
 62
     8
100
AcDbPolyline
 90
        2
 70
     0
 43
0.0
 10
175338.5753412205
 20
418660.5131811282
 42
-0.090427421298607
 10
175375.8991727888
 20
418653.2171946121
 42
-0.090427421298607
  0
LWPOLYLINE
  5
1919
330
1F
100
AcDbEntity
  8
d_line
  6
Continuous
 62
     8
100
AcDbPolyline
 90
        3
 70
     0
 43
0.0
 10
175393.2799324169
 20
418644.4914612307
 42
-0.0449171095642011
 10
175408.4461418123
 20
418633.0357449047
 10
175418.5689560029
 20
418623.8540244789
  0
LWPOLYLINE
  5
191A
330
1F
100
AcDbEntity
  8
d_line
  6
Continuous
 62
     8
100
AcDbPolyline
 90
        2
 70
     0
 43
0.0
 10
175432.694867726
 20
418611.0413649004
 10
175441.5306101554
 20
418603.02706026
  0
LWPOLYLINE
  5
191B
330
1F
100
AcDbEntity
  8
d_line
  6
Continuous
 62
     8
100
AcDbPolyline
 90
        4
 70
     0
 43
0.0
 10
175308.5849317388
 20
418648.5217016737
 10
175337.2313609343
 20
418648.5217016737
 42
-0.1862826773629515
 10
175400.3840911469
 20
418624.1473626521
 10
175433.0860571209
 20
418594.4856200483
  0
LWPOLYLINE
  5
191C
330
1F
100
AcDbEntity
  8
d_line
  6
Continuous
 62
     8
100
AcDbPolyline
 90
        2
 70
     0
 43
0.0
 10
175381.6122239861
 20
418637.3850771466
 10
175373.2447116486
 20
418621.7621201124
  0
LWPOLYLINE
  5
191D
330
1F
100
AcDbEntity
  8
d_line
  6
Continuous
 62
     8
100
AcDbPolyline
 90
        2
 70
     0
 43
0.0
 10
175342.2010198943
 20
418705.5682946398
 10
175360.835209114
 20
418698.3042054246
  0
LWPOLYLINE
  5
191E
330
1F
100
AcDbEntity
  8
d_line
  6
Continuous
 62
     8
100
AcDbPolyline
 90
        2
 70
     0
 43
0.0
 10
175339.0073659863
 20
418696.0803039895
 10
175357.7435364748
 20
418688.7764598368
  0
LWPOLYLINE
  5
191F
330
1F
100
AcDbEntity
  8
d_line
  6
Continuous
 62
     8
100
AcDbPolyline
 90
        2
 70
     0
 43
0.0
 10
175986.0820341487
 20
419040.2048940767
 10
175951.3474978462
 20
419071.7102438213
  0
LWPOLYLINE
  5
1920
330
1F
100
AcDbEntity
  8
d_line
  6
Continuous
 62
     8
100
AcDbPolyline
 90
        2
 70
     0
 43
0.0
 10
175856.6153058698
 20
418903.5278295022
 10
175850.6707699344
 20
418908.7759163218
  0
LWPOLYLINE
  5
1921
330
1F
100
AcDbEntity
  8
d_line
  6
Continuous
 62
     8
100
AcDbPolyline
 90
        3
 70
     0
 43
0.0
 10
175714.310516496
 20
418856.1809533721
 10
175700.4820662739
 20
418829.5581442704
 10
175687.4793714632
 20
418813.8420232344
  0
LWPOLYLINE
  5
1922
330
1F
100
AcDbEntity
  8
d_line
  6
Continuous
 62
     8
100
AcDbPolyline
 90
        2
 70
     0
 43
0.0
 10
175234.7346201498
 20
418391.774787245
 10
175253.1362297314
 20
418415.3019870993
  0
LWPOLYLINE
  5
1923
330
1F
100
AcDbEntity
  8
d_line
  6
Continuous
 62
     8
100
AcDbPolyline
 90
        4
 70
     0
 43
0.0
 10
175253.1362297313
 20
418415.3019870993
 10
175267.8208844781
 20
418429.2074146358
 10
175271.0019985461
 20
418433.2745972432
 42
0.0408725553372775
 10
175285.7622166481
 20
418455.7027095765
  0
LWPOLYLINE
  5
1924
330
1F
100
AcDbEntity
  8
d_line
  6
Continuous
 62
     8
100
AcDbPolyline
 90
        3
 70
     0
 43
0.0
 10
175311.5587410054
 20
418536.6281628057
 10
175337.6780937845
 20
418536.6281628057
 42
0.1013069571508269
 10
175399.7660166576
 20
418549.3384872147
 42
0.1013069571508269
  0
LWPOLYLINE
  5
1925
330
1F
100
AcDbEntity
  8
d_line
  6
Continuous
 62
     8
100
AcDbPolyline
 90
        2
 70
     0
 43
0.0
 10
175170.859835441
 20
418294.3854439421
 42
0.0628995762033621
 10
175165.6718213392
 20
418267.183710332
  0
LWPOLYLINE
  5
1926
330
1F
100
AcDbEntity
  8
d_line
  6
Continuous
 62
     8
100
AcDbPolyline
 90
        3
 70
     0
 43
0.0
 10
175081.6716252305
 20
418127.9807809196
 10
175104.4049883936
 20
418144.1753079343
 42
0.0420398450722232
 10
175121.8855220721
 20
418158.9890992131
 42
0.0420398450722232
  0
LWPOLYLINE
  5
1927
330
1F
100
AcDbEntity
  8
d_line
  6
Continuous
 62
     8
100
AcDbPolyline
 90
        3
 70
     0
 43
0.0
 10
175529.2615004587
 20
418666.2069263522
 10
175553.3312979627
 20
418692.7437926936
 42
0.0052293959372808
 10
175554.6647408181
 20
418694.2451677936
 42
0.0044255308781784
  0
LWPOLYLINE
  5
1928
330
1F
100
AcDbEntity
  8
d_line
  6
Continuous
 62
     8
100
AcDbPolyline
 90
        2
 70
     0
 43
0.0
 10
175313.4923623768
 20
418314.3440301649
 42
0.010623383008994
 10
175235.8048967472
 20
418381.8322268098
  0
LWPOLYLINE
  5
1929
330
1F
100
AcDbEntity
  8
d_line
  6
Continuous
 62
     8
100
AcDbPolyline
 90
        2
 70
     0
 43
0.0
 10
175121.8855220723
 20
418158.9890992131
 42
0.0375412918744318
 10
175137.6313887459
 20
418172.7610125924
 42
0.0375412918744318
  0
LWPOLYLINE
  5
192A
330
1F
100
AcDbEntity
  8
d_line
  6
Continuous
 62
     8
100
AcDbPolyline
 90
        2
 70
     0
 43
0.0
 10
175137.631388746
 20
418172.7610125924
 42
0.1439401809848641
 10
175164.4412720578
 20
418246.7412671111
 42
0.1439401809848641
  0
LWPOLYLINE
  5
192B
330
1F
100
AcDbEntity
  8
d_line
  6
Continuous
 62
     8
100
AcDbPolyline
 90
        2
 70
     0
 43
0.0
 10
175179.1167802214
 20
418313.4703570078
 10
175170.8598354409
 20
418294.3854439421
  0
LWPOLYLINE
  5
192C
330
1F
100
AcDbEntity
  8
d_line
  6
Continuous
 62
     8
100
AcDbPolyline
 90
        2
 70
     0
 43
0.0
 10
175284.273725577
 20
418281.4429486862
 42
0.0101934078705064
 10
175211.1510177523
 20
418345.1006176722
 42
0.0101934078705064
  0
LWPOLYLINE
  5
192D
330
1F
100
AcDbEntity
  8
d_line
  6
Continuous
 62
     8
100
AcDbPolyline
 90
        3
 70
     0
 43
0.0
 10
175201.2074770321
 20
418344.0394871769
 10
175188.9147940245
 20
418328.3227962762
 42
0.0403214341982134
 10
175179.1167802214
 20
418313.4703570078
  0
LWPOLYLINE
  5
192E
330
1F
100
AcDbEntity
  8
d_line
  6
Continuous
 62
     8
100
AcDbPolyline
 90
        4
 70
     0
 43
0.0
 10
174992.1099611578
 20
418048.0383488315
 10
175004.240663722
 20
418063.5479412035
 42
-0.0721400066790351
 10
175027.1671791006
 20
418085.4701715392
 10
175052.7093884122
 20
418103.6656314782
  0
LWPOLYLINE
  5
192F
330
1F
100
AcDbEntity
  8
d_line
  6
Continuous
 62
     8
100
AcDbPolyline
 90
        2
 70
     0
 43
0.0
 10
175714.310516496
 20
418856.1809533721
 10
175721.0908920449
 20
418875.7429895749
  0
LWPOLYLINE
  5
1930
330
1F
100
AcDbEntity
  8
d_line
  6
Continuous
 62
     8
100
AcDbPolyline
 90
        2
 70
     0
 43
0.0
 10
175554.6647408181
 20
418694.2451677936
 10
175563.7359519186
 20
418712.4647492672
  0
LWPOLYLINE
  5
1931
330
1F
100
AcDbEntity
  8
d_line
  6
Continuous
 62
     8
100
AcDbPolyline
 90
        2
 70
     0
 43
0.0
 10
175164.4412720578
 20
418246.7412671111
 10
175165.6718181983
 20
418267.1836604034
  0
LWPOLYLINE
  5
1932
330
1F
100
AcDbEntity
  8
d_line
  6
Continuous
 62
     8
100
AcDbPolyline
 90
        2
 70
     0
 43
0.0
 10
175285.7622166481
 20
418455.7027095765
 10
175294.3729496723
 20
418474.0548203982
  0
LWPOLYLINE
  5
1933
330
1F
100
AcDbEntity
  8
d_line
  6
Continuous
 62
     8
100
AcDbPolyline
 90
        4
 70
     0
 43
0.0
 10
175687.4793714632
 20
418813.8420232344
 42
-0.2107864131631933
 10
175592.8753470835
 20
418757.3383816476
 42
-0.2407311838476802
 10
175573.9169808574
 20
418741.7018176745
 42
-0.0838076472351255
 10
175563.7359519186
 20
418712.4647492672
  0
LWPOLYLINE
  5
1934
330
1F
100
AcDbEntity
  8
d_line
  6
Continuous
 62
     8
100
AcDbPolyline
 90
        2
 70
     0
 43
0.0
 10
175461.2033769045
 20
418591.1730866238
 10
175445.0753763528
 20
418574.6830766333
  0
LWPOLYLINE
  5
1935
330
1F
100
AcDbEntity
  8
d_line
  6
Continuous
 62
     8
100
AcDbPolyline
 90
        2
 70
     0
 43
0.0
 10
176868.8435376642
 20
418692.442465426
 10
176882.6063190234
 20
418707.615883045
  0
LWPOLYLINE
  5
1936
330
1F
100
AcDbEntity
  8
d_line
  6
Continuous
 62
     8
100
AcDbPolyline
 90
        2
 70
     0
 43
0.0
 10
176365.1407760131
 20
418739.936251872
 10
176378.9035573722
 20
418755.1096694908
  0
LWPOLYLINE
  5
1937
330
1F
100
AcDbEntity
  8
d_line
  6
Continuous
 62
     8
100
AcDbPolyline
 90
        3
 70
     0
 43
0.0
 10
175977.8300646232
 20
418752.4048734712
 10
175961.000581536
 20
418763.6195290171
 10
175931.3726406943
 20
418790.4930312358
  0
LWPOLYLINE
  5
1938
330
1F
100
AcDbEntity
  8
d_line
  6
Continuous
 62
     8
100
AcDbPolyline
 90
        2
 70
     0
 43
0.0
 10
175931.3726406943
 20
418790.4930312358
 10
175916.1992230775
 20
418804.2558125975
  0
LWPOLYLINE
  5
1939
330
1F
100
AcDbEntity
  8
d_line
  6
Continuous
 62
     8
100
AcDbPolyline
 90
        2
 70
     0
 43
0.0
 10
176119.4914356924
 20
418449.0670961969
 10
176108.557646158
 20
418431.7437304899
  0
LWPOLYLINE
  5
193A
330
1F
100
AcDbEntity
  8
d_line
  6
Continuous
 62
     8
100
AcDbPolyline
 90
        2
 70
     0
 43
0.0
 10
176423.9339946643
 20
418201.9312727832
 10
176437.6967760226
 20
418217.1046904011
  0
LWPOLYLINE
  5
193B
330
1F
100
AcDbEntity
  8
d_line
  6
Continuous
 62
     8
100
AcDbPolyline
 90
        2
 70
     0
 43
0.0
 10
176351.5472831543
 20
418117.6598150265
 10
176385.8458369065
 20
418155.4738488475
  0
LWPOLYLINE
  5
193C
330
1F
100
AcDbEntity
  8
d_line
  6
Continuous
 62
     8
100
AcDbPolyline
 90
        7
 70
     0
 43
0.0
 10
176212.9629355079
 20
417964.8710634359
 10
176212.4760149497
 20
417974.8592018199
 10
176163.2722029878
 20
418019.4886533586
 10
176150.4737452337
 20
418035.1475000313
 10
175942.760450026
 20
418223.5501882127
 10
175932.7723116423
 20
418223.0632676549
 10
175781.349460653
 20
418056.1201116792
  0
LWPOLYLINE
  5
193D
330
1F
100
AcDbEntity
  8
d_line
  6
Continuous
 62
     8
100
AcDbPolyline
 90
        2
 70
     0
 43
0.0
 10
175586.9864157152
 20
418344.9333503633
 10
175602.6494406423
 20
418362.2017797683
  0
LWPOLYLINE
  5
193E
330
1F
100
AcDbEntity
  8
d_line
  6
Continuous
 62
     8
100
AcDbPolyline
 90
        2
 70
     0
 43
0.0
 10
176348.4585609
 20
417678.1371816072
 10
176334.6957795395
 20
417662.9637639888
  0
LWPOLYLINE
  5
193F
330
1F
100
AcDbEntity
  8
d_line
  6
Continuous
 62
     8
100
AcDbPolyline
 90
        2
 70
     0
 43
0.0
 10
176267.2777558109
 20
417588.6356320325
 10
176253.5149744504
 20
417573.462214414
  0
LWPOLYLINE
  5
1940
330
1F
100
AcDbEntity
  8
d_line
  6
Continuous
 62
     8
100
AcDbPolyline
 90
        2
 70
     0
 43
0.0
 10
175027.8376135031
 20
417882.4842089021
 10
175017.9349817839
 20
417881.0921295065
  0
LWPOLYLINE
  5
1941
330
1F
100
AcDbEntity
  8
d_line
  6
Continuous
 62
     8
100
AcDbPolyline
 90
        2
 70
     0
 43
0.0
 10
174633.45787069
 20
417196.3616754871
 42
0.1792998962152792
 10
174796.4617897653
 20
417135.942825459
  0
LWPOLYLINE
  5
1942
330
1F
100
AcDbEntity
  8
d_line
  6
Continuous
 62
     8
100
AcDbPolyline
 90
        2
 70
     0
 43
0.0
 10
175507.8404045582
 20
417946.58804914
 10
175531.2479418189
 20
417972.3947759128
  0
LWPOLYLINE
  5
1943
330
1F
100
AcDbEntity
  8
d_line
  6
Continuous
 62
     8
100
AcDbPolyline
 90
        2
 70
     0
 43
0.0
 10
176031.9601418793
 20
417518.2325885486
 10
176001.8342290654
 20
417485.0188765605
  0
LWPOLYLINE
  5
1944
330
1F
100
AcDbEntity
  8
d_line
  6
Continuous
 62
     8
100
AcDbPolyline
 90
        2
 70
     0
 43
0.0
 10
175638.5260070609
 20
417941.8229571851
 10
175620.5395196646
 20
417921.9929186458
  0
LWPOLYLINE
  5
1945
330
1F
100
AcDbEntity
  8
d_line
  6
Continuous
 62
     8
100
AcDbPolyline
 90
        2
 70
     0
 43
0.0
 10
175601.5173069636
 20
417901.0209966327
 10
175484.3601617626
 20
417771.8556597157
  0
LWPOLYLINE
  5
1946
330
1F
100
AcDbEntity
  8
d_line
  6
Continuous
 62
     8
100
AcDbPolyline
 90
        2
 70
     0
 43
0.0
 10
175459.6132630617
 20
417740.1069265576
 10
175380.4508201179
 20
417652.8306140761
  0
LWPOLYLINE
  5
1947
330
1F
100
AcDbEntity
  8
d_line
  6
Continuous
 62
     8
100
AcDbPolyline
 90
        2
 70
     0
 43
0.0
 10
175576.2445064393
 20
417652.8664767725
 10
175481.0859840937
 20
417547.9545435037
  0
LWPOLYLINE
  5
1948
330
1F
100
AcDbEntity
  8
d_line
  6
Continuous
 62
     8
100
AcDbPolyline
 90
        2
 70
     0
 43
0.0
 10
175705.8531334601
 20
417667.7523941823
 10
175677.460245452
 20
417636.4493358898
  0
LWPOLYLINE
  5
1949
330
1F
100
AcDbEntity
  8
d_line
  6
Continuous
 62
     8
100
AcDbPolyline
 90
        2
 70
     0
 43
0.0
 10
175818.6155825577
 20
417792.0725942372
 10
175755.2337107552
 20
417722.1943054504
  0
LWPOLYLINE
  5
194A
330
1F
100
AcDbEntity
  8
d_line
  6
Continuous
 62
     8
100
AcDbPolyline
 90
        2
 70
     0
 43
0.0
 10
174916.7389835958
 20
417756.5784610027
 10
174979.6671540343
 20
417837.0346643469
  0
LWPOLYLINE
  5
194B
330
1F
100
AcDbEntity
  8
d_line
  6
Continuous
 62
     8
100
AcDbPolyline
 90
        4
 70
     0
 43
0.0
 10
174556.9797649276
 20
417143.5411247808
 10
174554.4649732307
 20
417172.485832409
 42
-0.1898378089383445
 10
174614.635551609
 20
417375.196537236
 10
174657.8448831679
 20
417430.4414099581
  0
LWPOLYLINE
  5
194C
330
1F
100
AcDbEntity
  8
d_line
  6
Continuous
 62
     8
100
AcDbPolyline
 90
        2
 70
     0
 43
0.0
 10
174676.4237678712
 20
417454.1952632051
 10
174809.8010325677
 20
417624.7234742733
  0
LWPOLYLINE
  5
194D
330
1F
100
AcDbEntity
  8
d_line
  6
Continuous
 62
     8
100
AcDbPolyline
 90
        3
 70
     0
 43
0.0
 10
174979.6671540342
 20
417837.0346643469
 10
174994.3250583607
 20
417850.905890392
 10
175017.9349817839
 20
417881.0921295065
  0
LWPOLYLINE
  5
194E
330
1F
100
AcDbEntity
  8
d_line
  6
Continuous
 62
     8
100
AcDbPolyline
 90
        2
 70
     0
 43
0.0
 10
175791.3530310138
 20
417282.73320345
 10
175704.6913041767
 20
417361.3381973193
  0
LWPOLYLINE
  5
194F
330
1F
100
AcDbEntity
  8
d_line
  6
Continuous
 62
     8
100
AcDbPolyline
 90
        2
 70
     0
 43
0.0
 10
175398.7828151872
 20
417638.8071075193
 10
175489.148034757
 20
417556.8429257562
  0
LWPOLYLINE
  5
1950
330
1F
100
AcDbEntity
  8
d_line
  6
Continuous
 62
     8
100
AcDbPolyline
 90
        2
 70
     0
 43
0.0
 10
174916.7389835958
 20
417756.5784610027
 10
174809.8010325677
 20
417624.7234742733
  0
LWPOLYLINE
  5
1951
330
1F
100
AcDbEntity
  8
d_line
  6
Continuous
 62
     8
100
AcDbPolyline
 90
        2
 70
     0
 43
0.0
 10
174676.4237678712
 20
417454.1952632051
 10
174657.8448831679
 20
417430.4414099581
  0
LWPOLYLINE
  5
1952
330
1F
100
AcDbEntity
  8
d_line
  6
Continuous
 62
     8
100
AcDbPolyline
 90
        2
 70
     0
 43
0.0
 10
174559.8037323923
 20
417257.9882050628
 10
174633.45787069
 20
417196.3616754871
  0
LWPOLYLINE
  5
1953
330
1F
100
AcDbEntity
  8
d_line
  6
Continuous
 62
     8
100
AcDbPolyline
 90
        2
 70
     0
 43
0.0
 10
175668.1632277088
 20
417320.2161138602
 10
175737.4654777322
 20
417257.3567278656
  0
LWPOLYLINE
  5
1954
330
1F
100
AcDbEntity
  8
d_line
  6
Continuous
 62
     8
100
AcDbPolyline
 90
        2
 70
     0
 43
0.0
 10
175089.9012803527
 20
417963.4461109848
 10
175100.5613889941
 20
417981.9449854115
  0
LWPOLYLINE
  5
1955
330
1F
100
AcDbEntity
  8
d_line
  6
Continuous
 62
     8
100
AcDbPolyline
 90
        2
 70
     0
 43
0.0
 10
175421.8805377677
 20
417547.6527234436
 10
175421.8539912497
 20
417547.6768019954
  0
LWPOLYLINE
  5
1956
330
1F
100
AcDbEntity
  8
d_line
  6
Continuous
 62
     8
100
AcDbPolyline
 90
        4
 70
     0
 43
0.0
 10
175381.1118293911
 20
417241.4175057261
 10
175379.2486744196
 20
417257.8606847749
 42
-0.2156303468456076
 10
175404.5429953887
 20
417336.3032639662
 10
175517.542205226
 20
417460.8844918547
  0
LWPOLYLINE
  5
1957
330
1F
100
AcDbEntity
  8
d_line
  6
Continuous
 62
     8
100
AcDbPolyline
 90
        2
 70
     0
 43
0.0
 10
175370.5202871677
 20
417869.6158593053
 10
175415.0458715097
 20
417918.7051580519
  0
LWPOLYLINE
  5
1958
330
1F
100
AcDbEntity
  8
d_line
  6
Continuous
 62
     8
100
AcDbPolyline
 90
        2
 70
     0
 43
0.0
 10
175505.6342542107
 20
418018.578528544
 10
175534.1873503211
 20
418050.0582156906
  0
LWPOLYLINE
  5
1959
330
1F
100
AcDbEntity
  8
d_line
  6
Continuous
 62
     8
100
AcDbPolyline
 90
        2
 70
     0
 43
0.0
 10
175465.3023878653
 20
418112.5391083507
 10
175436.7492917547
 20
418081.0594212041
  0
LWPOLYLINE
  5
195A
330
1F
100
AcDbEntity
  8
d_line
  6
Continuous
 62
     8
100
AcDbPolyline
 90
        2
 70
     0
 43
0.0
 10
175430.9238381111
 20
418134.1750810997
 10
175410.9218380444
 20
418112.1229469995
  0
LWPOLYLINE
  5
195B
330
1F
100
AcDbEntity
  8
d_line
  6
Continuous
 62
     8
100
AcDbPolyline
 90
        2
 70
     0
 43
0.0
 10
176128.2509496126
 20
417430.8937063365
 10
176098.1250367982
 20
417397.679994348
  0
LWPOLYLINE
  5
195C
330
1F
100
AcDbEntity
  8
d_line
  6
Continuous
 62
     8
100
AcDbPolyline
 90
        2
 70
     0
 43
0.0
 10
176163.4746752465
 20
417469.7277388712
 10
176143.4726751849
 20
417447.6756047721
  0
LWPOLYLINE
  5
195D
330
1F
100
AcDbEntity
  8
d_line
  6
Continuous
 62
     8
100
AcDbPolyline
 90
        2
 70
     0
 43
0.0
 10
176071.9344764261
 20
417562.3041505543
 10
176043.3813803211
 20
417530.8244634073
  0
LWPOLYLINE
  5
195E
330
1F
100
AcDbEntity
  8
d_line
  6
Continuous
 62
     8
100
AcDbPolyline
 90
        2
 70
     0
 43
0.0
 10
175922.3760019548
 20
417397.416463095
 10
175802.8078136585
 20
417265.5929597359
  0
LWPOLYLINE
  5
195F
330
1F
100
AcDbEntity
  8
d_line
  6
Continuous
 62
     8
100
AcDbPolyline
 90
        2
 70
     0
 43
0.0
 10
176057.1205060056
 20
417575.740901664
 10
176028.5674099006
 20
417544.2612145169
  0
LWPOLYLINE
  5
1960
330
1F
100
AcDbEntity
  8
d_line
  6
Continuous
 62
     8
100
AcDbPolyline
 90
        2
 70
     0
 43
0.0
 10
176017.1461714588
 20
417531.6693396583
 10
175993.7386341989
 20
417505.862612881
  0
LWPOLYLINE
  5
1961
330
1F
100
AcDbEntity
  8
d_line
  6
Continuous
 62
     8
100
AcDbPolyline
 90
        2
 70
     0
 43
0.0
 10
175994.9252158259
 20
417551.8244663202
 10
175971.517678566
 20
417526.017739543
  0
LWPOLYLINE
  5
1962
330
1F
100
AcDbEntity
  8
d_line
  6
Continuous
 62
     8
100
AcDbPolyline
 90
        2
 70
     0
 43
0.0
 10
175963.7637792357
 20
417472.8154416373
 10
175927.0453206408
 20
417432.3334713164
  0
LWPOLYLINE
  5
1963
330
1F
100
AcDbEntity
  8
d_line
  6
Continuous
 62
     8
100
AcDbPolyline
 90
        2
 70
     0
 43
0.0
 10
175907.5620315343
 20
417410.8532142048
 10
175787.5709379135
 20
417278.5634592259
  0
LWPOLYLINE
  5
1964
330
1F
100
AcDbEntity
  8
d_line
  6
Continuous
 62
     8
100
AcDbPolyline
 90
        2
 70
     0
 43
0.0
 10
175971.9691421269
 20
417452.0927241745
 10
175941.8592910614
 20
417418.896720207
  0
LWPOLYLINE
  5
1965
330
1F
100
AcDbEntity
  8
d_line
  6
Continuous
 62
     8
100
AcDbPolyline
 90
        2
 70
     0
 43
0.0
 10
176101.562417267
 20
417535.4306483352
 10
176073.0093211621
 20
417503.9509611882
  0
LWPOLYLINE
  5
1966
330
1F
100
AcDbEntity
  8
d_line
  6
Continuous
 62
     8
100
AcDbPolyline
 90
        2
 70
     0
 43
0.0
 10
175378.664046487
 20
418110.7933123417
 10
175601.1277705172
 20
417909.0115073396
  0
LWPOLYLINE
  5
1967
330
1F
100
AcDbEntity
  8
d_line
  6
Continuous
 62
     8
100
AcDbPolyline
 90
        2
 70
     0
 43
0.0
 10
175411.31137449
 20
418104.1324362925
 10
175612.5490089578
 20
417921.6033821993
  0
LWPOLYLINE
  5
1968
330
1F
100
AcDbEntity
  8
d_line
  6
Continuous
 62
     8
100
AcDbPolyline
 90
        2
 70
     0
 43
0.0
 10
176182.5262538957
 20
417456.4975706579
 10
176160.5087411681
 20
417432.2233409958
  0
LWPOLYLINE
  5
1969
330
1F
100
AcDbEntity
  8
d_line
  6
Continuous
 62
     8
100
AcDbPolyline
 90
        2
 70
     0
 43
0.0
 10
176145.2870155963
 20
417415.4414425607
 10
176115.1611027819
 20
417382.227730572
  0
LWPOLYLINE
  5
196A
330
1F
100
AcDbEntity
  8
d_line
  6
Continuous
 62
     8
100
AcDbPolyline
 90
        2
 70
     0
 43
0.0
 10
175946.0957066718
 20
417619.0657212365
 10
176135.482164478
 20
417447.286068326
  0
LWPOLYLINE
  5
196B
330
1F
100
AcDbEntity
  8
d_line
  6
Continuous
 62
     8
100
AcDbPolyline
 90
        2
 70
     0
 43
0.0
 10
175333.3888086923
 20
418037.3174509261
 10
175335.2742308289
 20
417981.6042339719
  0
LWPOLYLINE
  5
196C
330
1F
100
AcDbEntity
  8
d_line
  6
Continuous
 62
     8
100
AcDbPolyline
 90
        2
 70
     0
 43
0.0
 10
175466.1622879101
 20
417889.8860647264
 10
175434.3893397783
 20
417918.7051580519
  0
LWPOLYLINE
  5
196D
330
1F
100
AcDbEntity
  8
d_line
  6
Continuous
 62
     8
100
AcDbPolyline
 90
        2
 70
     0
 43
0.0
 10
175387.5194160775
 20
417934.2161583289
 10
175335.274230829
 20
417981.6042339719
  0
LWPOLYLINE
  5
196E
330
1F
100
AcDbEntity
  8
d_line
  6
Continuous
 62
     8
100
AcDbPolyline
 90
        2
 70
     0
 43
0.0
 10
175449.2731325317
 20
417986.2096928134
 10
175365.5741996556
 20
418062.1273365832
  0
LWPOLYLINE
  5
196F
330
1F
100
AcDbEntity
  8
d_line
  6
Continuous
 62
     8
100
AcDbPolyline
 90
        2
 70
     0
 43
0.0
 10
175365.5741996556
 20
418062.1273365832
 10
175364.4631518739
 20
418063.1350929164
  0
LWPOLYLINE
  5
1970
330
1F
100
AcDbEntity
  8
d_line
  6
Continuous
 62
     8
100
AcDbPolyline
 90
        2
 70
     0
 43
0.0
 10
175707.3066156868
 20
417765.6657334039
 10
175603.3905139461
 20
417859.9210043233
  0
LWPOLYLINE
  5
1971
330
1F
100
AcDbEntity
  8
d_line
  6
Continuous
 62
     8
100
AcDbPolyline
 90
        2
 70
     0
 43
0.0
 10
175581.9102568365
 20
417879.4042934323
 10
175470.8054785069
 20
417980.179926914
  0
LWPOLYLINE
  5
1972
330
1F
100
AcDbEntity
  8
d_line
  6
Continuous
 62
     8
100
AcDbPolyline
 90
        2
 70
     0
 43
0.0
 10
175962.4976708467
 20
417493.6968702814
 10
175886.9217807259
 20
417562.2466511046
  0
LWPOLYLINE
  5
1973
330
1F
100
AcDbEntity
  8
d_line
  6
Continuous
 62
     8
100
AcDbPolyline
 90
        2
 70
     0
 43
0.0
 10
175865.4415236163
 20
417581.7299402132
 10
175830.6286931282
 20
417613.3063053209
  0
LWPOLYLINE
  5
1974
330
1F
100
AcDbEntity
  8
d_line
  6
Continuous
 62
     8
100
AcDbPolyline
 90
        2
 70
     0
 43
0.0
 10
176098.1250367982
 20
417397.679994348
 10
176001.8342290654
 20
417485.0188765605
  0
LWPOLYLINE
  5
1975
330
1F
100
AcDbEntity
  8
d_line
  6
Continuous
 62
     8
100
AcDbPolyline
 90
        2
 70
     0
 43
0.0
 10
175993.7386341989
 20
417505.862612881
 10
175907.0769073902
 20
417584.4676067352
  0
LWPOLYLINE
  5
1976
330
1F
100
AcDbEntity
  8
d_line
  6
Continuous
 62
     8
100
AcDbPolyline
 90
        2
 70
     0
 43
0.0
 10
175885.5966502806
 20
417603.9508958441
 10
175755.2337107552
 20
417722.1943054504
  0
LWPOLYLINE
  5
1977
330
1F
100
AcDbEntity
  8
d_line
  6
Continuous
 62
     8
100
AcDbPolyline
 90
        2
 70
     0
 43
0.0
 10
175589.500264168
 20
417791.5152938947
 10
175563.0802606248
 20
417815.4790930551
  0
LWPOLYLINE
  5
1978
330
1F
100
AcDbEntity
  8
d_line
  6
Continuous
 62
     8
100
AcDbPolyline
 90
        2
 70
     0
 43
0.0
 10
175466.1622879101
 20
417889.8860647264
 10
175506.5450835977
 20
417893.7598692235
  0
LWPOLYLINE
  5
1979
330
1F
100
AcDbEntity
  8
d_line
  6
Continuous
 62
     8
100
AcDbPolyline
 90
        2
 70
     0
 43
0.0
 10
175394.5890646891
 20
418096.348804899
 10
175364.4631518739
 20
418063.1350929164
  0
LWPOLYLINE
  5
197A
330
1F
100
AcDbEntity
  8
d_line
  6
Continuous
 62
     8
100
AcDbPolyline
 90
        3
 70
     0
 43
0.0
 10
174553.5091061478
 20
417188.9017068621
 10
174611.8916038232
 20
417161.0839636385
 10
174633.45787069
 20
417196.3616754871
  0
LWPOLYLINE
  5
197B
330
1F
100
AcDbEntity
  8
d_line
  6
Continuous
 62
     8
100
AcDbPolyline
 90
        2
 70
     0
 43
0.0
 10
175770.688487507
 20
417835.5440221749
 10
175707.3066157044
 20
417765.6657333879
  0
LWPOLYLINE
  5
197C
330
1F
100
AcDbEntity
  8
d_line
  6
Continuous
 62
     8
100
AcDbPolyline
 90
        2
 70
     0
 43
0.0
 10
175638.6267019993
 20
417689.9463722359
 10
175617.2965004002
 20
417666.4299006511
  0
LWPOLYLINE
  5
197D
330
1F
100
AcDbEntity
  8
d_line
  6
Continuous
 62
     8
100
AcDbPolyline
 90
        2
 70
     0
 43
0.0
 10
175355.7063167472
 20
417883.0526104148
 10
175388.0443325135
 20
417918.7051580519
  0
LWPOLYLINE
  5
197E
330
1F
100
AcDbEntity
  8
d_line
  6
Continuous
 62
     8
100
AcDbPolyline
 90
        2
 70
     0
 43
0.0
 10
175490.8202837902
 20
418032.0152796537
 10
175519.3733799005
 20
418063.4949668002
  0
LWPOLYLINE
  5
197F
330
1F
100
AcDbEntity
  8
d_line
  6
Continuous
 62
     8
100
AcDbPolyline
 90
        2
 70
     0
 43
0.0
 10
175962.4976708467
 20
417493.6968702814
 10
175963.7637792357
 20
417472.8154416373
  0
LWPOLYLINE
  5
1980
330
1F
100
AcDbEntity
  8
d_line
  6
Continuous
 62
     8
100
AcDbPolyline
 90
        2
 70
     0
 43
0.0
 10
175971.9691421269
 20
417452.0927241745
 10
175991.5426468417
 20
417453.8513665662
  0
LWPOLYLINE
  5
1981
330
1F
100
AcDbEntity
  8
d_line
  6
Continuous
 62
     8
100
AcDbPolyline
 90
        2
 70
     0
 43
0.0
 10
175387.5194160775
 20
417934.2161583289
 10
175388.0443325135
 20
417918.7051580519
  0
LWPOLYLINE
  5
1982
330
1F
100
AcDbEntity
  8
d_line
  6
Continuous
 62
     8
100
AcDbPolyline
 90
        2
 70
     0
 43
0.0
 10
175415.0458715097
 20
417918.7051580519
 10
175434.3893397783
 20
417918.7051580519
  0
LWPOLYLINE
  5
1983
330
1F
100
AcDbEntity
  8
d_line
  6
Continuous
 62
     8
100
AcDbPolyline
 90
        2
 70
     0
 43
0.0
 10
175440.9119764947
 20
418134.6620016567
 10
175576.0368169161
 20
418012.0993936632
  0
LWPOLYLINE
  5
1984
330
1F
100
AcDbEntity
  8
d_line
  6
Continuous
 62
     8
100
AcDbPolyline
 90
        2
 70
     0
 43
0.0
 10
175588.8352746702
 20
417996.4405469905
 10
175638.0390865027
 20
417951.8110955689
  0
LWPOLYLINE
  5
1985
330
1F
100
AcDbEntity
  8
d_line
  6
Continuous
 62
     8
100
AcDbPolyline
 90
        2
 70
     0
 43
0.0
 10
175672.0099152194
 20
417925.0486841964
 10
175943.7409926244
 20
417678.5797935339
  0
LWPOLYLINE
  5
1986
330
1F
100
AcDbEntity
  8
d_line
  6
Continuous
 62
     8
100
AcDbPolyline
 90
        2
 70
     0
 43
0.0
 10
175576.0368169162
 20
418012.0993936632
 10
175588.8352746702
 20
417996.4405469902
  0
LWPOLYLINE
  5
1987
330
1F
100
AcDbEntity
  8
d_line
  6
Continuous
 62
     8
100
AcDbPolyline
 90
        2
 70
     0
 43
0.0
 10
175662.0217768358
 20
417924.5617636387
 10
175507.8559315376
 20
417754.5944661694
  0
LWPOLYLINE
  5
1988
330
1F
100
AcDbEntity
  8
d_line
  6
Continuous
 62
     8
100
AcDbPolyline
 90
        2
 70
     0
 43
0.0
 10
175662.0217768358
 20
417924.5617636387
 10
175672.0099152194
 20
417925.0486841964
  0
LWPOLYLINE
  5
1989
330
1F
100
AcDbEntity
  8
d_line
  6
Continuous
 62
     8
100
AcDbPolyline
 90
        2
 70
     0
 43
0.0
 10
175703.3953750909
 20
417359.9094401004
 10
175727.0180446242
 20
417385.9533494407
  0
LWPOLYLINE
  5
198A
330
1F
100
AcDbEntity
  8
d_line
  6
Continuous
 62
     8
100
AcDbPolyline
 90
        2
 70
     0
 43
0.0
 10
175745.3684197732
 20
417406.1845729293
 10
175785.4679119508
 20
417450.3941207698
  0
LWPOLYLINE
  5
198B
330
1F
100
AcDbEntity
  8
d_line
  6
Continuous
 62
     8
100
AcDbPolyline
 90
        2
 70
     0
 43
0.0
 10
175803.8182870998
 20
417470.6253442587
 10
175816.1496958021
 20
417484.2206785973
  0
LWPOLYLINE
  5
198C
330
1F
100
AcDbEntity
  8
d_line
  6
Continuous
 62
     8
100
AcDbPolyline
 90
        6
 70
     0
 43
0.0
 10
175359.9522396066
 20
417835.9989584293
 10
175330.2414337054
 20
417862.9476219426
 10
175317.4429759515
 20
417878.6064686152
 10
175267.9095847583
 20
417923.5348591939
 10
175251.0801016712
 20
417934.7495147403
 10
175221.3692957698
 20
417961.6981782539
  0
LWPOLYLINE
  5
198D
330
1F
100
AcDbEntity
  8
d_line
  6
Continuous
 62
     8
100
AcDbPolyline
 90
        4
 70
     0
 43
0.0
 10
175396.6244590046
 20
417845.9385297349
 10
175418.9282796959
 20
417825.708241776
 10
175431.7267374499
 20
417810.0493951034
 10
175474.3720233791
 20
417771.3687391578
  0
LWPOLYLINE
  5
198E
330
1F
100
AcDbEntity
  8
d_line
  6
Continuous
 62
     8
100
AcDbPolyline
 90
        4
 70
     0
 43
0.0
 10
175375.1256572237
 20
417822.2361770672
 10
175404.8364631252
 20
417795.2875135535
 10
175421.6659462122
 20
417784.0728580071
 10
175459.1263425037
 20
417750.0950649411
  0
LWPOLYLINE
  5
198F
330
1F
100
AcDbEntity
  8
d_line
  6
Continuous
 62
     8
100
AcDbPolyline
 90
        5
 70
     0
 43
0.0
 10
175811.6502945778
 20
417532.9502676365
 10
175782.3818776816
 20
417559.4976699898
 42
0.0149970564912788
 10
175758.9831728945
 20
417579.4754418347
 10
175745.0064999116
 20
417594.0511949852
 42
0.0452851307503179
 10
175665.3578069416
 20
417642.5973163456
  0
LWPOLYLINE
  5
1990
330
1F
100
AcDbEntity
  8
d_line
  6
Continuous
 62
     8
100
AcDbPolyline
 90
        4
 70
     0
 43
0.0
 10
175843.6056106281
 20
417503.9657607009
 10
175853.3533539307
 20
417495.1242417214
 10
175870.1828370176
 20
417483.909586175
 10
175946.4046007527
 20
417414.7739770595
  0
LWPOLYLINE
  5
1991
330
1F
100
AcDbEntity
  8
d_line
  6
Continuous
 62
     8
100
AcDbPolyline
 90
        5
 70
     0
 43
0.0
 10
176052.205245386
 20
417281.6364986429
 10
176017.4100428251
 20
417330.4287845359
 42
0.0400911943508205
 10
175964.5208537615
 20
417393.2691437825
 10
175952.2982624445
 20
417409.3442247802
 42
0.0038826067822181
 10
175946.4046007527
 20
417414.7739770595
  0
LWPOLYLINE
  5
1992
330
1F
100
AcDbEntity
  8
d_line
  6
Continuous
 62
     8
100
AcDbPolyline
 90
        2
 70
     0
 43
0.0
 10
175794.1825181354
 20
417513.6921060897
 10
175794.6694386924
 20
417503.703967706
  0
LWPOLYLINE
  5
1993
330
1F
100
AcDbEntity
  8
d_line
  6
Continuous
 62
     8
100
AcDbPolyline
 90
        2
 70
     0
 43
0.0
 10
175764.9149427099
 20
417540.238745202
 10
175794.1825181354
 20
417513.6921060897
  0
LWPOLYLINE
  5
1994
330
1F
100
AcDbEntity
  8
d_line
  6
Continuous
 62
     8
100
AcDbPolyline
 90
        4
 70
     0
 43
0.0
 10
175148.7265337221
 20
418031.6377477368
 10
175169.0814529801
 20
418013.175176518
 10
175181.8799107341
 20
417997.5163298454
 10
175204.1008663649
 20
417977.3612031811
  0
LWPOLYLINE
  5
1995
330
1F
100
AcDbEntity
  8
d_line
  6
Continuous
 62
     8
100
AcDbPolyline
 90
        2
 70
     0
 43
0.0
 10
175415.416364237
 20
418161.8375788224
 10
175328.4895676632
 20
418240.6829995414
  0
LWPOLYLINE
  5
1996
330
1F
100
AcDbEntity
  8
d_line
  6
Continuous
 62
     8
100
AcDbPolyline
 90
        2
 70
     0
 43
0.0
 10
175681.9151179798
 20
417379.3927292079
 10
175794.6694386924
 20
417503.703967706
  0
LWPOLYLINE
  5
1997
330
1F
100
AcDbEntity
  8
d_line
  6
Continuous
 62
     8
100
AcDbPolyline
 90
        2
 70
     0
 43
0.0
 10
175821.6384329615
 20
417533.4371881934
 10
175944.2279131813
 20
417668.5916551502
  0
LWPOLYLINE
  5
1998
330
1F
100
AcDbEntity
  8
d_line
  6
Continuous
 62
     8
100
AcDbPolyline
 90
        2
 70
     0
 43
0.0
 10
175843.1186900712
 20
417513.9538990846
 10
175926.6839575218
 20
417606.0843099334
  0
LWPOLYLINE
  5
1999
330
1F
100
AcDbEntity
  8
d_line
  6
Continuous
 62
     8
100
AcDbPolyline
 90
        2
 70
     0
 43
0.0
 10
175671.9269795958
 20
417378.9058086504
 10
175610.4714769717
 20
417434.6479405385
  0
LWPOLYLINE
  5
199A
330
1F
100
AcDbEntity
  8
d_line
  6
Continuous
 62
     8
100
AcDbPolyline
 90
        2
 70
     0
 43
0.0
 10
175375.1256572237
 20
417822.2361770672
 10
175359.9522396066
 20
417835.9989584293
  0
LWPOLYLINE
  5
199B
330
1F
100
AcDbEntity
  8
d_line
  6
Continuous
 62
     8
100
AcDbPolyline
 90
        4
 70
     0
 43
0.0
 10
175826.1378341857
 20
417484.7075991542
 10
175926.9213116438
 20
417393.2937199498
 42
-0.0537081098381837
 10
175996.2413992809
 20
417315.3328072406
 10
176006.3271096329
 20
417301.1899132004
  0
LWPOLYLINE
  5
199C
330
1F
100
AcDbEntity
  8
d_line
  6
Continuous
 62
     8
100
AcDbPolyline
 90
        3
 70
     0
 43
0.0
 10
176006.3271096332
 20
417301.1899131999
 10
176015.4968640671
 20
417283.1644977089
 10
176032.980255197
 20
417258.6480541879
  0
LWPOLYLINE
  5
199D
330
1F
100
AcDbEntity
  8
d_line
  6
Continuous
 62
     8
100
AcDbPolyline
 90
        2
 70
     0
 43
0.0
 10
175794.2545221608
 20
417361.843294268
 10
175834.3540143385
 20
417406.0528421082
  0
LWPOLYLINE
  5
199E
330
1F
100
AcDbEntity
  8
d_line
  6
Continuous
 62
     8
100
AcDbPolyline
 90
        2
 70
     0
 43
0.0
 10
175782.4033458245
 20
417372.5926951557
 10
175822.5028380021
 20
417416.8022429959
  0
LWPOLYLINE
  5
199F
330
1F
100
AcDbEntity
  8
d_line
  6
Continuous
 62
     8
100
AcDbPolyline
 90
        2
 70
     0
 43
0.0
 10
175860.2784624376
 20
417382.538527791
 10
175820.1789702645
 20
417338.3289799466
  0
LWPOLYLINE
  5
19A0
330
1F
100
AcDbEntity
  8
d_line
  6
Continuous
 62
     8
100
AcDbPolyline
 90
        2
 70
     0
 43
0.0
 10
175745.7579562188
 20
417398.1940622225
 10
175774.4128351176
 20
417372.2031587099
  0
LWPOLYLINE
  5
19A1
330
1F
100
AcDbEntity
  8
d_line
  6
Continuous
 62
     8
100
AcDbPolyline
 90
        2
 70
     0
 43
0.0
 10
175735.0085553311
 20
417386.3428858861
 10
175817.4802585841
 20
417311.5383791446
  0
LWPOLYLINE
  5
19A2
330
1F
100
AcDbEntity
  8
d_line
  6
Continuous
 62
     8
100
AcDbPolyline
 90
        2
 70
     0
 43
0.0
 10
175793.4584226577
 20
417450.7836572154
 10
175822.1133015565
 20
417424.7927537029
  0
LWPOLYLINE
  5
19A3
330
1F
100
AcDbEntity
  8
d_line
  6
Continuous
 62
     8
100
AcDbPolyline
 90
        2
 70
     0
 43
0.0
 10
175794.6440586065
 20
417353.852783561
 10
175812.1884595576
 20
417337.9394435007
  0
LWPOLYLINE
  5
19A4
330
1F
100
AcDbEntity
  8
d_line
  6
Continuous
 62
     8
100
AcDbPolyline
 90
        2
 70
     0
 43
0.0
 10
175804.2078235454
 20
417462.6348335517
 10
175886.6795267904
 20
417387.8303268174
  0
LWPOLYLINE
  5
19A5
330
1F
100
AcDbEntity
  8
d_line
  6
Continuous
 62
     8
100
AcDbPolyline
 90
        2
 70
     0
 43
0.0
 10
175842.3445250454
 20
417406.442378554
 10
175859.8889259915
 20
417390.5290384982
  0
LWPOLYLINE
  5
19A6
330
1F
100
AcDbEntity
  8
d_line
  6
Continuous
 62
     8
100
AcDbPolyline
 90
        2
 70
     0
 43
0.0
 10
175811.2809992501
 20
417380.6149248437
 10
175837.2054473516
 20
417357.1006105239
  0
LWPOLYLINE
  5
19A7
330
1F
100
AcDbEntity
  8
d_line
  6
Continuous
 62
     8
100
AcDbPolyline
 90
        2
 70
     0
 43
0.0
 10
175817.999374805
 20
417388.0219100539
 10
175843.9238229057
 20
417364.5075957349
  0
LWPOLYLINE
  5
19A8
330
1F
100
AcDbEntity
  8
d_line
  6
Continuous
 62
     8
100
AcDbPolyline
 90
        2
 70
     0
 43
0.0
 10
175765.7540846395
 20
417428.6596961098
 10
175802.7890106907
 20
417395.067818336
  0
LWPOLYLINE
  5
19A9
330
1F
100
AcDbEntity
  8
d_line
  6
Continuous
 62
     8
100
AcDbPolyline
 90
        2
 70
     0
 43
0.0
 10
175775.1333591761
 20
417349.9483888486
 10
175749.0061316022
 20
417321.1432131522
  0
LWPOLYLINE
  5
19AA
330
1F
100
AcDbEntity
  8
d_line
  6
Continuous
 62
     8
100
AcDbPolyline
 90
        2
 70
     0
 43
0.0
 10
175713.7858800385
 20
418029.262065266
 10
175744.2103568732
 20
418062.8049430318
  0
LWPOLYLINE
  5
19AB
330
1F
100
AcDbEntity
  8
d_line
  6
Continuous
 62
     8
100
AcDbPolyline
 90
        2
 70
     0
 43
0.0
 10
176193.2244049703
 20
417899.9442071879
 10
176236.4587052828
 20
417947.6098698896
  0
LWPOLYLINE
  5
19AC
330
1F
100
AcDbEntity
  8
d_line
  6
Continuous
 62
     8
100
AcDbPolyline
 90
        2
 70
     0
 43
0.0
 10
175555.0367546185
 20
417849.7763525903
 10
175506.5450835977
 20
417893.7598692235
  0
LWPOLYLINE
  5
19AD
330
1F
100
AcDbEntity
  8
d_line
  6
Continuous
 62
     8
100
AcDbPolyline
 90
        2
 70
     0
 43
0.0
 10
175449.2731325317
 20
417986.2096928134
 10
175479.3990453471
 20
418019.4234047962
  0
LWPOLYLINE
  5
19AE
330
1F
100
AcDbEntity
  8
d_line
  6
Continuous
 62
     8
100
AcDbPolyline
 90
        2
 70
     0
 43
0.0
 10
175415.9032847939
 20
418151.8494404389
 10
175349.9181774184
 20
418079.1010936927
  0
LWPOLYLINE
  5
19AF
330
1F
100
AcDbEntity
  8
d_line
  6
Continuous
 62
     8
100
AcDbPolyline
 90
        2
 70
     0
 43
0.0
 10
175349.9181774185
 20
418079.1010936927
 10
175284.1519909294
 20
418116.2147815193
  0
LWPOLYLINE
  5
19B0
330
1F
100
AcDbEntity
  8
d_line
  6
Continuous
 62
     8
100
AcDbPolyline
 90
        2
 70
     0
 43
0.0
 10
175470.8054785069
 20
417980.179926914
 10
175494.2130157675
 20
418005.9866536868
  0
LWPOLYLINE
  5
19B1
330
1F
100
AcDbEntity
  8
d_line
  6
Continuous
 62
     8
100
AcDbPolyline
 90
        2
 70
     0
 43
0.0
 10
175178.0629763086
 20
418145.7541719008
 10
175138.220587394
 20
418173.5691074037
  0
LWPOLYLINE
  5
19B2
330
1F
100
AcDbEntity
  8
d_line
  6
Continuous
 62
     8
100
AcDbPolyline
 90
        2
 70
     0
 43
0.0
 10
175127.3044280779
 20
418081.7940727118
 10
175159.2186699286
 20
418057.2230409722
  0
LWPOLYLINE
  5
19B3
330
1F
100
AcDbEntity
  8
d_line
  6
Continuous
 62
     8
100
AcDbPolyline
 90
        2
 70
     0
 43
0.0
 10
175121.8913060549
 20
418086.3506893294
 10
175081.4477542325
 20
418117.983287145
  0
LWPOLYLINE
  5
19B4
330
1F
100
AcDbEntity
  8
d_line
  6
Continuous
 62
     8
100
AcDbPolyline
 90
        2
 70
     0
 43
0.0
 10
175127.3044280779
 20
418081.7940727118
 10
175147.8624497885
 20
418108.0783324246
  0
LWPOLYLINE
  5
19B5
330
1F
100
AcDbEntity
  8
d_line
  6
Continuous
 62
     8
100
AcDbPolyline
 90
        2
 70
     0
 43
0.0
 10
175127.3044280779
 20
418081.7940727118
 10
175121.8913060549
 20
418086.3506893294
  0
LWPOLYLINE
  5
19B6
330
1F
100
AcDbEntity
  8
d_line
  6
Continuous
 62
     8
100
AcDbPolyline
 90
        2
 70
     0
 43
0.0
 10
175070.4806943592
 20
418177.7148522866
 10
175101.0693814562
 20
418199.50526297
  0
LWPOLYLINE
  5
19B7
330
1F
100
AcDbEntity
  8
d_line
  6
Continuous
 62
     8
100
AcDbPolyline
 90
        2
 70
     0
 43
0.0
 10
174920.5513227482
 20
418099.3862842341
 10
174940.8553635771
 20
418125.3458191497
  0
LWPOLYLINE
  5
19B8
330
1F
100
AcDbEntity
  8
d_line
  6
Continuous
 62
     8
100
AcDbPolyline
 90
        4
 70
     0
 43
0.0
 10
174952.3430074489
 20
418078.3529563939
 10
174964.856493188
 20
418094.3519524902
 42
-0.0721400066789988
 10
174998.1569974264
 20
418126.1937440646
 10
175024.0268803275
 20
418144.6226282777
  0
LWPOLYLINE
  5
19B9
330
1F
100
AcDbEntity
  8
d_line
  6
Continuous
 62
     8
100
AcDbPolyline
 90
        4
 70
     0
 43
0.0
 10
174971.2474093052
 20
418063.5670309763
 10
174983.7608950444
 20
418079.5660270727
 42
-0.0721400066790366
 10
175012.08188463
 20
418106.6464292523
 10
175036.2240126735
 20
418123.8445156941
  0
LWPOLYLINE
  5
19BA
330
1F
100
AcDbEntity
  8
d_line
  6
Continuous
 62
     8
100
AcDbPolyline
 90
        2
 70
     0
 43
0.0
 10
175168.6164374328
 20
418344.5728248122
 10
175183.0599010325
 20
418363.0393754254
  0
LWPOLYLINE
  5
19BB
330
1F
100
AcDbEntity
  8
d_line
  6
Continuous
 62
     8
100
AcDbPolyline
 90
        2
 70
     0
 43
0.0
 10
175070.4806943592
 20
418177.7148522866
 10
175084.4055815623
 20
418158.1675374742
  0
LWPOLYLINE
  5
19BC
330
1F
100
AcDbEntity
  8
d_line
  6
Continuous
 62
     8
100
AcDbPolyline
 90
        4
 70
     0
 43
0.0
 10
174897.5975239146
 20
418129.8159050943
 10
174912.5810028639
 20
418108.7825727785
 42
0.0721400066899646
 10
174927.0635622734
 20
418093.6365490417
 10
174937.9277525883
 20
418085.139210224
  0
LWPOLYLINE
  5
19BD
330
1F
100
AcDbEntity
  8
d_line
  6
Continuous
 62
     8
100
AcDbPolyline
 90
        4
 70
     0
 43
0.0
 10
174883.0596376229
 20
418124.3707363946
 10
174900.363931106
 20
418100.0795182764
 42
0.0721400066899876
 10
174917.8223588874
 20
418081.8212978816
 10
174928.6865492024
 20
418073.3239590638
  0
LWPOLYLINE
  5
19BE
330
1F
100
AcDbEntity
  8
d_line
  6
Continuous
 62
     8
100
AcDbPolyline
 90
        2
 70
     0
 43
0.0
 10
174980.386527816
 20
418212.7777016527
 10
174956.0612793203
 20
418195.4491660078
  0
LWPOLYLINE
  5
19BF
330
1F
100
AcDbEntity
  8
d_line
  6
Continuous
 62
     8
100
AcDbPolyline
 90
        4
 70
     0
 43
0.0
 10
174878.1287165757
 20
418125.1989982047
 10
174869.0129983402
 20
418118.7052496042
 42
0.1066892434729251
 10
174853.9460189068
 20
418102.1790541621
 10
174843.6285801679
 20
418084.4347594034
  0
LWPOLYLINE
  5
19C0
330
1F
100
AcDbEntity
  8
d_line
  6
Continuous
 62
     8
100
AcDbPolyline
 90
        2
 70
     0
 43
0.0
 10
174932.4002510113
 20
418013.8993726711
 42
0.0024802933319272
 10
174911.9658618303
 20
418026.7291476019
  0
LWPOLYLINE
  5
19C1
330
1F
100
AcDbEntity
  8
d_line
  6
Continuous
 62
     8
100
AcDbPolyline
 90
        2
 70
     0
 43
0.0
 10
175179.9860994743
 20
418359.1093961889
 42
0.0063088704034138
 10
175133.107274236
 20
418396.2049636217
 42
0.0054388076886621
  0
LWPOLYLINE
  5
19C2
330
1F
100
AcDbEntity
  8
d_line
  6
Continuous
 62
     8
100
AcDbPolyline
 90
        3
 70
     0
 43
0.0
 10
175058.4702484538
 20
418139.6920286087
 10
175091.0603048238
 20
418162.9081512961
 42
0.1905341414635517
 10
175136.4737909476
 20
418232.9454371426
  0
LWPOLYLINE
  5
19C3
330
1F
100
AcDbEntity
  8
d_line
  6
Continuous
 62
     8
100
AcDbPolyline
 90
        3
 70
     0
 43
0.0
 10
175139.4424219541
 20
418264.1592769672
 10
175139.7002056151
 20
418268.4437996851
 42
-0.1099479429307936
 10
175156.0413753914
 20
418325.4629368547
  0
LWPOLYLINE
  5
19C4
330
1F
100
AcDbEntity
  8
d_line
  6
Continuous
 62
     8
100
AcDbPolyline
 90
        2
 70
     0
 43
0.0
 10
174911.9658618309
 20
418026.7291476016
 10
174938.7454590092
 20
418060.9679424224
  0
LWPOLYLINE
  5
19C5
330
1F
100
AcDbEntity
  8
d_line
  6
Continuous
 62
     8
100
AcDbPolyline
 90
        2
 70
     0
 43
0.0
 10
174929.1252283796
 20
418009.7121241785
 10
174957.6498608656
 20
418046.1820170049
  0
LWPOLYLINE
  5
19C6
330
1F
100
AcDbEntity
  8
d_line
  6
Continuous
 62
     8
100
AcDbPolyline
 90
        2
 70
     0
 43
0.0
 10
174891.5032879695
 20
418052.508209104
 10
174915.7427577323
 20
418083.499348599
  0
LWPOLYLINE
  5
19C7
330
1F
100
AcDbEntity
  8
d_line
  6
Continuous
 62
     8
100
AcDbPolyline
 90
        2
 70
     0
 43
0.0
 10
174910.9998001889
 20
418044.9719815729
 10
174929.2932580811
 20
418068.3609051313
  0
LWPOLYLINE
  5
19C8
330
1F
100
AcDbEntity
  8
d_line
  6
Continuous
 62
     8
100
AcDbPolyline
 90
        4
 70
     0
 43
0.0
 10
174942.8908065208
 20
418085.7459191027
 10
174955.4042922598
 20
418101.744915199
 42
-0.0721400066789529
 10
174991.1945538245
 20
418135.9674014706
 10
175017.0644367259
 20
418154.3962856839
  0
LWPOLYLINE
  5
19C9
330
1F
100
AcDbEntity
  8
d_line
  6
Continuous
 62
     8
100
AcDbPolyline
 90
        2
 70
     0
 43
0.0
 10
174924.9891002965
 20
418095.321170406
 10
174945.4021943184
 20
418121.420134226
  0
LWPOLYLINE
  5
19CA
330
1F
100
AcDbEntity
  8
d_line
  6
Continuous
 62
     8
100
AcDbPolyline
 90
        2
 70
     0
 43
0.0
 10
174886.2672468064
 20
418055.5527107125
 10
174911.2555437394
 20
418087.5012559395
  0
LWPOLYLINE
  5
19CB
330
1F
100
AcDbEntity
  8
d_line
  6
Continuous
 62
     8
100
AcDbPolyline
 90
        2
 70
     0
 43
0.0
 10
175118.0322654613
 20
418359.009664224
 10
175155.0434093758
 20
418330.3623313155
  0
LWPOLYLINE
  5
19CC
330
1F
100
AcDbEntity
  8
d_line
  6
Continuous
 62
     8
100
AcDbPolyline
 90
        2
 70
     0
 43
0.0
 10
175073.2364352857
 20
418398.7407229898
 10
175098.6883051828
 20
418379.040489142
  0
LWPOLYLINE
  5
19CD
330
1F
100
AcDbEntity
  8
d_line
  6
Continuous
 62
     8
100
AcDbPolyline
 90
        2
 70
     0
 43
0.0
 10
175022.8089450444
 20
418227.3996132058
 10
175038.6458868789
 20
418205.1682167723
  0
LWPOLYLINE
  5
19CE
330
1F
100
AcDbEntity
  8
d_line
  6
Continuous
 62
     8
100
AcDbPolyline
 90
        2
 70
     0
 43
0.0
 10
175044.4479232135
 20
418197.0235022671
 10
175076.2608670572
 20
418152.3655011395
  0
LWPOLYLINE
  5
19CF
330
1F
100
AcDbEntity
  8
d_line
  6
Continuous
 62
     8
100
AcDbPolyline
 90
        2
 70
     0
 43
0.0
 10
174991.3428211966
 20
418196.5970821003
 10
175017.8926985363
 20
418159.3272067312
  0
LWPOLYLINE
  5
19D0
330
1F
100
AcDbEntity
  8
d_line
  6
Continuous
 62
     8
100
AcDbPolyline
 90
        2
 70
     0
 43
0.0
 10
175028.9578013747
 20
418143.7943664675
 10
175037.5492315699
 20
418131.7339893698
  0
LWPOLYLINE
  5
19D1
330
1F
100
AcDbEntity
  8
d_line
  6
Continuous
 62
     8
100
AcDbPolyline
 90
        2
 70
     0
 43
0.0
 10
174943.7085129417
 20
418061.5746513013
 10
174957.0431519868
 20
418051.1450709373
  0
LWPOLYLINE
  5
19D2
330
1F
100
AcDbEntity
  8
d_line
  6
Continuous
 62
     8
100
AcDbPolyline
 90
        2
 70
     0
 43
0.0
 10
174952.9497163276
 20
418073.3899024615
 10
174966.2843553728
 20
418062.9603220975
  0
LWPOLYLINE
  5
19D3
330
1F
100
AcDbEntity
  8
d_line
  6
Continuous
 62
     8
100
AcDbPolyline
 90
        2
 70
     0
 43
0.0
 10
175051.9241020319
 20
418311.8679440851
 10
175025.6049076562
 20
418330.2420103496
  0
LWPOLYLINE
  5
19D4
330
1F
100
AcDbEntity
  8
d_line
  6
Continuous
 62
     8
100
AcDbPolyline
 90
        2
 70
     0
 43
0.0
 10
174911.9658618309
 20
418026.7291476016
 10
174885.1385626112
 20
418042.3279087805
  0
LWPOLYLINE
  5
19D5
330
1F
100
AcDbEntity
  8
d_line
  6
Continuous
 62
     8
100
AcDbPolyline
 90
        2
 70
     0
 43
0.0
 10
174853.4755566272
 20
418060.7383967132
 10
174804.6980384531
 20
418089.1001356518
  0
LWPOLYLINE
  5
19D6
330
1F
100
AcDbEntity
  8
d_line
  6
Continuous
 62
     8
100
AcDbPolyline
 90
        2
 70
     0
 43
0.0
 10
174906.089954171
 20
418044.0267767909
 10
174844.9078417721
 20
418079.6011800103
  0
LWPOLYLINE
  5
19D7
330
1F
100
AcDbEntity
  8
d_line
  6
Continuous
 62
     8
100
AcDbPolyline
 90
        2
 70
     0
 43
0.0
 10
175012.6987594628
 20
418232.1125404574
 10
174994.7803875514
 20
418219.3480605212
  0
LWPOLYLINE
  5
19D8
330
1F
100
AcDbEntity
  8
d_line
  6
Continuous
 62
     8
100
AcDbPolyline
 90
        4
 70
     0
 43
0.0
 10
174939.9231244199
 20
418183.9528562173
 10
174862.0505547386
 20
418128.4789070105
 42
0.1066892434730884
 10
174843.5721837354
 20
418108.2109314682
 10
174825.445708796
 20
418077.0363810395
  0
LWPOLYLINE
  5
19D9
330
1F
100
AcDbEntity
  8
d_line
  6
Continuous
 62
     8
100
AcDbPolyline
 90
        2
 70
     0
 43
0.0
 10
175003.2163787812
 20
418179.9293587165
 10
174953.4395027536
 20
418144.4698907196
  0
LWPOLYLINE
  5
19DA
330
1F
100
AcDbEntity
  8
d_line
  6
Continuous
 62
     8
100
AcDbPolyline
 90
        2
 70
     0
 43
0.0
 10
175044.4479232135
 20
418197.0235022671
 10
175022.0499583242
 20
418181.0679023468
  0
LWPOLYLINE
  5
19DB
330
1F
100
AcDbEntity
  8
d_line
  6
Continuous
 62
     8
100
AcDbPolyline
 90
        2
 70
     0
 43
0.0
 10
175009.0184151159
 20
418171.7846442114
 10
174959.2415390883
 20
418136.3251762147
  0
LWPOLYLINE
  5
19DC
330
1F
100
AcDbEntity
  8
d_line
  6
Continuous
 62
     8
100
AcDbPolyline
 90
        4
 70
     0
 43
0.0
 10
174884.5408014428
 20
418173.9672084503
 10
174848.1256675354
 20
418148.0262218228
 42
0.1066892434730899
 10
174822.8245133926
 20
418120.2746860806
 10
174798.8832935604
 20
418079.0997324574
  0
LWPOLYLINE
  5
19DD
330
1F
100
AcDbEntity
  8
d_line
  6
Continuous
 62
     8
100
AcDbPolyline
 90
        2
 70
     0
 43
0.0
 10
175038.6458868789
 20
418205.1682167723
 10
175016.2479219896
 20
418189.2126168519
  0
LWPOLYLINE
  5
19DE
330
1F
100
AcDbEntity
  8
d_line
  6
Continuous
 62
     8
100
AcDbPolyline
 90
        3
 70
     0
 43
0.0
 10
175022.8089450444
 20
418227.3996132058
 42
-0.0217712863360989
 10
175017.4558370286
 20
418223.2234304621
 10
175000.582423886
 20
418211.203346016
  0
LWPOLYLINE
  5
19DF
330
1F
100
AcDbEntity
  8
d_line
  6
Continuous
 62
     8
100
AcDbPolyline
 90
        2
 70
     0
 43
0.0
 10
174986.4119001493
 20
418197.4253439103
 10
174898.4257857248
 20
418134.7468261416
  0
LWPOLYLINE
  5
19E0
330
1F
100
AcDbEntity
  8
d_line
  6
Continuous
 62
     8
100
AcDbPolyline
 90
        2
 70
     0
 43
0.0
 10
174991.0875235313
 20
418088.1737281177
 10
174976.9099484821
 20
418108.0757581105
  0
LWPOLYLINE
  5
19E1
330
1F
100
AcDbEntity
  8
d_line
  6
Continuous
 62
     8
100
AcDbPolyline
 90
        2
 70
     0
 43
0.0
 10
174985.6848658602
 20
418081.9695450304
 10
174971.3332724057
 20
418102.1158565388
  0
LWPOLYLINE
  5
19E2
330
1F
100
AcDbEntity
  8
d_line
  6
Continuous
 62
     8
100
AcDbPolyline
 90
        2
 70
     0
 43
0.0
 10
174971.2944366349
 20
418119.4057010829
 10
174939.5146155505
 20
418164.0172055323
  0
LWPOLYLINE
  5
19E3
330
1F
100
AcDbEntity
  8
d_line
  6
Continuous
 62
     8
100
AcDbPolyline
 90
        2
 70
     0
 43
0.0
 10
174908.7550863043
 20
418188.0260703528
 10
174921.076690819
 20
418203.7797385663
  0
LWPOLYLINE
  5
19E4
330
1F
100
AcDbEntity
  8
d_line
  6
Continuous
 62
     8
100
AcDbPolyline
 90
        2
 70
     0
 43
0.0
 10
174904.0289858403
 20
418191.7225517072
 10
174916.3505903549
 20
418207.4762199208
  0
LWPOLYLINE
  5
19E5
330
1F
100
AcDbEntity
  8
d_line
  6
Continuous
 62
     8
100
AcDbPolyline
 90
        2
 70
     0
 43
0.0
 10
174923.7435530637
 20
418216.928420849
 10
174953.2510777806
 20
418254.6549810258
  0
LWPOLYLINE
  5
19E6
330
1F
100
AcDbEntity
  8
d_line
  6
Continuous
 62
     8
100
AcDbPolyline
 90
        2
 70
     0
 43
0.0
 10
174965.0202198325
 20
418259.9633123367
 10
174978.6794483064
 20
418277.4271867191
  0
LWPOLYLINE
  5
19E7
330
1F
100
AcDbEntity
  8
d_line
  6
Continuous
 62
     8
100
AcDbPolyline
 90
        2
 70
     0
 43
0.0
 10
175000.9942486441
 20
418305.957558746
 10
175014.5680129016
 20
418323.3121636815
  0
LWPOLYLINE
  5
19E8
330
1F
100
AcDbEntity
  8
d_line
  6
Continuous
 62
     8
100
AcDbPolyline
 90
        2
 70
     0
 43
0.0
 10
174960.6559334185
 20
418264.1223875434
 10
174974.2229686908
 20
418281.4683892
  0
LWPOLYLINE
  5
19E9
330
1F
100
AcDbEntity
  8
d_line
  6
Continuous
 62
     8
100
AcDbPolyline
 90
        2
 70
     0
 43
0.0
 10
174996.0672661933
 20
418309.3972043804
 10
175009.6410304507
 20
418326.751809316
  0
LWPOLYLINE
  5
19EA
330
1F
100
AcDbEntity
  8
d_line
  6
Continuous
 62
     8
100
AcDbPolyline
 90
        2
 70
     0
 43
0.0
 10
174884.5408014428
 20
418173.9672084503
 10
174903.240989498
 20
418157.8216665342
  0
LWPOLYLINE
  5
19EB
330
1F
100
AcDbEntity
  8
d_line
  6
Continuous
 62
     8
100
AcDbPolyline
 90
        2
 70
     0
 43
0.0
 10
174915.7077815349
 20
418147.0579719234
 10
174960.7117543268
 20
418108.2020242206
  0
LWPOLYLINE
  5
19EC
330
1F
100
AcDbEntity
  8
d_line
  6
Continuous
 62
     8
100
AcDbPolyline
 90
        2
 70
     0
 43
0.0
 10
175116.8980211266
 20
418188.4549067157
 10
175101.0693814563
 20
418199.50526297
  0
LWPOLYLINE
  5
19ED
330
1F
100
AcDbEntity
  8
d_line
  6
Continuous
 62
     8
100
AcDbPolyline
 90
        2
 70
     0
 43
0.0
 10
175131.2903871432
 20
418214.9946725492
 10
175099.515083302
 20
418237.1777808167
  0
LWPOLYLINE
  5
19EE
330
1F
100
AcDbEntity
  8
d_line
  6
Continuous
 62
     8
100
AcDbPolyline
 90
        2
 70
     0
 43
0.0
 10
175091.315501214
 20
418242.9021074233
 10
175047.8577161471
 20
418273.2410384378
  0
LWPOLYLINE
  5
19EF
330
1F
100
AcDbEntity
  8
d_line
  6
Continuous
 62
     8
100
AcDbPolyline
 90
        2
 70
     0
 43
0.0
 10
175132.2409980233
 20
418260.6750993932
 10
175076.5992217648
 20
418299.5199693936
  0
LWPOLYLINE
  5
19F0
330
1F
100
AcDbEntity
  8
d_line
  6
Continuous
 62
     8
100
AcDbPolyline
 90
        2
 70
     0
 43
0.0
 10
175024.5451292982
 20
418336.1476745655
 10
175067.3064758087
 20
418397.8266220107
  0
LWPOLYLINE
  5
19F1
330
1F
100
AcDbEntity
  8
d_line
  6
Continuous
 62
     8
100
AcDbPolyline
 90
        2
 70
     0
 43
0.0
 10
175059.7983209866
 20
418313.2809818959
 10
175099.9071064886
 20
418371.1338765061
  0
LWPOLYLINE
  5
19F2
330
1F
100
AcDbEntity
  8
d_line
  6
Continuous
 62
     8
100
AcDbPolyline
 90
        2
 70
     0
 43
0.0
 10
175112.2709017838
 20
418383.7019893514
 10
175132.0099409978
 20
418412.1735708531
  0
LWPOLYLINE
  5
19F3
330
1F
100
AcDbEntity
  8
d_line
  6
Continuous
 62
     8
100
AcDbPolyline
 90
        2
 70
     0
 43
0.0
 10
175039.6581340591
 20
418278.9653650444
 10
175052.192813059
 20
418297.0453805343
  0
LWPOLYLINE
  5
19F4
330
1F
100
AcDbEntity
  8
d_line
  6
Continuous
 62
     8
100
AcDbPolyline
 90
        2
 70
     0
 43
0.0
 10
175075.1861839541
 20
418307.3941883484
 10
175110.1256528253
 20
418357.7908629182
  0
LWPOLYLINE
  5
19F5
330
1F
100
AcDbEntity
  8
d_line
  6
Continuous
 62
     8
100
AcDbPolyline
 90
        2
 70
     0
 43
0.0
 10
175091.315501214
 20
418242.9021074233
 10
175103.8501802139
 20
418260.9821229133
  0
LWPOLYLINE
  5
19F6
330
1F
100
AcDbEntity
  8
d_line
  6
Continuous
 62
     8
100
AcDbPolyline
 90
        2
 70
     0
 43
0.0
 10
175112.9663103956
 20
418274.1312250877
 10
175130.4308494225
 20
418299.3220685175
  0
LWPOLYLINE
  5
19F7
330
1F
100
AcDbEntity
  8
d_line
  6
Continuous
 62
     8
100
AcDbPolyline
 90
        2
 70
     0
 43
0.0
 10
175099.515083302
 20
418237.1777808167
 10
175112.049762302
 20
418255.2577963067
  0
LWPOLYLINE
  5
19F8
330
1F
100
AcDbEntity
  8
d_line
  6
Continuous
 62
     8
100
AcDbPolyline
 90
        2
 70
     0
 43
0.0
 10
175120.1897126069
 20
418377.5726783954
 10
175139.9530508463
 20
418406.0793088007
  0
LWPOLYLINE
  5
19F9
330
1F
100
AcDbEntity
  8
d_line
  6
Continuous
 62
     8
100
AcDbPolyline
 90
        2
 70
     0
 43
0.0
 10
175047.8577161471
 20
418273.2410384378
 10
175060.3923951472
 20
418291.3210539278
  0
LWPOLYLINE
  5
19FA
330
1F
100
AcDbEntity
  8
d_line
  6
Continuous
 62
     8
100
AcDbPolyline
 90
        2
 70
     0
 43
0.0
 10
175047.6365237069
 20
418369.4546917293
 10
175081.164877938
 20
418344.1000942679
  0
LWPOLYLINE
  5
19FB
330
1F
100
AcDbEntity
  8
d_line
  6
Continuous
 62
     8
100
AcDbPolyline
 90
        2
 70
     0
 43
0.0
 10
175093.9375843117
 20
418334.4411999969
 10
175144.3139853343
 20
418296.3458804152
  0
LWPOLYLINE
  5
19FC
330
1F
100
AcDbEntity
  8
d_line
  6
Continuous
 62
     8
100
AcDbPolyline
 90
        2
 70
     0
 43
0.0
 10
175044.2150813999
 20
418364.5196048469
 10
175077.743435631
 20
418339.1650073853
  0
LWPOLYLINE
  5
19FD
330
1F
100
AcDbEntity
  8
d_line
  6
Continuous
 62
     8
100
AcDbPolyline
 90
        2
 70
     0
 43
0.0
 10
175090.5161420047
 20
418329.5061131143
 10
175142.7393281236
 20
418290.0142295261
  0
LWPOLYLINE
  5
19FE
330
1F
100
AcDbEntity
  8
d_line
  6
Continuous
 62
     8
100
AcDbPolyline
 90
        2
 70
     0
 43
0.0
 10
174928.4696535278
 20
418213.2319394946
 10
174957.5321197237
 20
418250.3894744065
  0
LWPOLYLINE
  5
19FF
330
1F
100
AcDbEntity
  8
d_line
  6
Continuous
 62
     8
100
AcDbPolyline
 90
        4
 70
     0
 43
0.0
 10
175450.7459098628
 20
418659.4721784612
 10
175444.6137387987
 20
418669.0844871326
 10
175436.6611924926
 20
418676.2977042756
 10
175426.4979960966
 20
418681.4658218215
  0
LWPOLYLINE
  5
1A00
330
1F
100
AcDbEntity
  8
d_line
  6
Continuous
 62
     8
100
AcDbPolyline
 90
        4
 70
     0
 43
0.0
 10
174806.3430575571
 20
418014.5960352599
 10
174796.191395263
 20
418023.2530412527
 10
174786.7624119422
 20
418028.1534813294
 10
174773.8438027618
 20
418031.4865785191
  0
LWPOLYLINE
  5
1A01
330
1F
100
AcDbEntity
  8
d_line
  6
Continuous
 62
     8
100
AcDbPolyline
 90
        4
 70
     0
 43
0.0
 10
175163.1609841369
 20
418448.1979173654
 10
175170.7649443875
 20
418438.4419044245
 10
175179.1909200148
 20
418431.8515955562
 10
175189.9453583967
 20
418427.248735096
  0
LWPOLYLINE
  5
1A02
330
1F
100
AcDbEntity
  8
d_line
  6
Continuous
 62
     8
100
AcDbPolyline
 90
        4
 70
     0
 43
0.0
 10
174853.4755566272
 20
418060.7383967132
 10
174863.2059087391
 20
418051.6104041696
 10
174872.3922718477
 20
418046.2689837361
 10
174885.1385626111
 20
418042.3279087805
  0
LWPOLYLINE
  5
1A03
330
1F
100
AcDbEntity
  8
d_line
  6
Continuous
 62
     8
100
AcDbPolyline
 90
        3
 70
     0
 43
0.0
 10
175107.3670033378
 20
418068.5112069776
 10
175108.5804210948
 20
418058.5850991128
 10
175023.8810180119
 20
417950.2934969749
  0
LWPOLYLINE
  5
1A04
330
1F
100
AcDbEntity
  8
d_line
  6
Continuous
 62
     8
100
AcDbPolyline
 90
        3
 70
     0
 43
0.0
 10
175422.0491536237
 20
418358.1526380255
 10
175430.794689297
 20
418367.7945600734
 10
175446.9649196385
 20
418386.2919864167
  0
LWPOLYLINE
  5
1A05
330
1F
100
AcDbEntity
  8
d_line
  6
Continuous
 62
     8
100
AcDbPolyline
 90
        2
 70
     0
 43
0.0
 10
175358.5686514357
 20
418283.7002444726
 10
175410.8045026966
 20
418341.2900851378
  0
LWPOLYLINE
  5
1A06
330
1F
100
AcDbEntity
  8
d_line
  6
Continuous
 62
     8
100
AcDbPolyline
 90
        3
 70
     0
 43
0.0
 10
175360.4843292115
 20
418272.4161770028
 10
175439.7569093331
 20
418359.8139153022
 10
175455.9168503416
 20
418378.2995714866
  0
LWPOLYLINE
  5
1A07
330
1F
100
AcDbEntity
  8
d_line
  6
Continuous
 62
     8
100
AcDbPolyline
 90
        2
 70
     0
 43
0.0
 10
175359.0555719926
 20
418273.7121060889
 10
175358.5686514357
 20
418283.7002444726
  0
LWPOLYLINE
  5
1A08
330
1F
100
AcDbEntity
  8
d_line
  6
Continuous
 62
     8
100
AcDbPolyline
 90
        3
 70
     0
 43
0.0
 10
175417.449206936
 20
418413.2892197603
 10
175400.4997864115
 20
418395.2723485469
 10
175378.3273384701
 20
418370.8273033665
  0
LWPOLYLINE
  5
1A09
330
1F
100
AcDbEntity
  8
d_line
  6
Continuous
 62
     8
100
AcDbPolyline
 90
        4
 70
     0
 43
0.0
 10
175412.147226482
 20
418425.305265683
 10
175408.634162356
 20
418421.4321249496
 10
175391.6847418315
 20
418403.415253736
 10
175318.1127440379
 20
418322.302387226
  0
LWPOLYLINE
  5
1A0A
330
1F
100
AcDbEntity
  8
d_line
  6
Continuous
 62
     8
100
AcDbPolyline
 90
        2
 70
     0
 43
0.0
 10
175362.6181969312
 20
418357.973395701
 10
175323.4769891469
 20
418314.8203530046
  0
LWPOLYLINE
  5
1A0B
330
1F
100
AcDbEntity
  8
d_line
  6
Continuous
 62
     8
100
AcDbPolyline
 90
        2
 70
     0
 43
0.0
 10
175313.4923623768
 20
418314.3440301649
 10
175323.4808099944
 20
418314.8245654753
  0
LWPOLYLINE
  5
1A0C
330
1F
100
AcDbEntity
  8
d_line
  6
Continuous
 62
     8
100
AcDbPolyline
 90
        2
 70
     0
 43
0.0
 10
175100.5613889941
 20
417981.9449854115
 10
175138.7627869139
 20
418030.7870130301
  0
LWPOLYLINE
  5
1A0D
330
1F
100
AcDbEntity
  8
d_line
  6
Continuous
 62
     8
100
AcDbPolyline
 90
        2
 70
     0
 43
0.0
 10
175068.2078600548
 20
417921.1017113533
 10
175152.1991545648
 20
418028.4879681279
  0
LWPOLYLINE
  5
1A0E
330
1F
100
AcDbEntity
  8
d_line
  6
Continuous
 62
     8
100
AcDbPolyline
 90
        2
 70
     0
 43
0.0
 10
175060.1291757233
 20
417925.3812747314
 10
175089.9012803586
 20
417963.4461109952
  0
LWPOLYLINE
  5
1A0F
330
1F
100
AcDbEntity
  8
d_line
  6
Continuous
 62
     8
100
AcDbPolyline
 90
        2
 70
     0
 43
0.0
 10
175138.7627869139
 20
418030.7870130301
 10
175148.7265337221
 20
418031.6377477368
  0
LWPOLYLINE
  5
1A10
330
1F
100
AcDbEntity
  8
d_line
  6
Continuous
 62
     8
100
AcDbPolyline
 90
        2
 70
     0
 43
0.0
 10
174940.0350599189
 20
418188.9516031046
 10
174939.9231244199
 20
418183.9528562171
  0
LWPOLYLINE
  5
1A11
330
1F
100
AcDbEntity
  8
d_line
  6
Continuous
 62
     8
100
AcDbPolyline
 90
        2
 70
     0
 43
0.0
 10
174951.062532433
 20
418195.5611015067
 10
174956.0612793203
 20
418195.4491660078
  0
LWPOLYLINE
  5
1A12
330
1F
100
AcDbEntity
  8
d_line
  6
Continuous
 62
     8
100
AcDbPolyline
 90
        2
 70
     0
 43
0.0
 10
175024.0268803275
 20
418144.6226282777
 10
175028.9578013747
 20
418143.7943664675
  0
LWPOLYLINE
  5
1A13
330
1F
100
AcDbEntity
  8
d_line
  6
Continuous
 62
     8
100
AcDbPolyline
 90
        2
 70
     0
 43
0.0
 10
175017.8926985363
 20
418159.3272067312
 10
175017.064436726
 20
418154.396285684
  0
LWPOLYLINE
  5
1A14
330
1F
100
AcDbEntity
  8
d_line
  6
Continuous
 62
     8
100
AcDbPolyline
 90
        2
 70
     0
 43
0.0
 10
174986.4119001493
 20
418197.4253439103
 10
174991.3428211966
 20
418196.5970821003
  0
LWPOLYLINE
  5
1A15
330
1F
100
AcDbEntity
  8
d_line
  6
Continuous
 62
     8
100
AcDbPolyline
 90
        2
 70
     0
 43
0.0
 10
175067.3064758086
 20
418397.8266220107
 10
175073.2364352857
 20
418398.7407229898
  0
LWPOLYLINE
  5
1A16
330
1F
100
AcDbEntity
  8
d_line
  6
Continuous
 62
     8
100
AcDbPolyline
 90
        2
 70
     0
 43
0.0
 10
175025.6049076562
 20
418330.2420103496
 10
175024.5451292982
 20
418336.1476745655
  0
LWPOLYLINE
  5
1A17
330
1F
100
AcDbEntity
  8
d_line
  6
Continuous
 62
     8
100
AcDbPolyline
 90
        2
 70
     0
 43
0.0
 10
175110.1256528253
 20
418357.7908629182
 10
175118.0322654613
 20
418359.009664224
  0
LWPOLYLINE
  5
1A18
330
1F
100
AcDbEntity
  8
d_line
  6
Continuous
 62
     8
100
AcDbPolyline
 90
        2
 70
     0
 43
0.0
 10
175099.9071064886
 20
418371.1338765061
 10
175098.6883051828
 20
418379.040489142
  0
LWPOLYLINE
  5
1A19
330
1F
100
AcDbEntity
  8
d_line
  6
Continuous
 62
     8
100
AcDbPolyline
 90
        2
 70
     0
 43
0.0
 10
175051.924102032
 20
418311.8679440851
 10
175059.7983209866
 20
418313.2809818959
  0
LWPOLYLINE
  5
1A1A
330
1F
100
AcDbEntity
  8
d_line
  6
Continuous
 62
     8
100
AcDbPolyline
 90
        2
 70
     0
 43
0.0
 10
175076.5992217648
 20
418299.5199693936
 10
175075.1861839541
 20
418307.3941883484
  0
LWPOLYLINE
  5
1A1B
330
1F
100
AcDbEntity
  8
d_line
  6
Continuous
 62
     8
100
AcDbPolyline
 90
        2
 70
     0
 43
0.0
 10
175132.2409980233
 20
418260.6750993932
 10
175139.4424219541
 20
418264.1592769672
  0
LWPOLYLINE
  5
1A1C
330
1F
100
AcDbEntity
  8
d_line
  6
Continuous
 62
     8
100
AcDbPolyline
 90
        2
 70
     0
 43
0.0
 10
175136.4737909476
 20
418232.9454371426
 10
175133.4191612282
 20
418240.3393019828
  0
LWPOLYLINE
  5
1A1D
330
1F
100
AcDbEntity
  8
d_line
  6
Continuous
 62
     8
100
AcDbPolyline
 90
        2
 70
     0
 43
0.0
 10
175050.5807747782
 20
418141.017247505
 10
175058.4702484537
 20
418139.6920286087
  0
LWPOLYLINE
  5
1A1E
330
1F
100
AcDbEntity
  8
d_line
  6
Continuous
 62
     8
100
AcDbPolyline
 90
        2
 70
     0
 43
0.0
 10
175037.5492315699
 20
418131.7339893698
 10
175036.2240126735
 20
418123.8445156941
  0
LWPOLYLINE
  5
1A1F
330
1F
100
AcDbEntity
  8
d_line
  6
Continuous
 62
     8
100
AcDbPolyline
 90
        2
 70
     0
 43
0.0
 10
175155.0434093758
 20
418330.3623313155
 10
175156.0413753914
 20
418325.4629368547
  0
LWPOLYLINE
  5
1A20
330
1F
100
AcDbEntity
  8
d_line
  6
Continuous
 62
     8
100
AcDbPolyline
 90
        2
 70
     0
 43
0.0
 10
175163.6588099389
 20
418343.9267660889
 10
175168.6168874045
 20
418344.5728834509
  0
LWPOLYLINE
  5
1A21
330
1F
100
AcDbEntity
  8
d_line
  6
Continuous
 62
     8
100
AcDbPolyline
 90
        2
 70
     0
 43
0.0
 10
174981.2147896262
 20
418217.7086226999
 10
174980.386527816
 20
418212.7777016527
  0
LWPOLYLINE
  5
1A22
330
1F
100
AcDbEntity
  8
d_line
  6
Continuous
 62
     8
100
AcDbPolyline
 90
        2
 70
     0
 43
0.0
 10
174897.5975239146
 20
418129.8159050943
 10
174898.4257857248
 20
418134.7468261416
  0
LWPOLYLINE
  5
1A23
330
1F
100
AcDbEntity
  8
d_line
  6
Continuous
 62
     8
100
AcDbPolyline
 90
        2
 70
     0
 43
0.0
 10
174878.1287165757
 20
418125.1989982047
 10
174883.0596376229
 20
418124.3707363946
  0
LWPOLYLINE
  5
1A24
330
1F
100
AcDbEntity
  8
d_line
  6
Continuous
 62
     8
100
AcDbPolyline
 90
        2
 70
     0
 43
0.0
 10
174906.089954171
 20
418044.0267767909
 10
174910.9998001889
 20
418044.9719815729
  0
LWPOLYLINE
  5
1A25
330
1F
100
AcDbEntity
  8
d_line
  6
Continuous
 62
     8
100
AcDbPolyline
 90
        2
 70
     0
 43
0.0
 10
174843.6285801679
 20
418084.4347594034
 10
174844.9078417721
 20
418079.6011800103
  0
LWPOLYLINE
  5
1A26
330
1F
100
AcDbEntity
  8
d_line
  6
Continuous
 62
     8
100
AcDbPolyline
 90
        2
 70
     0
 43
0.0
 10
174943.7085129417
 20
418061.5746513013
 10
174938.7454590093
 20
418060.9679424224
  0
LWPOLYLINE
  5
1A27
330
1F
100
AcDbEntity
  8
d_line
  6
Continuous
 62
     8
100
AcDbPolyline
 90
        2
 70
     0
 43
0.0
 10
174929.2932580811
 20
418068.3609051313
 10
174928.6865492024
 20
418073.3239590638
  0
LWPOLYLINE
  5
1A28
330
1F
100
AcDbEntity
  8
d_line
  6
Continuous
 62
     8
100
AcDbPolyline
 90
        2
 70
     0
 43
0.0
 10
174966.2843553728
 20
418062.9603220975
 10
174971.2474093052
 20
418063.5670309763
  0
LWPOLYLINE
  5
1A29
330
1F
100
AcDbEntity
  8
d_line
  6
Continuous
 62
     8
100
AcDbPolyline
 90
        2
 70
     0
 43
0.0
 10
174937.9277525883
 20
418085.139210224
 10
174942.8908065208
 20
418085.7459191027
  0
LWPOLYLINE
  5
1A2A
330
1F
100
AcDbEntity
  8
d_line
  6
Continuous
 62
     8
100
AcDbPolyline
 90
        2
 70
     0
 43
0.0
 10
174952.9497163276
 20
418073.3899024615
 10
174952.3430074489
 20
418078.3529563939
  0
LWPOLYLINE
  5
1A2B
330
1F
100
AcDbEntity
  8
d_line
  6
Continuous
 62
     8
100
AcDbPolyline
 90
        2
 70
     0
 43
0.0
 10
175183.0599010325
 20
418363.0393754254
 10
175181.9294786898
 20
418372.9752772631
  0
LWPOLYLINE
  5
1A2C
330
1F
100
AcDbEntity
  8
d_line
  6
Continuous
 62
     8
100
AcDbPolyline
 90
        2
 70
     0
 43
0.0
 10
174919.2721965537
 20
418008.0039778441
 10
174929.1252283796
 20
418009.7121241785
  0
LWPOLYLINE
  5
1A2D
330
1F
100
AcDbEntity
  8
d_line
  6
Continuous
 62
     8
100
AcDbPolyline
 90
        2
 70
     0
 43
0.0
 10
174957.0431519868
 20
418051.1450709373
 10
174957.6498608656
 20
418046.1820170049
  0
LWPOLYLINE
  5
1A2E
330
1F
100
AcDbEntity
  8
d_line
  6
Continuous
 62
     8
100
AcDbPolyline
 90
        2
 70
     0
 43
0.0
 10
175322.0595676939
 20
418246.6104331663
 42
0.0315679657110003
 10
175159.2186699041
 20
418057.2230409397
  0
LWPOLYLINE
  5
1A2F
330
1F
100
AcDbEntity
  8
d_line
  6
Continuous
 62
     8
100
AcDbPolyline
 90
        2
 70
     0
 43
0.0
 10
175292.6375695426
 20
418273.7328194995
 42
0.0272482894294486
 10
175147.8624497855
 20
418108.078332421
  0
LWPOLYLINE
  5
1A30
330
1F
100
AcDbEntity
  8
d_line
  6
Continuous
 62
     8
100
AcDbPolyline
 90
        2
 70
     0
 43
0.0
 10
175238.5473046138
 20
418155.5300618071
 10
175284.1519909294
 20
418116.2147815192
  0
LWPOLYLINE
  5
1A31
330
1F
100
AcDbEntity
  8
d_line
  6
Continuous
 62
     8
100
AcDbPolyline
 90
        2
 70
     0
 43
0.0
 10
175333.3888086923
 20
418037.3174509261
 10
175210.0562484938
 20
418121.6833854661
  0
LWPOLYLINE
  5
1A32
330
1F
100
AcDbEntity
  8
d_line
  6
Continuous
 62
     8
100
AcDbPolyline
 90
        2
 70
     0
 43
0.0
 10
175859.8889259915
 20
417390.5290384982
 10
175860.2784624376
 20
417382.538527791
  0
LWPOLYLINE
  5
1A33
330
1F
100
AcDbEntity
  8
d_line
  6
Continuous
 62
     8
100
AcDbPolyline
 90
        2
 70
     0
 43
0.0
 10
175820.1789702645
 20
417338.3289799466
 10
175812.1884595576
 20
417337.9394435007
  0
LWPOLYLINE
  5
1A34
330
1F
100
AcDbEntity
  8
d_line
  6
Continuous
 62
     8
100
AcDbPolyline
 90
        2
 70
     0
 43
0.0
 10
175794.6440586065
 20
417353.852783561
 10
175794.2545221608
 20
417361.843294268
  0
LWPOLYLINE
  5
1A35
330
1F
100
AcDbEntity
  8
d_line
  6
Continuous
 62
     8
100
AcDbPolyline
 90
        2
 70
     0
 43
0.0
 10
175782.4033458245
 20
417372.5926951557
 10
175774.4128351176
 20
417372.2031587099
  0
LWPOLYLINE
  5
1A36
330
1F
100
AcDbEntity
  8
d_line
  6
Continuous
 62
     8
100
AcDbPolyline
 90
        2
 70
     0
 43
0.0
 10
175822.1133015565
 20
417424.7927537029
 10
175822.5028380021
 20
417416.8022429959
  0
LWPOLYLINE
  5
1A37
330
1F
100
AcDbEntity
  8
d_line
  6
Continuous
 62
     8
100
AcDbPolyline
 90
        2
 70
     0
 43
0.0
 10
175834.3540143385
 20
417406.0528421082
 10
175842.3445250454
 20
417406.442378554
  0
LWPOLYLINE
  5
1A38
330
1F
100
AcDbEntity
  8
d_line
  6
Continuous
 62
     8
100
AcDbPolyline
 90
        2
 70
     0
 43
0.0
 10
175804.2078235454
 20
417462.6348335517
 10
175803.8182870998
 20
417470.6253442587
  0
LWPOLYLINE
  5
1A39
330
1F
100
AcDbEntity
  8
d_line
  6
Continuous
 62
     8
100
AcDbPolyline
 90
        2
 70
     0
 43
0.0
 10
175785.4679119509
 20
417450.3941207698
 10
175793.4584226577
 20
417450.7836572154
  0
LWPOLYLINE
  5
1A3A
330
1F
100
AcDbEntity
  8
d_line
  6
Continuous
 62
     8
100
AcDbPolyline
 90
        2
 70
     0
 43
0.0
 10
175745.7579562188
 20
417398.1940622225
 10
175745.3684197732
 20
417406.1845729293
  0
LWPOLYLINE
  5
1A3B
330
1F
100
AcDbEntity
  8
d_line
  6
Continuous
 62
     8
100
AcDbPolyline
 90
        2
 70
     0
 43
0.0
 10
175727.0180446242
 20
417385.9533494407
 10
175735.0085553312
 20
417386.3428858861
  0
LWPOLYLINE
  5
1A3C
330
1F
100
AcDbEntity
  8
d_line
  6
Continuous
 62
     8
100
AcDbPolyline
 90
        2
 70
     0
 43
0.0
 10
175926.6839575218
 20
417606.0843099334
 10
175934.6744682287
 20
417606.4738463791
  0
LWPOLYLINE
  5
1A3D
330
1F
100
AcDbEntity
  8
d_line
  6
Continuous
 62
     8
100
AcDbPolyline
 90
        2
 70
     0
 43
0.0
 10
175946.0957066718
 20
417619.0657212365
 10
175945.7061702263
 20
417627.0562319436
  0
LWPOLYLINE
  5
1A3E
330
1F
100
AcDbEntity
  8
d_line
  6
Continuous
 62
     8
100
AcDbPolyline
 90
        2
 70
     0
 43
0.0
 10
175975.6963086745
 20
417649.5952865983
 10
175965.7081702909
 20
417649.1083660414
  0
LWPOLYLINE
  5
1A3F
330
1F
100
AcDbEntity
  8
d_line
  6
Continuous
 62
     8
100
AcDbPolyline
 90
        2
 70
     0
 43
0.0
 10
175943.7409926244
 20
417678.5797935339
 10
175944.2279131813
 20
417668.5916551502
  0
LWPOLYLINE
  5
1A40
330
1F
100
AcDbEntity
  8
d_line
  6
Continuous
 62
     8
100
AcDbPolyline
 90
        2
 70
     0
 43
0.0
 10
175843.1186900712
 20
417513.9538990846
 10
175843.6056106281
 20
417503.9657607009
  0
LWPOLYLINE
  5
1A41
330
1F
100
AcDbEntity
  8
d_line
  6
Continuous
 62
     8
100
AcDbPolyline
 90
        2
 70
     0
 43
0.0
 10
175811.6502945778
 20
417532.9502676365
 10
175821.6384329615
 20
417533.4371881934
  0
LWPOLYLINE
  5
1A42
330
1F
100
AcDbEntity
  8
d_line
  6
Continuous
 62
     8
100
AcDbPolyline
 90
        2
 70
     0
 43
0.0
 10
175459.6132630616
 20
417740.1069265575
 10
175459.1263425037
 20
417750.0950649411
  0
LWPOLYLINE
  5
1A43
330
1F
100
AcDbEntity
  8
d_line
  6
Continuous
 62
     8
100
AcDbPolyline
 90
        2
 70
     0
 43
0.0
 10
175397.9738066598
 20
417627.3902119168
 10
175397.4868861017
 20
417637.3783503003
  0
LWPOLYLINE
  5
1A44
330
1F
100
AcDbEntity
  8
d_line
  6
Continuous
 62
     8
100
AcDbPolyline
 90
        2
 70
     0
 43
0.0
 10
175370.4626817341
 20
417652.3436935178
 10
175380.4508201177
 20
417652.8306140759
  0
LWPOLYLINE
  5
1A45
330
1F
100
AcDbEntity
  8
d_line
  6
Continuous
 62
     8
100
AcDbPolyline
 90
        2
 70
     0
 43
0.0
 10
176052.205245386
 20
417281.6364986429
 10
176061.9553201273
 20
417279.4147780171
  0
LWPOLYLINE
  5
1A46
330
1F
100
AcDbEntity
  8
d_line
  6
Continuous
 62
     8
100
AcDbPolyline
 90
        2
 70
     0
 43
0.0
 10
175816.1496958021
 20
417484.2206785973
 10
175826.1378341857
 20
417484.7075991542
  0
LWPOLYLINE
  5
1A47
330
1F
100
AcDbEntity
  8
d_line
  6
Continuous
 62
     8
100
AcDbPolyline
 90
        2
 70
     0
 43
0.0
 10
175474.372023379
 20
417771.3687391579
 10
175484.3601617626
 20
417771.8556597157
  0
LWPOLYLINE
  5
1A48
330
1F
100
AcDbEntity
  8
d_line
  6
Continuous
 62
     8
100
AcDbPolyline
 90
        2
 70
     0
 43
0.0
 10
175703.882295648
 20
417349.9213017168
 10
175703.3953750907
 20
417359.9094401004
  0
LWPOLYLINE
  5
1A49
330
1F
100
AcDbEntity
  8
d_line
  6
Continuous
 62
     8
100
AcDbPolyline
 90
        2
 70
     0
 43
0.0
 10
175430.9238381111
 20
418134.1750810997
 10
175440.9119764947
 20
418134.6620016567
  0
LWPOLYLINE
  5
1A4A
330
1F
100
AcDbEntity
  8
d_line
  6
Continuous
 62
     8
100
AcDbPolyline
 90
        2
 70
     0
 43
0.0
 10
175638.0390865031
 20
417951.8110955688
 10
175638.5260070609
 20
417941.8229571851
  0
LWPOLYLINE
  5
1A4B
330
1F
100
AcDbEntity
  8
d_line
  6
Continuous
 62
     8
100
AcDbPolyline
 90
        2
 70
     0
 43
0.0
 10
176163.4746752465
 20
417469.7277388712
 10
176162.9877546891
 20
417479.715877255
  0
LWPOLYLINE
  5
1A4C
330
1F
100
AcDbEntity
  8
d_line
  6
Continuous
 62
     8
100
AcDbPolyline
 90
        2
 70
     0
 43
0.0
 10
176162.9877546891
 20
417479.7158772549
 10
175975.6963086746
 20
417649.5952865983
  0
LWPOLYLINE
  5
1A4D
330
1F
100
AcDbEntity
  8
d_line
  6
Continuous
 62
     8
100
AcDbPolyline
 90
        2
 70
     0
 43
0.0
 10
175415.416364237
 20
418161.8375788224
 10
175415.9032847939
 20
418151.8494404389
  0
LWPOLYLINE
  5
1A4E
330
1F
100
AcDbEntity
  8
d_line
  6
Continuous
 62
     8
100
AcDbPolyline
 90
        2
 70
     0
 43
0.0
 10
176182.5262538956
 20
417456.4975706579
 10
176192.5143922793
 20
417456.9844912154
  0
LWPOLYLINE
  5
1A4F
330
1F
100
AcDbEntity
  8
d_line
  6
Continuous
 62
     8
100
AcDbPolyline
 90
        2
 70
     0
 43
0.0
 10
176135.4821644779
 20
417447.2860683261
 10
176143.4726751849
 20
417447.6756047721
  0
LWPOLYLINE
  5
1A50
330
1F
100
AcDbEntity
  8
d_line
  6
Continuous
 62
     8
100
AcDbPolyline
 90
        2
 70
     0
 43
0.0
 10
176160.8982776141
 20
417424.2328302886
 10
176160.5087411681
 20
417432.2233409958
  0
LWPOLYLINE
  5
1A51
330
1F
100
AcDbEntity
  8
d_line
  6
Continuous
 62
     8
100
AcDbPolyline
 90
        2
 70
     0
 43
0.0
 10
175411.31137449
 20
418104.1324362925
 10
175410.9218380444
 20
418112.1229469995
  0
LWPOLYLINE
  5
1A52
330
1F
100
AcDbEntity
  8
d_line
  6
Continuous
 62
     8
100
AcDbPolyline
 90
        2
 70
     0
 43
0.0
 10
175612.5490089577
 20
417921.6033821997
 10
175620.5395196646
 20
417921.9929186458
  0
LWPOLYLINE
  5
1A53
330
1F
100
AcDbEntity
  8
d_line
  6
Continuous
 62
     8
100
AcDbPolyline
 90
        2
 70
     0
 43
0.0
 10
175601.1277705173
 20
417909.0115073396
 10
175601.5173069636
 20
417901.0209966327
  0
LWPOLYLINE
  5
1A54
330
1F
100
AcDbEntity
  8
d_line
  6
Continuous
 62
     8
100
AcDbPolyline
 90
        2
 70
     0
 43
0.0
 10
175705.8531334601
 20
417667.7523941823
 10
175830.6286931282
 20
417613.3063053209
  0
LWPOLYLINE
  5
1A55
330
1F
100
AcDbEntity
  8
d_line
  6
Continuous
 62
     8
100
AcDbPolyline
 90
        2
 70
     0
 43
0.0
 10
175638.6267019994
 20
417689.9463722359
 10
175589.500264168
 20
417791.5152938947
  0
LWPOLYLINE
  5
1A56
330
1F
100
AcDbEntity
  8
d_line
  6
Continuous
 62
     8
100
AcDbPolyline
 90
        2
 70
     0
 43
0.0
 10
175671.9269795961
 20
417378.9058086504
 10
175681.9151179798
 20
417379.3927292079
  0
LWPOLYLINE
  5
1A57
330
1F
100
AcDbEntity
  8
d_line
  6
Continuous
 62
     8
100
AcDbPolyline
 90
        2
 70
     0
 43
0.0
 10
175655.45040302
 20
417319.5963651699
 10
175668.1632277088
 20
417320.2161138602
  0
LWPOLYLINE
  5
1A58
330
1F
100
AcDbEntity
  8
d_line
  6
Continuous
 62
     8
100
AcDbPolyline
 90
        2
 70
     0
 43
0.0
 10
175643.4297222372
 20
417342.6502046285
 10
175644.0494709275
 20
417329.9373799404
  0
LWPOLYLINE
  5
1A59
330
1F
100
AcDbEntity
  8
d_line
  6
Continuous
 62
     8
100
AcDbPolyline
 90
        2
 70
     0
 43
0.0
 10
175769.132817146
 20
417290.7369647611
 10
175703.882295648
 20
417349.921301717
  0
LWPOLYLINE
  5
1A5A
330
1F
100
AcDbEntity
  8
d_line
  6
Continuous
 62
     8
100
AcDbPolyline
 90
        2
 70
     0
 43
0.0
 10
175201.207477032
 20
418344.0394871769
 10
175211.1510177523
 20
418345.1006176722
  0
LWPOLYLINE
  5
1A5B
330
1F
100
AcDbEntity
  8
d_line
  6
Continuous
 62
     8
100
AcDbPolyline
 90
        2
 70
     0
 43
0.0
 10
175235.8048967473
 20
418381.8322268095
 10
175234.7346201498
 20
418391.774787245
  0
LWPOLYLINE
  5
1A5C
330
1F
100
AcDbEntity
  8
d_line
  6
Continuous
 62
     8
100
AcDbPolyline
 90
        2
 70
     0
 43
0.0
 10
175478.1416709582
 20
418638.1281416035
 10
175477.6547504011
 20
418648.1162799871
  0
LWPOLYLINE
  5
1A5D
330
1F
100
AcDbEntity
  8
d_line
  6
Continuous
 62
     8
100
AcDbPolyline
 90
        2
 70
     0
 43
0.0
 10
175529.7484210158
 20
418656.2187879686
 10
175529.2615004587
 20
418666.2069263522
  0
LWPOLYLINE
  5
1A5E
330
1F
100
AcDbEntity
  8
d_line
  6
Continuous
 62
     8
100
AcDbPolyline
 90
        2
 70
     0
 43
0.0
 10
175502.2030812415
 20
418625.8501486067
 10
175492.2149428578
 20
418625.3632280496
  0
LWPOLYLINE
  5
1A5F
330
1F
100
AcDbEntity
  8
d_line
  6
Continuous
 62
     8
100
AcDbPolyline
 90
        2
 70
     0
 43
0.0
 10
175305.8879221539
 20
418530.9853077685
 10
175311.5587410054
 20
418536.6281628057
  0
LWPOLYLINE
  5
1A60
330
1F
100
AcDbEntity
  8
d_line
  6
Continuous
 62
     8
100
AcDbPolyline
 90
        2
 70
     0
 43
0.0
 10
175062.706882187
 20
418103.4417604799
 10
175052.7093884123
 20
418103.6656314782
  0
LWPOLYLINE
  5
1A61
330
1F
100
AcDbEntity
  8
d_line
  6
Continuous
 62
     8
100
AcDbPolyline
 90
        2
 70
     0
 43
0.0
 10
175294.3729496723
 20
418474.0548203982
 42
0.0888780031129289
 10
175305.8865649223
 20
418530.9244038346
  0
LWPOLYLINE
  5
1A62
330
1F
100
AcDbEntity
  8
d_line
  6
Continuous
 62
     8
100
AcDbPolyline
 90
        2
 70
     0
 43
0.0
 10
175492.2149428579
 20
418625.3632280496
 10
175461.2033769045
 20
418591.1730866239
  0
LWPOLYLINE
  5
1A63
330
1F
100
AcDbEntity
  8
d_line
  6
Continuous
 62
     8
100
AcDbPolyline
 90
        2
 70
     0
 43
0.0
 10
175856.6153058698
 20
418903.5278295022
 10
175866.6034415706
 20
418904.0148045664
  0
LWPOLYLINE
  5
1A64
330
1F
100
AcDbEntity
  8
d_line
  6
Continuous
 62
     8
100
AcDbPolyline
 90
        2
 70
     0
 43
0.0
 10
174770.260579447
 20
417713.3098225709
 10
174780.0592644319
 20
417715.3062625435
  0
LWPOLYLINE
  5
1A65
330
1F
100
AcDbEntity
  8
d_line
  6
Continuous
 62
     8
100
AcDbPolyline
 90
        2
 70
     0
 43
0.0
 10
174872.8894955787
 20
417938.2116204165
 10
174873.7997353375
 20
417933.2951721476
  0
LWPOLYLINE
  5
1A66
330
1F
100
AcDbEntity
  8
d_line
  6
Continuous
 62
     8
100
AcDbPolyline
 90
        2
 70
     0
 43
0.0
 10
174724.7762381626
 20
417926.2570045731
 42
1.732050807544088
 10
174725.389864746
 20
417912.4141919102
  0
LWPOLYLINE
  5
1A67
330
1F
100
AcDbEntity
  8
d_line
  6
Continuous
 62
     8
100
AcDbPolyline
 90
        2
 70
     0
 43
0.0
 10
175847.0868432331
 20
419104.2104698435
 42
0.5719566556294132
 10
175859.5577750562
 20
419136.353698485
  0
LWPOLYLINE
  5
1A68
330
1F
100
AcDbEntity
  8
d_line
  6
Continuous
 62
     8
100
AcDbPolyline
 90
        2
 70
     0
 43
0.0
 10
175951.347497846
 20
419071.7102438214
 42
0.228426395472087
 10
175909.7104219293
 20
419084.0238211603
  0
LWPOLYLINE
  5
1A69
330
1F
100
AcDbEntity
  8
d_line
  6
Continuous
 62
     8
100
AcDbPolyline
 90
        2
 70
     0
 43
0.0
 10
175334.9280774893
 20
418664.0135094502
 10
175338.5753412205
 20
418660.5131811282
  0
LWPOLYLINE
  5
1A6A
330
1F
100
AcDbEntity
  8
d_line
  6
Continuous
 62
     8
100
AcDbPolyline
 90
        2
 70
     0
 43
0.0
 10
175319.3925435834
 20
418660.5217016736
 10
175322.9280774893
 20
418664.0572355796
  0
LWPOLYLINE
  5
1A6B
330
1F
100
AcDbEntity
  8
d_line
  6
Continuous
 62
     8
100
AcDbPolyline
 90
        2
 70
     0
 43
0.0
 10
175418.3646966284
 20
418672.6420645412
 10
175413.3706274366
 20
418672.3986042627
  0
LWPOLYLINE
  5
1A6C
330
1F
100
AcDbEntity
  8
d_line
  6
Continuous
 62
     8
100
AcDbPolyline
 90
        2
 70
     0
 43
0.0
 10
175392.5436681984
 20
418649.4369556027
 10
175393.2799324169
 20
418644.4914612307
  0
LWPOLYLINE
  5
1A6D
330
1F
100
AcDbEntity
  8
d_line
  6
Continuous
 62
     8
100
AcDbPolyline
 90
        2
 70
     0
 43
0.0
 10
175432.4514074474
 20
418616.0354340922
 10
175432.694867726
 20
418611.0413649004
  0
LWPOLYLINE
  5
1A6E
330
1F
100
AcDbEntity
  8
d_line
  6
Continuous
 62
     8
100
AcDbPolyline
 90
        2
 70
     0
 43
0.0
 10
175433.0860571209
 20
418594.4856200484
 10
175433.1195380325
 20
418589.4857321706
  0
LWPOLYLINE
  5
1A6F
330
1F
100
AcDbEntity
  8
d_line
  6
Continuous
 62
     8
100
AcDbPolyline
 90
        2
 70
     0
 43
0.0
 10
175441.5306101554
 20
418603.02706026
 10
175446.5246793473
 20
418603.2705205386
  0
LWPOLYLINE
  5
1A70
330
1F
100
AcDbEntity
  8
d_line
  6
Continuous
 62
     8
100
AcDbPolyline
 90
        2
 70
     0
 43
0.0
 10
175375.8991727888
 20
418653.2171946121
 10
175380.7751964213
 20
418654.3237177867
  0
LWPOLYLINE
  5
1A71
330
1F
100
AcDbEntity
  8
d_line
  6
Continuous
 62
     8
100
AcDbPolyline
 90
        2
 70
     0
 43
0.0
 10
175418.5689560028
 20
418623.8540244789
 10
175423.5630251946
 20
418624.0974847573
  0
LWPOLYLINE
  5
1A72
330
1F
100
AcDbEntity
  8
d_line
  6
Continuous
 62
     8
100
AcDbPolyline
 90
        2
 70
     0
 43
0.0
 10
175442.7551079999
 20
418650.5191712363
 10
175442.9985682785
 20
418645.5251020445
  0
LWPOLYLINE
  5
1A73
330
1F
100
AcDbEntity
  8
d_line
  6
Continuous
 62
     8
100
AcDbPolyline
 90
        2
 70
     0
 43
0.0
 10
175207.9280774893
 20
418535.0926288996
 10
175211.4636113953
 20
418538.6281628057
  0
LWPOLYLINE
  5
1A74
330
1F
100
AcDbEntity
  8
d_line
  6
Continuous
 62
     8
100
AcDbPolyline
 90
        2
 70
     0
 43
0.0
 10
175160.2383108322
 20
418470.2069312666
 10
175155.2752568998
 20
418469.600222388
  0
LWPOLYLINE
  5
1A75
330
1F
100
AcDbEntity
  8
d_line
  6
Continuous
 62
     8
100
AcDbPolyline
 90
        2
 70
     0
 43
0.0
 10
175196.2347942545
 20
418437.564050649
 10
175201.1978481869
 20
418438.1707595277
  0
LWPOLYLINE
  5
1A76
330
1F
100
AcDbEntity
  8
d_line
  6
Continuous
 62
     8
100
AcDbPolyline
 90
        2
 70
     0
 43
0.0
 10
175302.9280774893
 20
418642.8648474239
 10
175308.5849317388
 20
418648.5217016737
  0
LWPOLYLINE
  5
1A77
330
1F
100
AcDbEntity
  8
d_line
  6
Continuous
 62
     8
100
AcDbPolyline
 90
        2
 70
     0
 43
0.0
 10
175263.4636113953
 20
418538.6281628057
 10
175259.9280774893
 20
418535.0926288996
  0
LWPOLYLINE
  5
1A78
330
1F
100
AcDbEntity
  8
d_line
  6
Continuous
 62
     8
100
AcDbPolyline
 90
        2
 70
     0
 43
0.0
 10
175247.9280774893
 20
418535.0926288996
 10
175244.3925435834
 20
418538.6281628057
  0
LWPOLYLINE
  5
1A79
330
1F
100
AcDbEntity
  8
d_line
  6
Continuous
 62
     8
100
AcDbPolyline
 90
        2
 70
     0
 43
0.0
 10
175195.9280774893
 20
418535.0926288996
 10
175192.3925435834
 20
418538.6281628057
  0
LWPOLYLINE
  5
1A7A
330
1F
100
AcDbEntity
  8
d_line
  6
Continuous
 62
     8
100
AcDbPolyline
 90
        2
 70
     0
 43
0.0
 10
175274.2662863444
 20
418538.6281628057
 10
175279.9182079021
 20
418532.966380263
  0
LWPOLYLINE
  5
1A7B
330
1F
100
AcDbEntity
  8
d_line
  6
Continuous
 62
     8
100
AcDbPolyline
 90
        2
 70
     0
 43
0.0
 10
175279.9280774893
 20
418556.285017055
 10
175274.2712232398
 20
418550.6281628057
  0
LWPOLYLINE
  5
1A7C
330
1F
100
AcDbEntity
  8
d_line
  6
Continuous
 62
     8
100
AcDbPolyline
 90
        2
 70
     0
 43
0.0
 10
175308.5849317388
 20
418552.6281628056
 10
175302.9280774893
 20
418558.285017055
  0
LWPOLYLINE
  5
1A7D
330
1F
100
AcDbEntity
  8
d_line
  6
Continuous
 62
     8
100
AcDbPolyline
 90
        2
 70
     0
 43
0.0
 10
175775.9926622643
 20
419062.2240542412
 10
175909.7104219295
 20
419084.0238211603
  0
LWPOLYLINE
  5
1A7E
330
1F
100
AcDbEntity
  8
d_line
  6
Continuous
 62
     8
100
AcDbPolyline
 90
        2
 70
     0
 43
0.0
 10
175677.6960736174
 20
419046.1989374075
 10
175753.2699066736
 20
419058.5196040855
  0
LWPOLYLINE
  5
1A7F
330
1F
100
AcDbEntity
  8
d_line
  6
Continuous
 62
     8
100
AcDbPolyline
 90
        2
 70
     0
 43
0.0
 10
175767.2260504577
 20
419091.1909077988
 10
175847.086843233
 20
419104.2104698435
  0
LWPOLYLINE
  5
1A80
330
1F
100
AcDbEntity
  8
d_line
  6
Continuous
 62
     8
100
AcDbPolyline
 90
        2
 70
     0
 43
0.0
 10
175677.6960736172
 20
419046.1989374075
 42
0.4068686269981829
 10
175636.2061126428
 20
418990.0483746799
  0
LWPOLYLINE
  5
1A81
330
1F
100
AcDbEntity
  8
d_line
  6
Continuous
 62
     8
100
AcDbPolyline
 90
        2
 70
     0
 43
0.0
 10
175638.4688302456
 20
418973.5704124988
 10
175636.2061126427
 20
418990.0483746808
  0
LWPOLYLINE
  5
1A82
330
1F
100
AcDbEntity
  8
d_line
  6
Continuous
 62
     8
100
AcDbPolyline
 90
        2
 70
     0
 43
0.0
 10
175623.0308872315
 20
418897.3512044169
 42
0.3046942823520788
 10
175636.4260985048
 20
418843.2220260315
  0
LWPOLYLINE
  5
1A83
330
1F
100
AcDbEntity
  8
d_line
  6
Continuous
 62
     8
100
AcDbPolyline
 90
        2
 70
     0
 43
0.0
 10
175623.0308872311
 20
418897.3512044162
 10
175633.3726901059
 20
418925.7777891604
  0
LWPOLYLINE
  5
1A84
330
1F
100
AcDbEntity
  8
d_line
  6
Continuous
 62
     8
100
AcDbPolyline
 90
        2
 70
     0
 43
0.0
 10
175633.3726901053
 20
418925.7777891586
 42
0.1219457465939589
 10
175638.4688302459
 20
418973.5704124958
  0
LWPOLYLINE
  5
1A85
330
1F
100
AcDbEntity
  8
d_line
  6
Continuous
 62
     8
100
AcDbPolyline
 90
        2
 70
     0
 43
0.0
 10
175662.6979718878
 20
418819.3925857257
 10
175636.4260985048
 20
418843.2220260316
  0
LWPOLYLINE
  5
1A86
330
1F
100
AcDbEntity
  8
d_line
  6
Continuous
 62
     8
100
AcDbPolyline
 90
        2
 70
     0
 43
0.0
 10
175373.2447116486
 20
418621.7621201124
 10
175420.2641865705
 20
418579.11393304
  0
LWPOLYLINE
  5
1A87
330
1F
100
AcDbEntity
  8
d_line
  6
Continuous
 62
     8
100
AcDbPolyline
 90
        2
 70
     0
 43
0.0
 10
175380.7751964213
 20
418654.3237177867
 10
175421.4143026258
 20
418699.1281881777
  0
LWPOLYLINE
  5
1A88
330
1F
100
AcDbEntity
  8
d_line
  6
Continuous
 62
     8
100
AcDbPolyline
 90
        2
 70
     0
 43
0.0
 10
175392.5436681984
 20
418649.4369556027
 10
175413.3706274366
 20
418672.3986042625
  0
LWPOLYLINE
  5
1A89
330
1F
100
AcDbEntity
  8
d_line
  6
Continuous
 62
     8
100
AcDbPolyline
 90
        2
 70
     0
 43
0.0
 10
175423.5630251947
 20
418624.0974847576
 10
175442.9985682785
 20
418645.5251020444
  0
LWPOLYLINE
  5
1A8A
330
1F
100
AcDbEntity
  8
d_line
  6
Continuous
 62
     8
100
AcDbPolyline
 90
        2
 70
     0
 43
0.0
 10
175432.4514074474
 20
418616.0354340922
 10
175462.3243056533
 20
418648.9701983666
  0
LWPOLYLINE
  5
1A8B
330
1F
100
AcDbEntity
  8
d_line
  6
Continuous
 62
     8
100
AcDbPolyline
 90
        2
 70
     0
 43
0.0
 10
174759.8962390465
 20
418021.2288669798
 10
174764.6645250045
 20
418022.7333433082
  0
LWPOLYLINE
  5
1A8C
330
1F
100
AcDbEntity
  8
d_line
  6
Continuous
 62
     8
100
AcDbPolyline
 90
        2
 70
     0
 43
0.0
 10
174744.6834982841
 20
417992.0246191482
 10
174746.1879746126
 20
417987.2563331903
  0
LWPOLYLINE
  5
1A8D
330
1F
100
AcDbEntity
  8
d_line
  6
Continuous
 62
     8
100
AcDbPolyline
 90
        2
 70
     0
 43
0.0
 10
174820.6875566899
 20
417955.0625051246
 10
174824.0183643288
 20
417958.7915425972
  0
LWPOLYLINE
  5
1A8E
330
1F
100
AcDbEntity
  8
d_line
  6
Continuous
 62
     8
100
AcDbPolyline
 90
        2
 70
     0
 43
0.0
 10
174807.6325539717
 20
417973.4274862439
 10
174804.3017463328
 20
417969.6984487711
  0
LWPOLYLINE
  5
1A8F
330
1F
100
AcDbEntity
  8
d_line
  6
Continuous
 62
     8
100
AcDbPolyline
 90
        2
 70
     0
 43
0.0
 10
174803.512396669
 20
418002.5432909213
 10
174806.2270473498
 20
417998.3444015823
  0
LWPOLYLINE
  5
1A90
330
1F
100
AcDbEntity
  8
d_line
  6
Continuous
 62
     8
100
AcDbPolyline
 90
        2
 70
     0
 43
0.0
 10
174804.9775647711
 20
417957.7174943251
 10
174808.7066022438
 20
417954.3866866863
  0
LWPOLYLINE
  5
1A91
330
1F
100
AcDbEntity
  8
d_line
  6
Continuous
 62
     8
100
AcDbPolyline
 90
        2
 70
     0
 43
0.0
 10
174806.1751271737
 20
417883.9522974447
 10
174810.733975618
 20
417886.0058048129
  0
LWPOLYLINE
  5
1A92
330
1F
100
AcDbEntity
  8
d_line
  6
Continuous
 62
     8
100
AcDbPolyline
 90
        2
 70
     0
 43
0.0
 10
174836.9759256754
 20
417867.9444774881
 10
174841.5845808269
 20
417869.8836261918
  0
LWPOLYLINE
  5
1A93
330
1F
100
AcDbEntity
  8
d_line
  6
Continuous
 62
     8
100
AcDbPolyline
 90
        2
 70
     0
 43
0.0
 10
174756.539427614
 20
417785.3163658401
 10
174761.422029906
 20
417786.3934892584
  0
LWPOLYLINE
  5
1A94
330
1F
100
AcDbEntity
  8
d_line
  6
Continuous
 62
     8
100
AcDbPolyline
 90
        2
 70
     0
 43
0.0
 10
174835.9541832433
 20
417851.3507613835
 10
174834.0150345396
 20
417855.9594165352
  0
LWPOLYLINE
  5
1A95
330
1F
100
AcDbEntity
  8
d_line
  6
Continuous
 62
     8
100
AcDbPolyline
 90
        2
 70
     0
 43
0.0
 10
174814.0959525665
 20
417809.962205222
 10
174818.9376402664
 20
417811.2104287938
  0
LWPOLYLINE
  5
1A96
330
1F
100
AcDbEntity
  8
d_line
  6
Continuous
 62
     8
100
AcDbPolyline
 90
        2
 70
     0
 43
0.0
 10
174758.0823198064
 20
417729.5277052421
 10
174760.1233065777
 20
417719.7382020381
  0
LWPOLYLINE
  5
1A97
330
1F
100
AcDbEntity
  8
d_line
  6
Continuous
 62
     8
100
AcDbPolyline
 90
        2
 70
     0
 43
0.0
 10
174704.9045189528
 20
417819.4247366961
 10
174707.5041479356
 20
417815.1536795492
  0
LWPOLYLINE
  5
1A98
330
1F
100
AcDbEntity
  8
d_line
  6
Continuous
 62
     8
100
AcDbPolyline
 90
        2
 70
     0
 43
0.0
 10
174715.0833384321
 20
417847.8972360553
 10
174710.3157559963
 20
417846.3905317985
  0
LWPOLYLINE
  5
1A99
330
1F
100
AcDbEntity
  8
d_line
  6
Continuous
 62
     8
100
AcDbPolyline
 90
        2
 70
     0
 43
0.0
 10
174788.8532336921
 20
417805.7992971358
 10
174793.6968107519
 20
417807.0401683075
  0
LWPOLYLINE
  5
1A9A
330
1F
100
AcDbEntity
  8
d_line
  6
Continuous
 62
     8
100
AcDbPolyline
 90
        2
 70
     0
 43
0.0
 10
174738.723687213
 20
417692.2649276252
 42
2.115543532013433
 10
174752.8505622521
 20
417682.8081098928
  0
LWPOLYLINE
  5
1A9B
330
1F
100
AcDbEntity
  8
d_line
  6
Continuous
 62
     8
100
AcDbPolyline
 90
        2
 70
     0
 43
0.0
 10
174754.657118066
 20
417690.0009087974
 42
0.1736313860839479
 10
174752.8505622521
 20
417682.8081098921
  0
LWPOLYLINE
  5
1A9C
330
1F
100
AcDbEntity
  8
d_line
  6
Continuous
 62
     8
100
AcDbPolyline
 90
        2
 70
     0
 43
0.0
 10
175515.1882285581
 20
418678.971839905
 10
175505.2000901745
 20
418678.4849193482
  0
LWPOLYLINE
  5
1A9D
330
1F
100
AcDbEntity
  8
d_line
  6
Continuous
 62
     8
100
AcDbPolyline
 90
        2
 70
     0
 43
0.0
 10
174738.7236872131
 20
417692.2649276253
 42
0.1736313860900905
 10
174744.6852062739
 20
417696.6763095505
  0
LWPOLYLINE
  5
1A9E
330
1F
100
AcDbEntity
  8
d_line
  6
Continuous
 62
     8
100
AcDbPolyline
 90
        2
 70
     0
 43
0.0
 10
174880.7135447114
 20
417947.510393814
 10
174885.6299929803
 20
417948.4206335732
  0
LWPOLYLINE
  5
1A9F
330
1F
100
AcDbEntity
  8
d_line
  6
Continuous
 62
     8
100
AcDbPolyline
 90
        2
 70
     0
 43
0.0
 10
175081.4477542325
 20
418117.983287145
 10
175081.6716252305
 20
418127.9807809196
  0
LWPOLYLINE
  5
1AA0
330
1F
100
AcDbEntity
  8
d_line
  6
Continuous
 62
     8
100
AcDbPolyline
 90
        2
 70
     0
 43
0.0
 10
175160.7978442025
 20
418222.5569854685
 10
175208.2511949779
 20
418181.6479926204
  0
LWPOLYLINE
  5
1AA1
330
1F
100
AcDbEntity
  8
d_line
  6
Continuous
 62
     8
100
AcDbPolyline
 90
        2
 70
     0
 43
0.0
 10
174769.3153173489
 20
417749.64321869
 10
174779.104115096
 20
417751.6875869808
  0
LWPOLYLINE
  5
1AA2
330
1F
100
AcDbEntity
  8
d_line
  6
Continuous
 62
     8
100
AcDbPolyline
 90
        2
 70
     0
 43
0.0
 10
174819.8131850732
 20
417679.7267108836
 10
174818.3051125422
 20
417689.6123427411
  0
LWPOLYLINE
  5
1AA3
330
1F
100
AcDbEntity
  8
d_line
  6
Continuous
 62
     8
100
AcDbPolyline
 90
        2
 70
     0
 43
0.0
 10
175526.7484293604
 20
418841.3318341763
 10
175498.4165096159
 20
418810.0959931843
  0
LWPOLYLINE
  5
1AA4
330
1F
100
AcDbEntity
  8
d_line
  6
Continuous
 62
     8
100
AcDbPolyline
 90
        2
 70
     0
 43
0.0
 10
174823.3425458904
 20
417970.7724970433
 10
174819.6135084178
 20
417974.1033046822
  0
LWPOLYLINE
  5
1AA5
330
1F
100
AcDbEntity
  8
d_line
  6
Continuous
 62
     8
100
AcDbPolyline
 90
        2
 70
     0
 43
0.0
 10
174821.5157658782
 20
417879.5797226814
 10
174823.4555126899
 20
417874.971319237
  0
LWPOLYLINE
  5
1AA6
330
1F
100
AcDbEntity
  8
d_line
  6
Continuous
 62
     8
100
AcDbPolyline
 90
        2
 70
     0
 43
0.0
 10
175170.2972206389
 20
418457.8509146252
 10
175169.6905117602
 20
418462.8139685576
  0
LWPOLYLINE
  5
1AA7
330
1F
100
AcDbEntity
  8
d_line
  6
Continuous
 62
     8
100
AcDbPolyline
 90
        2
 70
     0
 43
0.0
 10
174777.9211870564
 20
417811.0404199593
 10
174776.6803158846
 20
417815.883997019
  0
LWPOLYLINE
  5
1AA8
330
1F
100
AcDbEntity
  8
d_line
  6
Continuous
 62
     8
100
AcDbPolyline
 90
        2
 70
     0
 43
0.0
 10
175308.6596690353
 20
418660.5217016736
 10
175302.9302848117
 20
418666.1050838718
  0
LWPOLYLINE
  5
1AA9
330
1F
100
AcDbEntity
  8
d_line
  6
Continuous
 62
     8
100
AcDbPolyline
 90
        2
 70
     0
 43
0.0
 10
174808.2754901879
 20
417795.2646529962
 10
174807.0346190161
 20
417800.1082300561
  0
LWPOLYLINE
  5
1AAA
330
1F
100
AcDbEntity
  8
d_line
  6
Continuous
 62
     8
100
AcDbPolyline
 90
        2
 70
     0
 43
0.0
 10
175205.2519839326
 20
418402.9842448057
 10
175215.1877235577
 20
418404.1160920078
  0
LWPOLYLINE
  5
1AAB
330
1F
100
AcDbEntity
  8
d_line
  6
Continuous
 62
     8
100
AcDbPolyline
 90
        2
 70
     0
 43
0.0
 10
174794.265703068
 20
417745.5740990231
 10
174796.2567850135
 20
417735.7743238894
  0
LWPOLYLINE
  5
1AAC
330
1F
100
AcDbEntity
  8
d_line
  6
Continuous
 62
     8
100
AcDbPolyline
 90
        2
 70
     0
 43
0.0
 10
175443.0851174172
 20
418679.4720570785
 10
175415.7320327603
 20
418704.2821910377
  0
LWPOLYLINE
  5
1AAD
330
1F
100
AcDbEntity
  8
d_line
  6
Continuous
 62
     8
100
AcDbPolyline
 90
        2
 70
     0
 43
0.0
 10
175477.6547504011
 20
418648.1162799871
 10
175443.0851174172
 20
418679.4720570785
  0
LWPOLYLINE
  5
1AAE
330
1F
100
AcDbEntity
  8
d_line
  6
Continuous
 62
     8
100
AcDbPolyline
 90
        2
 70
     0
 43
0.0
 10
175544.2258503779
 20
418849.5142521736
 42
0.2007576338571221
 10
175526.7484293606
 20
418841.3318341766
  0
LWPOLYLINE
  5
1AAF
330
1F
100
AcDbEntity
  8
d_line
  6
Continuous
 62
     8
100
AcDbPolyline
 90
        2
 70
     0
 43
0.0
 10
175801.3165490783
 20
418125.7643173284
 10
175790.1018935344
 20
418108.9348342393
  0
LWPOLYLINE
  5
1AB0
330
1F
100
AcDbEntity
  8
d_line
  6
Continuous
 62
     8
100
AcDbPolyline
 90
        2
 70
     0
 43
0.0
 10
175844.4582845529
 20
418173.3279276246
 10
175801.3165490785
 20
418125.7643173288
  0
LWPOLYLINE
  5
1AB1
330
1F
100
AcDbEntity
  8
d_line
  6
Continuous
 62
     8
100
AcDbPolyline
 90
        2
 70
     0
 43
0.0
 10
175682.4162114201
 20
418450.1443615132
 10
175681.929290863
 20
418460.1324998967
  0
LWPOLYLINE
  5
1AB2
330
1F
100
AcDbEntity
  8
d_line
  6
Continuous
 62
     8
100
AcDbPolyline
 90
        2
 70
     0
 43
0.0
 10
176224.9691778348
 20
417488.3004119988
 10
176224.4822572774
 20
417498.2885503825
  0
LWPOLYLINE
  5
1AB3
330
1F
100
AcDbEntity
  8
d_line
  6
Continuous
 62
     8
100
AcDbPolyline
 90
        2
 70
     0
 43
0.0
 10
175672.0962189282
 20
417993.8243283774
 10
175682.0843573119
 20
417994.311248935
  0
LWPOLYLINE
  5
1AB4
330
1F
100
AcDbEntity
  8
d_line
  6
Continuous
 62
     8
100
AcDbPolyline
 90
        2
 70
     0
 43
0.0
 10
175908.5830384126
 20
418254.5502078148
 10
175909.0699589703
 20
418244.5620694311
  0
LWPOLYLINE
  5
1AB5
330
1F
100
AcDbEntity
  8
d_line
  6
Continuous
 62
     8
100
AcDbPolyline
 90
        2
 70
     0
 43
0.0
 10
176493.66221833
 20
418284.8659934133
 10
176494.1491388879
 20
418274.8778550293
  0
LWPOLYLINE
  5
1AB6
330
1F
100
AcDbEntity
  8
d_line
  6
Continuous
 62
     8
100
AcDbPolyline
 90
        2
 70
     0
 43
0.0
 10
176224.904077606
 20
418579.2661880002
 10
176224.4171570481
 20
418589.2543263839
  0
LWPOLYLINE
  5
1AB7
330
1F
100
AcDbEntity
  8
d_line
  6
Continuous
 62
     8
100
AcDbPolyline
 90
        2
 70
     0
 43
0.0
 10
176518.8560511316
 20
418312.6421046925
 10
176528.8441895153
 20
418313.1290252499
  0
LWPOLYLINE
  5
1AB8
330
1F
100
AcDbEntity
  8
d_line
  6
Continuous
 62
     8
100
AcDbPolyline
 90
        2
 70
     0
 43
0.0
 10
176515.4613988469
 20
418255.2093496577
 10
176525.4495372305
 20
418255.6962702157
  0
LWPOLYLINE
  5
1AB9
330
1F
100
AcDbEntity
  8
d_line
  6
Continuous
 62
     8
100
AcDbPolyline
 90
        2
 70
     0
 43
0.0
 10
176203.1048373951
 20
418608.9227659429
 10
176193.1166990114
 20
418608.4358453853
  0
LWPOLYLINE
  5
1ABA
330
1F
100
AcDbEntity
  8
d_line
  6
Continuous
 62
     8
100
AcDbPolyline
 90
        2
 70
     0
 43
0.0
 10
175866.2391450834
 20
418844.0749671147
 10
175876.2272834671
 20
418844.5618876714
  0
LWPOLYLINE
  5
1ABB
330
1F
100
AcDbEntity
  8
d_line
  6
Continuous
 62
     8
100
AcDbPolyline
 90
        2
 70
     0
 43
0.0
 10
175901.2701900183
 20
418882.6965698543
 10
175901.7571105753
 20
418872.7084314704
  0
LWPOLYLINE
  5
1ABC
330
1F
100
AcDbEntity
  8
d_line
  6
Continuous
 62
     8
100
AcDbPolyline
 90
        2
 70
     0
 43
0.0
 10
176348.7230281559
 20
417849.6010862065
 10
176354.7159111861
 20
417849.8932385409
  0
LWPOLYLINE
  5
1ABD
330
1F
100
AcDbEntity
  8
d_line
  6
Continuous
 62
     8
100
AcDbPolyline
 90
        2
 70
     0
 43
0.0
 10
176339.5424935694
 20
417863.6560199027
 10
176339.8346459039
 20
417857.6631368725
  0
LWPOLYLINE
  5
1ABE
330
1F
100
AcDbEntity
  8
d_line
  6
Continuous
 62
     8
100
AcDbPolyline
 90
        2
 70
     0
 43
0.0
 10
176434.225210072
 20
417768.2292428719
 10
176433.7382895145
 20
417778.2173812556
  0
LWPOLYLINE
  5
1ABF
330
1F
100
AcDbEntity
  8
d_line
  6
Continuous
 62
     8
100
AcDbPolyline
 90
        2
 70
     0
 43
0.0
 10
176451.2612760551
 20
417752.7769790954
 10
176461.2494144387
 20
417753.2638996528
  0
LWPOLYLINE
  5
1AC0
330
1F
100
AcDbEntity
  8
d_line
  6
Continuous
 62
     8
100
AcDbPolyline
 90
        2
 70
     0
 43
0.0
 10
176246.4468436665
 20
417948.0967904471
 10
176236.4587052828
 20
417947.6098698896
  0
LWPOLYLINE
  5
1AC1
330
1F
100
AcDbEntity
  8
d_line
  6
Continuous
 62
     8
100
AcDbPolyline
 90
        2
 70
     0
 43
0.0
 10
175941.0378239658
 20
418285.8661286004
 10
175951.0259623493
 20
418286.3530491579
  0
LWPOLYLINE
  5
1AC2
330
1F
100
AcDbEntity
  8
d_line
  6
Continuous
 62
     8
100
AcDbPolyline
 90
        2
 70
     0
 43
0.0
 10
175627.4572798485
 20
418570.2938413954
 10
175626.9703592916
 20
418580.2819797793
  0
LWPOLYLINE
  5
1AC3
330
1F
100
AcDbEntity
  8
d_line
  6
Continuous
 62
     8
100
AcDbPolyline
 90
        2
 70
     0
 43
0.0
 10
175587.2364514684
 20
418536.4754873923
 10
175597.2245898521
 20
418536.9624079493
  0
LWPOLYLINE
  5
1AC4
330
1F
100
AcDbEntity
  8
d_line
  6
Continuous
 62
     8
100
AcDbPolyline
 90
        2
 70
     0
 43
0.0
 10
176776.280181024
 20
418542.7611316375
 10
176786.2683194075
 20
418543.2480521955
  0
LWPOLYLINE
  5
1AC5
330
1F
100
AcDbEntity
  8
d_line
  6
Continuous
 62
     8
100
AcDbPolyline
 90
        2
 70
     0
 43
0.0
 10
176463.9236195635
 20
418896.4745479125
 10
176453.9354811799
 20
418895.9876273546
  0
LWPOLYLINE
  5
1AC6
330
1F
100
AcDbEntity
  8
d_line
  6
Continuous
 62
     8
100
AcDbPolyline
 90
        2
 70
     0
 43
0.0
 10
176428.4056540771
 20
418867.8410835508
 10
176428.8925746351
 20
418857.8529451671
  0
LWPOLYLINE
  5
1AC7
330
1F
100
AcDbEntity
  8
d_line
  6
Continuous
 62
     8
100
AcDbPolyline
 90
        2
 70
     0
 43
0.0
 10
176345.4118561844
 20
419003.9685567967
 10
176345.8987767415
 20
418993.9804184128
  0
LWPOLYLINE
  5
1AC8
330
1F
100
AcDbEntity
  8
d_line
  6
Continuous
 62
     8
100
AcDbPolyline
 90
        2
 70
     0
 43
0.0
 10
176313.9434606904
 20
419022.9649253477
 10
176323.9315990741
 20
419023.4518459048
  0
LWPOLYLINE
  5
1AC9
330
1F
100
AcDbEntity
  8
d_line
  6
Continuous
 62
     8
100
AcDbPolyline
 90
        2
 70
     0
 43
0.0
 10
176127.0579272915
 20
419131.6267490331
 10
176137.0460656751
 20
419132.1136695902
  0
LWPOLYLINE
  5
1ACA
330
1F
100
AcDbEntity
  8
d_line
  6
Continuous
 62
     8
100
AcDbPolyline
 90
        2
 70
     0
 43
0.0
 10
175481.7051396413
 20
418224.3957519225
 10
175455.6371926172
 20
418195.6559328257
  0
LWPOLYLINE
  5
1ACB
330
1F
100
AcDbEntity
  8
d_line
  6
Continuous
 62
     8
100
AcDbPolyline
 90
        2
 70
     0
 43
0.0
 10
176632.116817604
 20
418210.2485152379
 10
176726.0630841058
 20
418313.8239407056
  0
LWPOLYLINE
  5
1ACC
330
1F
100
AcDbEntity
  8
d_line
  6
Continuous
 62
     8
100
AcDbPolyline
 90
        2
 70
     0
 43
0.0
 10
176811.3112259524
 20
418581.382734383
 10
176811.7981465103
 20
418571.3945959994
  0
LWPOLYLINE
  5
1ACD
330
1F
100
AcDbEntity
  8
d_line
  6
Continuous
 62
     8
100
AcDbPolyline
 90
        2
 70
     0
 43
0.0
 10
176011.9755368477
 20
417689.5930065728
 10
176011.4886162899
 20
417699.5811449564
  0
LWPOLYLINE
  5
1ACE
330
1F
100
AcDbEntity
  8
d_line
  6
Continuous
 62
     8
100
AcDbPolyline
 90
        2
 70
     0
 43
0.0
 10
176060.4386499797
 20
417645.6353928696
 10
176011.9755368481
 20
417689.5930065724
  0
LWPOLYLINE
  5
1ACF
330
1F
100
AcDbEntity
  8
d_line
  6
Continuous
 62
     8
100
AcDbPolyline
 90
        2
 70
     0
 43
0.0
 10
176210.5510501492
 20
417521.6292751708
 10
176114.2602424162
 20
417608.9681573833
  0
LWPOLYLINE
  5
1AD0
330
1F
100
AcDbEntity
  8
d_line
  6
Continuous
 62
     8
100
AcDbPolyline
 90
        2
 70
     0
 43
0.0
 10
176681.0364895754
 20
418638.6967311146
 10
176593.5894787887
 20
418542.2867119824
  0
LWPOLYLINE
  5
1AD1
330
1F
100
AcDbEntity
  8
d_line
  6
Continuous
 62
     8
100
AcDbPolyline
 90
        2
 70
     0
 43
0.0
 10
176330.9094444122
 20
417829.9616733331
 10
176331.2015967467
 20
417823.9687903029
  0
LWPOLYLINE
  5
1AD2
330
1F
100
AcDbEntity
  8
d_line
  6
Continuous
 62
     8
100
AcDbPolyline
 90
        2
 70
     0
 43
0.0
 10
176400.5220800831
 20
417739.4916348972
 10
176400.9116165291
 20
417731.50112419
  0
LWPOLYLINE
  5
1AD3
330
1F
100
AcDbEntity
  8
d_line
  6
Continuous
 62
     8
100
AcDbPolyline
 90
        2
 70
     0
 43
0.0
 10
175455.6371926172
 20
418195.6559328257
 10
175445.6490542335
 20
418195.1690122686
  0
LWPOLYLINE
  5
1AD4
330
1F
100
AcDbEntity
  8
d_line
  6
Continuous
 62
     8
100
AcDbPolyline
 90
        2
 70
     0
 43
0.0
 10
176411.2714809691
 20
417751.3428112351
 10
176419.261991676
 20
417751.7323476811
  0
LWPOLYLINE
  5
1AD5
330
1F
100
AcDbEntity
  8
d_line
  6
Continuous
 62
     8
100
AcDbPolyline
 90
        2
 70
     0
 43
0.0
 10
176558.2054034472
 20
419052.5158067811
 10
176558.497555782
 20
419046.5229237509
  0
LWPOLYLINE
  5
1AD6
330
1F
100
AcDbEntity
  8
d_line
  6
Continuous
 62
     8
100
AcDbPolyline
 90
        2
 70
     0
 43
0.0
 10
176432.1424231934
 20
418684.155786338
 10
176529.762916422
 20
418775.9067628692
  0
LWPOLYLINE
  5
1AD7
330
1F
100
AcDbEntity
  8
d_line
  6
Continuous
 62
     8
100
AcDbPolyline
 90
        2
 70
     0
 43
0.0
 10
175987.9928465151
 20
417716.8423385028
 10
175978.0047081314
 20
417716.355417945
  0
LWPOLYLINE
  5
1AD8
330
1F
100
AcDbEntity
  8
d_line
  6
Continuous
 62
     8
100
AcDbPolyline
 90
        2
 70
     0
 43
0.0
 10
176197.2514700138
 20
417517.4915018314
 10
176073.2371077337
 20
417629.9765461968
  0
LWPOLYLINE
  5
1AD9
330
1F
100
AcDbEntity
  8
d_line
  6
Continuous
 62
     8
100
AcDbPolyline
 90
        2
 70
     0
 43
0.0
 10
176207.2396083975
 20
417517.9784223888
 10
176197.2514700138
 20
417517.4915018314
  0
LWPOLYLINE
  5
1ADA
330
1F
100
AcDbEntity
  8
d_line
  6
Continuous
 62
     8
100
AcDbPolyline
 90
        2
 70
     0
 43
0.0
 10
176570.0749179901
 20
419019.8209577515
 10
176570.3670703249
 20
419013.8280747214
  0
LWPOLYLINE
  5
1ADB
330
1F
100
AcDbEntity
  8
d_line
  6
Continuous
 62
     8
100
AcDbPolyline
 90
        2
 70
     0
 43
0.0
 10
176008.440343021
 20
417877.1428631523
 10
175929.3627331573
 20
417854.6327329703
  0
LWPOLYLINE
  5
1ADC
330
1F
100
AcDbEntity
  8
d_line
  6
Continuous
 62
     8
100
AcDbPolyline
 90
        2
 70
     0
 43
0.0
 10
175860.6745015452
 20
417984.1697296436
 10
175832.7112220421
 20
417903.9238669465
  0
LWPOLYLINE
  5
1ADD
330
1F
100
AcDbEntity
  8
d_line
  6
Continuous
 62
     8
100
AcDbPolyline
 90
        2
 70
     0
 43
0.0
 10
175857.1333590975
 20
418048.1351233104
 10
175980.3000728668
 20
418111.7324006146
  0
LWPOLYLINE
  5
1ADE
330
1F
100
AcDbEntity
  8
d_line
  6
Continuous
 62
     8
100
AcDbPolyline
 90
        2
 70
     0
 43
0.0
 10
176266.5127179071
 20
418181.6857435637
 10
176235.2722715782
 20
418147.2432623372
  0
LWPOLYLINE
  5
1ADF
330
1F
100
AcDbEntity
  8
d_line
  6
Continuous
 62
     8
100
AcDbPolyline
 90
        2
 70
     0
 43
0.0
 10
176443.491016767
 20
419107.6351181837
 10
176559.7806845629
 20
419002.1566219831
  0
LWPOLYLINE
  5
1AE0
330
1F
100
AcDbEntity
  8
d_line
  6
Continuous
 62
     8
100
AcDbPolyline
 90
        2
 70
     0
 43
0.0
 10
176093.383374488
 20
418236.4063394386
 10
175980.3000728668
 20
418111.7324006145
  0
LWPOLYLINE
  5
1AE1
330
1F
100
AcDbEntity
  8
d_line
  6
Continuous
 62
     8
100
AcDbPolyline
 90
        2
 70
     0
 43
0.0
 10
176578.136968654
 20
419028.7093400058
 10
176584.1298516841
 20
419029.0014923404
  0
LWPOLYLINE
  5
1AE2
330
1F
100
AcDbEntity
  8
d_line
  6
Continuous
 62
     8
100
AcDbPolyline
 90
        2
 70
     0
 43
0.0
 10
176708.9609077114
 20
418464.0765065145
 10
176695.198126352
 20
418448.9030888953
  0
LWPOLYLINE
  5
1AE3
330
1F
100
AcDbEntity
  8
d_line
  6
Continuous
 62
     8
100
AcDbPolyline
 90
        2
 70
     0
 43
0.0
 10
176097.9578016934
 20
419174.0724973949
 10
176077.0385195066
 20
419193.0469640737
  0
LWPOLYLINE
  5
1AE4
330
1F
100
AcDbEntity
  8
d_line
  6
Continuous
 62
     8
100
AcDbPolyline
 90
        2
 70
     0
 43
0.0
 10
176115.2189952393
 20
419197.5682671709
 10
176086.8927278417
 20
419223.2611094046
  0
LWPOLYLINE
  5
1AE5
330
1F
100
AcDbEntity
  8
d_line
  6
Continuous
 62
     8
100
AcDbPolyline
 90
        2
 70
     0
 43
0.0
 10
176086.8927278417
 20
419223.2611094046
 10
176070.0632447545
 20
419234.475764951
  0
LWPOLYLINE
  5
1AE6
330
1F
100
AcDbEntity
  8
d_line
  6
Continuous
 62
     8
100
AcDbPolyline
 90
        2
 70
     0
 43
0.0
 10
176064.2400617518
 20
419208.7058107463
 10
176077.0385195063
 20
419193.046964074
  0
LWPOLYLINE
  5
1AE7
330
1F
100
AcDbEntity
  8
d_line
  6
Continuous
 62
     8
100
AcDbPolyline
 90
        2
 70
     0
 43
0.0
 10
176098.4447222506
 20
419164.0843590112
 10
176097.9578016934
 20
419174.0724973949
  0
LWPOLYLINE
  5
1AE8
330
1F
100
AcDbEntity
  8
d_line
  6
Continuous
 62
     8
100
AcDbPolyline
 90
        2
 70
     0
 43
0.0
 10
176115.2189952393
 20
419197.5682671709
 10
176125.207133623
 20
419198.0551877279
  0
LWPOLYLINE
  5
1AE9
330
1F
100
AcDbEntity
  8
d_line
  6
Continuous
 62
     8
100
AcDbPolyline
 90
        2
 70
     0
 43
0.0
 10
176915.2421679084
 20
418739.1314255004
 10
176804.7373555521
 20
418839.3628704015
  0
LWPOLYLINE
  5
1AEA
330
1F
100
AcDbEntity
  8
d_line
  6
Continuous
 62
     8
100
AcDbPolyline
 90
        2
 70
     0
 43
0.0
 10
175968.7490507199
 20
418566.3723245887
 10
176065.4231157653
 20
418672.9551382717
  0
LWPOLYLINE
  5
1AEB
330
1F
100
AcDbEntity
  8
d_line
  6
Continuous
 62
     8
100
AcDbPolyline
 90
        2
 70
     0
 43
0.0
 10
175968.7490507199
 20
418566.3723245887
 10
175883.9390700628
 20
418643.2977246909
  0
LWPOLYLINE
  5
1AEC
330
1F
100
AcDbEntity
  8
d_line
  6
Continuous
 62
     8
100
AcDbPolyline
 90
        2
 70
     0
 43
0.0
 10
175664.1831448216
 20
418223.147218796
 10
175790.1239147558
 20
418361.9964707718
  0
LWPOLYLINE
  5
1AED
330
1F
100
AcDbEntity
  8
d_line
  6
Continuous
 62
     8
100
AcDbPolyline
 90
        2
 70
     0
 43
0.0
 10
175777.9670141894
 20
418348.5935310338
 10
175694.2680813135
 20
418424.5111748032
  0
LWPOLYLINE
  5
1AEE
330
1F
100
AcDbEntity
  8
d_line
  6
Continuous
 62
     8
100
AcDbPolyline
 90
        2
 70
     0
 43
0.0
 10
175711.6625113502
 20
418433.1635056278
 10
175701.6743729666
 20
418432.6765850708
  0
LWPOLYLINE
  5
1AEF
330
1F
100
AcDbEntity
  8
d_line
  6
Continuous
 62
     8
100
AcDbPolyline
 90
        4
 70
     0
 43
0.0
 10
176630.205737826
 20
418160.6790024178
 10
176527.6564533685
 20
418047.6187801565
 10
176616.5402758917
 20
417966.9982734991
 10
176719.0895603489
 20
418080.0584957604
  0
LWPOLYLINE
  5
1AF0
330
1F
100
AcDbEntity
  8
d_line
  6
Continuous
 62
     8
100
AcDbPolyline
 90
        2
 70
     0
 43
0.0
 10
176434.6635726471
 20
418166.1300329388
 10
176544.6573027079
 20
418066.3621562329
  0
LWPOLYLINE
  5
1AF1
330
1F
100
AcDbEntity
  8
d_line
  6
Continuous
 62
     8
100
AcDbPolyline
 90
        2
 70
     0
 43
0.0
 10
176398.3843446513
 20
418126.1323128034
 10
176453.9367337348
 20
418075.7444961366
  0
LWPOLYLINE
  5
1AF2
330
1F
100
AcDbEntity
  8
d_line
  6
Continuous
 62
     8
100
AcDbPolyline
 90
        2
 70
     0
 43
0.0
 10
175604.3217057876
 20
417527.8314005185
 10
175720.7595130883
 20
417422.218536983
  0
LWPOLYLINE
  5
1AF3
330
1F
100
AcDbEntity
  8
d_line
  6
Continuous
 62
     8
100
AcDbPolyline
 90
        2
 70
     0
 43
0.0
 10
175604.3587407137
 20
417527.7978086407
 10
175674.4756358268
 20
417605.1014367319
  0
LWPOLYLINE
  5
1AF4
330
1F
100
AcDbEntity
  8
d_line
  6
Continuous
 62
     8
100
AcDbPolyline
 90
        3
 70
     0
 43
0.0
 10
176230.6314946595
 20
419047.2286535556
 10
176243.4325034679
 20
419031.5674929953
 10
176296.3825739712
 20
418983.5400635917
  0
LWPOLYLINE
  5
1AF5
330
1F
100
AcDbEntity
  8
d_line
  6
Continuous
 62
     8
100
AcDbPolyline
 90
        2
 70
     0
 43
0.0
 10
176378.9133335422
 20
418104.6655921245
 10
176367.698678561
 20
418087.836109886
  0
LWPOLYLINE
  5
1AF6
330
1F
100
AcDbEntity
  8
d_line
  6
Continuous
 62
     8
100
AcDbPolyline
 90
        4
 70
     0
 43
0.0
 10
176307.8106496673
 20
418073.9056971644
 10
176335.0558547711
 20
418103.9434391168
 10
176350.7147022372
 20
418116.7418975195
 10
176351.5472831543
 20
418117.6598150265
  0
LWPOLYLINE
  5
1AF7
330
1F
100
AcDbEntity
  8
d_line
  6
Continuous
 62
     8
100
AcDbPolyline
 90
        2
 70
     0
 43
0.0
 10
176252.4902602963
 20
418012.9151641767
 10
176299.8656606503
 20
418065.1463749644
  0
LWPOLYLINE
  5
1AF8
330
1F
100
AcDbEntity
  8
d_line
  6
Continuous
 62
     8
100
AcDbPolyline
 90
        3
 70
     0
 43
0.0
 10
175484.6219547618
 20
417722.919487775
 10
175496.113606876
 20
417712.4961870046
 42
0.0547184796791967
 10
175587.2738473656
 20
417646.3979582865
  0
LWPOLYLINE
  5
1AF9
330
1F
100
AcDbEntity
  8
d_line
  6
Continuous
 62
     8
100
AcDbPolyline
 90
        3
 70
     0
 43
0.0
 10
175175.5800114924
 20
418042.3827741043
 10
175192.4094945789
 20
418031.1681185582
 10
175229.8542217415
 20
417997.2045378998
  0
LWPOLYLINE
  5
1AFA
330
1F
100
AcDbEntity
  8
d_line
  6
Continuous
 62
     8
100
AcDbPolyline
 90
        3
 70
     0
 43
0.0
 10
175238.6135439416
 20
417989.2595488827
 10
175268.6512858941
 20
417962.014343779
 10
175281.4497436482
 20
417946.3554971063
  0
LWPOLYLINE
  5
1AFB
330
1F
100
AcDbEntity
  8
d_line
  6
Continuous
 62
     8
100
AcDbPolyline
 90
        2
 70
     0
 43
0.0
 10
176858.9540125727
 20
418633.9087375979
 10
176874.6128592434
 20
418646.7071953546
  0
LWPOLYLINE
  5
1AFC
330
1F
100
AcDbEntity
  8
d_line
  6
Continuous
 62
     8
100
AcDbPolyline
 90
        2
 70
     0
 43
0.0
 10
176874.6128592434
 20
418646.7071953546
 10
176897.8819441456
 20
418672.3612789019
  0
LWPOLYLINE
  5
1AFD
330
1F
100
AcDbEntity
  8
d_line
  6
Continuous
 62
     8
100
AcDbPolyline
 90
        3
 70
     0
 43
0.0
 10
175508.3428520954
 20
417744.6063277858
 10
175517.6124086513
 20
417736.1985396776
 42
0.0262527850281484
 10
175556.9713598493
 20
417704.0965718979
  0
LWPOLYLINE
  5
1AFE
330
1F
100
AcDbEntity
  8
d_line
  6
Continuous
 62
     8
100
AcDbPolyline
 90
        3
 70
     0
 43
0.0
 10
176392.9601312021
 20
418899.9913211492
 10
176376.1331797941
 20
418911.2036803802
 10
176308.3689839115
 20
418972.6680014449
  0
LWPOLYLINE
  5
1AFF
330
1F
100
AcDbEntity
  8
d_line
  6
Continuous
 62
     8
100
AcDbPolyline
 90
        2
 70
     0
 43
0.0
 10
175587.273919249
 20
417646.3979173166
 10
175606.7349160554
 20
417639.228869315
  0
LWPOLYLINE
  5
1B00
330
1F
100
AcDbEntity
  8
d_line
  6
Continuous
 62
     8
100
AcDbPolyline
 90
        2
 70
     0
 43
0.0
 10
176933.8102930603
 20
418711.9721561084
 10
176905.4168645533
 20
418680.668501918
  0
LWPOLYLINE
  5
1B01
330
1F
100
AcDbEntity
  8
d_line
  6
Continuous
 62
     8
100
AcDbPolyline
 90
        2
 70
     0
 43
0.0
 10
176934.0389577108
 20
418712.2654274278
 10
176945.2536132548
 20
418729.0949105171
  0
LWPOLYLINE
  5
1B02
330
1F
100
AcDbEntity
  8
d_line
  6
Continuous
 62
     8
100
AcDbPolyline
 90
        2
 70
     0
 43
0.0
 10
176933.8102930603
 20
418711.9721561084
 10
176934.0389577108
 20
418712.2654274278
  0
LWPOLYLINE
  5
1B03
330
1F
100
AcDbEntity
  8
d_line
  6
Continuous
 62
     8
100
AcDbPolyline
 90
        2
 70
     0
 43
0.0
 10
176296.3825739712
 20
418983.5400635917
 10
176308.3689839115
 20
418972.6680014449
  0
LWPOLYLINE
  5
1B04
330
1F
100
AcDbEntity
  8
d_line
  6
Continuous
 62
     8
100
AcDbPolyline
 90
        2
 70
     0
 43
0.0
 10
176392.9601312021
 20
418899.9913211492
 10
176428.4056540771
 20
418867.8410835508
  0
LWPOLYLINE
  5
1B05
330
1F
100
AcDbEntity
  8
d_line
  6
Continuous
 62
     8
100
AcDbPolyline
 90
        2
 70
     0
 43
0.0
 10
176137.0460656751
 20
419132.1136695902
 10
176230.6314946595
 20
419047.2286535556
  0
LWPOLYLINE
  5
1B06
330
1F
100
AcDbEntity
  8
d_line
  6
Continuous
 62
     8
100
AcDbPolyline
 90
        2
 70
     0
 43
0.0
 10
176905.4168645533
 20
418680.668501918
 10
176897.8819441456
 20
418672.3612789019
  0
LWPOLYLINE
  5
1B07
330
1F
100
AcDbEntity
  8
d_line
  6
Continuous
 62
     8
100
AcDbPolyline
 90
        2
 70
     0
 43
0.0
 10
176786.2683194076
 20
418543.2480521955
 10
176944.7187333264
 20
418399.528393354
  0
LWPOLYLINE
  5
1B08
330
1F
100
AcDbEntity
  8
d_line
  6
Continuous
 62
     8
100
AcDbPolyline
 90
        2
 70
     0
 43
0.0
 10
176811.3112259524
 20
418581.382734383
 10
176858.9540125727
 20
418633.9087375979
  0
LWPOLYLINE
  5
1B09
330
1F
100
AcDbEntity
  8
d_line
  6
Continuous
 62
     8
100
AcDbPolyline
 90
        2
 70
     0
 43
0.0
 10
176692.6737912589
 20
418446.1200184115
 10
176695.198126352
 20
418448.9030888953
  0
LWPOLYLINE
  5
1B0A
330
1F
100
AcDbEntity
  8
d_line
  6
Continuous
 62
     8
100
AcDbPolyline
 90
        2
 70
     0
 43
0.0
 10
176242.5021219127
 20
418012.4282436198
 10
176252.4902602963
 20
418012.9151641767
  0
LWPOLYLINE
  5
1B0B
330
1F
100
AcDbEntity
  8
d_line
  6
Continuous
 62
     8
100
AcDbPolyline
 90
        2
 70
     0
 43
0.0
 10
176719.2948246782
 20
418131.1752384568
 10
176550.9793643328
 20
418283.84281402
  0
LWPOLYLINE
  5
1B0C
330
1F
100
AcDbEntity
  8
d_line
  6
Continuous
 62
     8
100
AcDbPolyline
 90
        2
 70
     0
 43
0.0
 10
176278.4147085315
 20
417989.4008497355
 10
176278.9016290885
 20
417979.4127113519
  0
LWPOLYLINE
  5
1B0D
330
1F
100
AcDbEntity
  8
d_line
  6
Continuous
 62
     8
100
AcDbPolyline
 90
        8
 70
     0
 43
0.0
 10
176032.621613881
 20
418328.6814039724
 10
175998.703705861
 20
418291.2870307193
 10
175983.0448591905
 20
418278.4885729627
 10
175974.5217321242
 20
418269.0918556117
 10
175975.0086526824
 20
418259.1037172278
 10
176021.2496704226
 20
418217.1616160359
 10
176034.0481281768
 20
418201.5027693631
 10
176242.5021219127
 20
418012.4282436198
  0
LWPOLYLINE
  5
1B0E
330
1F
100
AcDbEntity
  8
d_line
  6
Continuous
 62
     8
100
AcDbPolyline
 90
        2
 70
     0
 43
0.0
 10
176242.5021219127
 20
418012.4282436198
 10
176252.4902602963
 20
418012.9151641767
  0
LWPOLYLINE
  5
1B0F
330
1F
100
AcDbEntity
  8
d_line
  6
Continuous
 62
     8
100
AcDbPolyline
 90
        4
 70
     0
 43
0.0
 10
175396.6244590046
 20
417845.9385297349
 10
175351.7402354863
 20
417886.6499746103
 10
175334.9107523993
 20
417897.8646301568
 10
175281.4497436482
 20
417946.3554971063
  0
LWPOLYLINE
  5
1B10
330
1F
100
AcDbEntity
  8
d_line
  6
Continuous
 62
     8
100
AcDbPolyline
 90
        2
 70
     0
 43
0.0
 10
176378.9133335422
 20
418104.6655921245
 10
176515.4613988469
 20
418255.2093496577
  0
LWPOLYLINE
  5
1B11
330
1F
100
AcDbEntity
  8
d_line
  6
Continuous
 62
     8
100
AcDbPolyline
 90
        2
 70
     0
 43
0.0
 10
176307.8106496673
 20
418073.9056971644
 10
176299.8656606503
 20
418065.1463749644
  0
LWPOLYLINE
  5
1B12
330
1F
100
AcDbEntity
  8
d_line
  6
Continuous
 62
     8
100
AcDbPolyline
 90
        2
 70
     0
 43
0.0
 10
175229.8542217415
 20
417997.2045378998
 10
175238.6135439416
 20
417989.2595488827
  0
LWPOLYLINE
  5
1B13
330
1F
100
AcDbEntity
  8
d_line
  6
Continuous
 62
     8
100
AcDbPolyline
 90
        2
 70
     0
 43
0.0
 10
175175.5800114924
 20
418042.3827741043
 10
175159.2186699285
 20
418057.2230409723
  0
LWPOLYLINE
  5
1B14
330
1F
100
AcDbEntity
  8
d_line
  6
Continuous
 62
     8
100
AcDbPolyline
 90
        4
 70
     0
 43
0.0
 10
175606.7349160554
 20
417639.228869315
 42
0.0053181175941196
 10
175616.47642304
 20
417634.3110431488
 10
175652.564906696
 20
417616.5715271484
 42
-0.0700691978670127
 10
175764.9149448531
 20
417540.2387432579
  0
LWPOLYLINE
  5
1B15
330
1F
100
AcDbEntity
  8
d_line
  6
Continuous
 62
     8
100
AcDbPolyline
 90
        2
 70
     0
 43
0.0
 10
175484.6219547618
 20
417722.919487775
 10
175474.6338163782
 20
417722.4325672172
  0
LWPOLYLINE
  5
1B16
330
1F
100
AcDbEntity
  8
d_line
  6
Continuous
 62
     8
100
AcDbPolyline
 90
        2
 70
     0
 43
0.0
 10
175474.6338163782
 20
417722.4325672172
 10
175397.4868861016
 20
417637.3783503003
  0
LWPOLYLINE
  5
1B17
330
1F
100
AcDbEntity
  8
d_line
  6
Continuous
 62
     8
100
AcDbPolyline
 90
        2
 70
     0
 43
0.0
 10
175556.9713598493
 20
417704.0965718978
 42
0.0437353135364254
 10
175629.2694084184
 20
417660.3367904988
  0
LWPOLYLINE
  5
1B18
330
1F
100
AcDbEntity
  8
d_line
  6
Continuous
 62
     8
100
AcDbPolyline
 90
        2
 70
     0
 43
0.0
 10
175508.3428520954
 20
417744.6063277858
 10
175507.8559315376
 20
417754.5944661694
  0
LWPOLYLINE
  5
1B19
330
1F
100
AcDbEntity
  8
d_line
  6
Continuous
 62
     8
100
AcDbPolyline
 90
        2
 70
     0
 43
0.0
 10
176367.698678561
 20
418087.836109886
 10
176278.4147085315
 20
417989.4008497355
  0
LWPOLYLINE
  5
1B1A
330
1F
100
AcDbEntity
  8
d_line
  6
Continuous
 62
     8
100
AcDbPolyline
 90
        2
 70
     0
 43
0.0
 10
176186.8664234093
 20
418123.6450873945
 10
176068.3699684069
 20
417993.0031661733
  0
LWPOLYLINE
  5
1B1B
330
1F
100
AcDbEntity
  8
d_line
  6
Continuous
 62
     8
100
AcDbPolyline
 90
        2
 70
     0
 43
0.0
 10
175643.4297222371
 20
417342.6502046284
 10
175595.6771422527
 20
417385.9633417411
  0
LWPOLYLINE
  5
1B1C
330
1F
100
AcDbEntity
  8
d_line
  6
Continuous
 62
     8
100
AcDbPolyline
 90
        2
 70
     0
 43
0.0
 10
176182.0097494266
 20
417883.114724099
 10
176121.2183391924
 20
417816.0924100004
  0
LWPOLYLINE
  5
1B1D
330
1F
100
AcDbEntity
  8
d_line
  6
Continuous
 62
     8
100
AcDbPolyline
 90
        2
 70
     0
 43
0.0
 10
176369.9388180133
 20
417658.6538925023
 10
176224.4822572774
 20
417498.2885503825
  0
LWPOLYLINE
  5
1B1E
330
1F
100
AcDbEntity
  8
d_line
  6
Continuous
 62
     8
100
AcDbPolyline
 90
        2
 70
     0
 43
0.0
 10
175941.0378239658
 20
418285.8661286004
 10
175627.4572798485
 20
418570.2938413955
  0
LWPOLYLINE
  5
1B1F
330
1F
100
AcDbEntity
  8
d_line
  6
Continuous
 62
     8
100
AcDbPolyline
 90
        2
 70
     0
 43
0.0
 10
175701.6743729666
 20
418432.6765850708
 10
175474.6887712671
 20
418182.4257646126
  0
LWPOLYLINE
  5
1B20
330
1F
100
AcDbEntity
  8
d_line
  6
Continuous
 62
     8
100
AcDbPolyline
 90
        3
 70
     0
 43
0.0
 10
175956.6960669999
 20
418826.927293022
 10
175980.5229542284
 20
418805.3155343701
 10
175993.3215512531
 20
418789.6565173007
  0
LWPOLYLINE
  5
1B21
330
1F
100
AcDbEntity
  8
d_line
  6
Continuous
 62
     8
100
AcDbPolyline
 90
        2
 70
     0
 43
0.0
 10
175956.6960669999
 20
418826.927293022
 10
175947.982003558
 20
418830.7809559563
  0
LWPOLYLINE
  5
1B22
330
1F
100
AcDbEntity
  8
d_line
  6
Continuous
 62
     8
100
AcDbPolyline
 90
        2
 70
     0
 43
0.0
 10
175947.9820035579
 20
418830.780955956
 10
175901.7571105753
 20
418872.7084314704
  0
LWPOLYLINE
  5
1B23
330
1F
100
AcDbEntity
  8
d_line
  6
Continuous
 62
     8
100
AcDbPolyline
 90
        2
 70
     0
 43
0.0
 10
176193.1166990116
 20
418608.4358453853
 10
175993.3215512531
 20
418789.6565173007
  0
LWPOLYLINE
  5
1B24
330
1F
100
AcDbEntity
  8
d_line
  6
Continuous
 62
     8
100
AcDbPolyline
 90
        2
 70
     0
 43
0.0
 10
176672.2054924778
 20
418423.5537917436
 10
176656.3905409274
 20
418410.6277446642
  0
LWPOLYLINE
  5
1B25
330
1F
100
AcDbEntity
  8
d_line
  6
Continuous
 62
     8
100
AcDbPolyline
 90
        2
 70
     0
 43
0.0
 10
176672.2054924771
 20
418423.5537917433
 10
176692.6737912038
 20
418446.1200184616
  0
LWPOLYLINE
  5
1B26
330
1F
100
AcDbEntity
  8
d_line
  6
Continuous
 62
     8
100
AcDbPolyline
 90
        2
 70
     0
 43
0.0
 10
176118.8204767309
 20
418620.471815151
 10
176165.5814673335
 20
418578.0580817278
  0
LWPOLYLINE
  5
1B27
330
1F
100
AcDbEntity
  8
d_line
  6
Continuous
 62
     8
100
AcDbPolyline
 90
        2
 70
     0
 43
0.0
 10
176118.820476731
 20
418620.4718151509
 10
176106.0221582489
 20
418636.1304914245
  0
LWPOLYLINE
  5
1B28
330
1F
100
AcDbEntity
  8
d_line
  6
Continuous
 62
     8
100
AcDbPolyline
 90
        2
 70
     0
 43
0.0
 10
176165.5814673335
 20
418578.0580817278
 10
176166.0408328134
 20
418568.0686381409
  0
LWPOLYLINE
  5
1B29
330
1F
100
AcDbEntity
  8
d_line
  6
Continuous
 62
     8
100
AcDbPolyline
 90
        2
 70
     0
 43
0.0
 10
176165.5814673335
 20
418578.0580817278
 10
176166.0408328134
 20
418568.0686381409
  0
LWPOLYLINE
  5
1B2A
330
1F
100
AcDbEntity
  8
d_line
  6
Continuous
 62
     8
100
AcDbPolyline
 90
        2
 70
     0
 43
0.0
 10
175111.2515354757
 20
417822.7450096547
 42
-0.0055630035024304
 10
175152.3160598515
 20
417789.3044510436
 42
-0.0055630035024304
  0
LWPOLYLINE
  5
1B2B
330
1F
100
AcDbEntity
  8
d_line
  6
Continuous
 62
     8
100
AcDbPolyline
 90
        8
 70
     0
 43
0.0
 10
175152.3160598519
 20
417789.3044510432
 10
175165.6002009226
 20
417774.2260809529
 42
-0.0084171958731067
 10
175225.7772473507
 20
417721.4745094629
 10
175256.4412382238
 20
417688.2609893114
 10
175341.6002736186
 20
417611.018985265
 10
175365.5612980535
 20
417598.7360984702
 10
175582.8786844984
 20
417401.6221884123
 10
175595.6771422527
 20
417385.9633417411
  0
LWPOLYLINE
  5
1B2C
330
1F
100
AcDbEntity
  8
d_line
  6
Continuous
 62
     8
100
AcDbPolyline
 90
        2
 70
     0
 43
0.0
 10
175093.7274761984
 20
417832.7528841314
 10
175111.2513518062
 20
417822.745114547
  0
LWPOLYLINE
  5
1B2D
330
1F
100
AcDbEntity
  8
d_line
  6
Continuous
 62
     8
100
AcDbPolyline
 90
        3
 70
     0
 43
0.0
 10
175457.013282158
 20
417569.7892640562
 10
175593.6419938846
 20
417445.8625960837
 10
175610.4714769717
 20
417434.6479405385
  0
LWPOLYLINE
  5
1B2E
330
1F
100
AcDbEntity
  8
d_line
  6
Continuous
 62
     8
100
AcDbPolyline
 90
        2
 70
     0
 43
0.0
 10
175012.1401289185
 20
417946.4464264046
 42
0.0073528476875554
 10
174953.1464779379
 20
417986.2605263329
  0
LWPOLYLINE
  5
1B2F
330
1F
100
AcDbEntity
  8
d_line
  6
Continuous
 62
     8
100
AcDbPolyline
 90
        2
 70
     0
 43
0.0
 10
174992.0383298005
 20
417911.6983379175
 42
0.0089572909902079
 10
174921.2760716964
 20
417959.2702899685
  0
LWPOLYLINE
  5
1B30
330
1F
100
AcDbEntity
  8
d_line
  6
Continuous
 62
     8
100
AcDbPolyline
 90
        2
 70
     0
 43
0.0
 10
174898.1376409071
 20
417974.0424865264
 10
174899.5048349112
 20
417966.160178454
  0
LWPOLYLINE
  5
1B31
330
1F
100
AcDbEntity
  8
d_line
  6
Continuous
 62
     8
100
AcDbPolyline
 90
        2
 70
     0
 43
0.0
 10
174899.5048349112
 20
417966.160178454
 10
174897.6470531756
 20
417963.7849295943
  0
LWPOLYLINE
  5
1B32
330
1F
100
AcDbEntity
  8
d_line
  6
Continuous
 62
     8
100
AcDbPolyline
 90
        2
 70
     0
 43
0.0
 10
174951.5064522538
 20
417996.1251254503
 10
174953.1464779379
 20
417986.2605263329
  0
LWPOLYLINE
  5
1B33
330
1F
100
AcDbEntity
  8
d_line
  6
Continuous
 62
     8
100
AcDbPolyline
 90
        2
 70
     0
 43
0.0
 10
174951.5064522538
 20
417996.1251254501
 10
174953.3613483242
 20
417998.4966848708
  0
LWPOLYLINE
  5
1B34
330
1F
100
AcDbEntity
  8
d_line
  6
Continuous
 62
     8
100
AcDbPolyline
 90
        2
 70
     0
 43
0.0
 10
174913.3875874971
 20
417957.9391937807
 10
174911.5318612319
 20
417955.5665729224
  0
LWPOLYLINE
  5
1B35
330
1F
100
AcDbEntity
  8
d_line
  6
Continuous
 62
     8
100
AcDbPolyline
 90
        2
 70
     0
 43
0.0
 10
174921.2760716963
 20
417959.2702899685
 10
174913.3875874971
 20
417957.9391937807
  0
LWPOLYLINE
  5
1B36
330
1F
100
AcDbEntity
  8
d_line
  6
Continuous
 62
     8
100
AcDbPolyline
 90
        2
 70
     0
 43
0.0
 10
174992.0383298005
 20
417911.6983379175
 10
174993.5118843397
 20
417901.807501906
  0
LWPOLYLINE
  5
1B37
330
1F
100
AcDbEntity
  8
d_line
  6
Continuous
 62
     8
100
AcDbPolyline
 90
        2
 70
     0
 43
0.0
 10
174991.6609457627
 20
417899.4410023004
 10
174993.5118843397
 20
417901.807501906
  0
LWPOLYLINE
  5
1B38
330
1F
100
AcDbEntity
  8
d_line
  6
Continuous
 62
     8
100
AcDbPolyline
 90
        2
 70
     0
 43
0.0
 10
175022.0299431517
 20
417947.926823126
 10
175012.1401289185
 20
417946.4464264046
  0
LWPOLYLINE
  5
1B39
330
1F
100
AcDbEntity
  8
d_line
  6
Continuous
 62
     8
100
AcDbPolyline
 90
        2
 70
     0
 43
0.0
 10
175022.0299431517
 20
417947.926823126
 10
175023.8810180119
 20
417950.2934969749
  0
LWPOLYLINE
  5
1B3A
330
1F
100
AcDbEntity
  8
d_line
  6
Continuous
 62
     8
100
AcDbPolyline
 90
        2
 70
     0
 43
0.0
 10
175399.7729131388
 20
417625.7583640539
 10
175444.6153388618
 20
417585.0848311379
  0
LWPOLYLINE
  5
1B3B
330
1F
100
AcDbEntity
  8
d_line
  6
Continuous
 62
     8
100
AcDbPolyline
 90
        2
 70
     0
 43
0.0
 10
175444.6153388619
 20
417585.0848311379
 10
175457.7559908662
 20
417569.0073115772
  0
LWPOLYLINE
  5
1B3C
330
1F
100
AcDbEntity
  8
d_line
  6
Continuous
 62
     8
100
AcDbPolyline
 90
        3
 70
     0
 43
0.0
 10
175838.9048799056
 20
417159.9475959063
 10
175753.994856529
 20
417236.9637379864
 10
175737.4654777322
 20
417257.3567278655
  0
LWPOLYLINE
  5
1B3D
330
1F
100
AcDbEntity
  8
d_line
  6
Continuous
 62
     8
100
AcDbPolyline
 90
        2
 70
     0
 43
0.0
 10
175874.5877447979
 20
417132.3073507358
 10
175838.9048799056
 20
417159.9475959061
  0
LWPOLYLINE
  5
1B3E
330
1F
100
AcDbEntity
  8
d_line
  6
Continuous
 62
     8
100
AcDbPolyline
 90
        7
 70
     0
 43
0.0
 10
175060.1291757233
 20
417925.3812747314
 10
175061.5054157587
 20
417915.4764292834
 42
-0.0144288682661923
 10
175171.873707719
 20
417829.5969904687
 10
175208.6504736815
 20
417803.2309626947
 42
-0.0069935592532591
 10
175259.5696280874
 20
417758.3275936384
 10
175294.5118206083
 20
417726.6338929803
 10
175309.7422374691
 20
417707.4191036601
  0
LWPOLYLINE
  5
1B3F
330
1F
100
AcDbEntity
  8
d_line
  6
Continuous
 62
     8
100
AcDbPolyline
 90
        2
 70
     0
 43
0.0
 10
175397.9738066598
 20
417627.3902119168
 10
175399.7729131387
 20
417625.7583640539
  0
LWPOLYLINE
  5
1B40
330
1F
100
AcDbEntity
  8
d_line
  6
Continuous
 62
     8
100
AcDbPolyline
 90
        5
 70
     0
 43
0.0
 10
175769.1328171459
 20
417290.7369647612
 10
175791.0144217597
 20
417276.2899482651
 10
175875.9248064203
 20
417199.2734784886
 10
175906.9048084227
 20
417166.448343672
 10
175941.5674889776
 20
417135.0081694225
  0
LWPOLYLINE
  5
1B41
330
1F
100
AcDbEntity
  8
d_line
  6
Continuous
 62
     8
100
AcDbPolyline
 90
        2
 70
     0
 43
0.0
 10
175874.5877447979
 20
417132.3073507358
 10
175910.1278297659
 20
417100.0713422579
  0
LWPOLYLINE
  5
1B42
330
1F
100
AcDbEntity
  8
d_line
  6
Continuous
 62
     8
100
AcDbPolyline
 90
        2
 70
     0
 43
0.0
 10
174754.1445413201
 20
418057.9110888928
 42
-0.0175092734290014
 10
174898.1376409071
 20
417974.0424865268
  0
LWPOLYLINE
  5
1B43
330
1F
100
AcDbEntity
  8
d_line
  6
Continuous
 62
     8
100
AcDbPolyline
 90
        2
 70
     0
 43
0.0
 10
174919.2721965521
 20
418008.0039778437
 42
0.0164728367728121
 10
174781.679799941
 20
418088.509212266
 42
0.0164728367728121
  0
LWPOLYLINE
  5
1B44
330
1F
100
AcDbEntity
  8
d_line
  6
Continuous
 62
     8
100
AcDbPolyline
 90
        4
 70
     0
 43
0.0
 10
176295.8686372512
 20
419322.2711944567
 10
176311.5274237375
 20
419335.0695858558
 10
176311.9588478304
 20
419335.4793578412
 10
176326.9849473877
 20
419352.0455792858
  0
LWPOLYLINE
  5
1B45
330
1F
100
AcDbEntity
  8
d_line
  6
Continuous
 62
     8
100
AcDbPolyline
 90
        2
 70
     0
 43
0.0
 10
176620.2513582862
 20
417889.1849523746
 10
176380.6156069303
 20
418106.5423424953
  0
LWPOLYLINE
  5
1B46
330
1F
100
AcDbEntity
  8
d_line
  6
Continuous
 62
     8
100
AcDbPolyline
 90
        2
 70
     0
 43
0.0
 10
176923.2069898233
 20
418225.839636392
 10
176646.1104170424
 20
418399.249428683
  0
LWPOLYLINE
  5
1B47
330
1F
100
AcDbEntity
  8
d_line
  6
Continuous
 62
     8
100
AcDbPolyline
 90
        2
 70
     0
 43
0.0
 10
176902.8331198033
 20
418203.1994935465
 10
176625.6335424663
 20
418376.6737471136
  0
LWPOLYLINE
  5
1B48
330
1F
100
AcDbEntity
  8
d_line
  6
Continuous
 62
     8
100
AcDbPolyline
 90
        2
 70
     0
 43
0.0
 10
176511.5504088852
 20
417768.3927307962
 10
176278.9016290885
 20
417979.4127113519
  0
LWPOLYLINE
  5
1B49
330
1F
100
AcDbEntity
  8
d_line
  6
Continuous
 62
     8
100
AcDbPolyline
 90
        2
 70
     0
 43
0.0
 10
174769.3153173489
 20
417749.64321869
 42
0.0262669753356754
 10
174575.4530749986
 20
417859.3430054218
 42
0.0262669753356754
  0
LWPOLYLINE
  5
1B4A
330
1F
100
AcDbEntity
  8
d_line
  6
Continuous
 62
     8
100
AcDbPolyline
 90
        2
 70
     0
 43
0.0
 10
176945.2741003224
 20
418729.076328083
 10
176978.5196071716
 20
418765.729381431
  0
LWPOLYLINE
  5
1B4B
330
1F
100
AcDbEntity
  8
d_line
  6
Continuous
 62
     8
100
AcDbPolyline
 90
        3
 70
     0
 43
0.0
 10
177016.9262075099
 20
418329.9836440692
 10
176957.517191081
 20
418383.8695466814
 10
176944.7187333264
 20
418399.528393354
  0
LWPOLYLINE
  5
1B4C
330
1F
100
AcDbEntity
  8
d_line
  6
Continuous
 62
     8
100
AcDbPolyline
 90
        3
 70
     0
 43
0.0
 10
176786.6695016426
 20
418074.1144985995
 10
176736.1244909368
 20
418119.9604608504
 10
176719.2948246782
 20
418131.1752384568
  0
LWPOLYLINE
  5
1B4D
330
1F
100
AcDbEntity
  8
d_line
  6
Continuous
 62
     8
100
AcDbPolyline
 90
        2
 70
     0
 43
0.0
 10
176804.6768901727
 20
418839.2962075339
 10
176846.0644320162
 20
418884.9258255758
  0
LWPOLYLINE
  5
1B4E
330
1F
100
AcDbEntity
  8
d_line
  6
Continuous
 62
     8
100
AcDbPolyline
 90
        2
 70
     0
 43
0.0
 10
176286.1014262375
 20
419388.8366698529
 10
176113.7902380203
 20
419198.8641962569
  0
LWPOLYLINE
  5
1B4F
330
1F
100
AcDbEntity
  8
d_line
  6
Continuous
 62
     8
100
AcDbPolyline
 90
        3
 70
     0
 43
0.0
 10
176064.2400617517
 20
419208.7058107464
 10
175942.257169226
 20
419319.3482462244
 42
-0.1360881026246006
 10
175920.4148244144
 20
419353.9106108096
 42
-0.1360881026246006
  0
LWPOLYLINE
  5
1B50
330
1F
100
AcDbEntity
  8
d_line
  6
Continuous
 62
     8
100
AcDbPolyline
 90
        3
 70
     0
 43
0.0
 10
176070.0632447537
 20
419234.4757649514
 10
175957.7094330017
 20
419336.3843122082
 42
-0.2107865993522024
 10
175940.1530038973
 20
419375.8443525368
 42
-0.2107865993522024
  0
LWPOLYLINE
  5
1B51
330
1F
100
AcDbEntity
  8
d_line
  6
Continuous
 62
     8
100
AcDbPolyline
 90
        2
 70
     0
 43
0.0
 10
175415.7320327595
 20
418704.2821910385
 42
0.0100404285045955
 10
175370.9321193352
 20
418743.3065909639
 42
0.0100404285045955
  0
LWPOLYLINE
  5
1B52
330
1F
100
AcDbEntity
  8
d_line
  6
Continuous
 62
     8
100
AcDbPolyline
 90
        2
 70
     0
 43
0.0
 10
175669.6828178522
 20
419075.2886092512
 10
175743.8508552056
 20
419087.3800915732
  0
LWPOLYLINE
  5
1B53
330
1F
100
AcDbEntity
  8
d_line
  6
Continuous
 62
     8
100
AcDbPolyline
 90
        2
 70
     0
 43
0.0
 10
176061.9553201273
 20
417279.4147780171
 10
176080.9083113116
 20
417289.8484682332
  0
LWPOLYLINE
  5
1B54
330
1F
100
AcDbEntity
  8
d_line
  6
Continuous
 62
     8
100
AcDbPolyline
 90
        2
 70
     0
 43
0.0
 10
175009.9527100624
 20
418342.1738958922
 10
175014.7135064816
 20
418343.0282263838
  0
LWPOLYLINE
  5
1B55
330
1F
100
AcDbEntity
  8
d_line
  6
Continuous
 62
     8
100
AcDbPolyline
 90
        3
 70
     0
 43
0.0
 10
175009.9527100623
 20
418342.1738958922
 10
175014.7135064816
 20
418343.0282263837
 10
175028.1087202825
 20
418362.3494768929
  0
LWPOLYLINE
  5
1B56
330
1F
100
AcDbEntity
  8
d_line
  6
Continuous
 62
     8
100
AcDbPolyline
 90
        2
 70
     0
 43
0.0
 10
175181.9294786898
 20
418372.9752772631
 42
0.0112934579128991
 10
175096.7336096304
 20
418438.6078066091
 42
0.0112934579128991
  0
LWPOLYLINE
  5
1B57
330
1F
100
AcDbEntity
  8
d_line
  6
Continuous
 62
     8
100
AcDbPolyline
 90
        2
 70
     0
 43
0.0
 10
174940.0350599189
 20
418188.9516031046
 10
174900.1447294614
 20
418220.1515032923
  0
LWPOLYLINE
  5
1B58
330
1F
100
AcDbEntity
  8
d_line
  6
Continuous
 62
     8
100
AcDbPolyline
 90
        2
 70
     0
 43
0.0
 10
175074.1708095078
 20
418412.9931539904
 10
175075.807743196
 20
418415.3542664239
  0
LWPOLYLINE
  5
1B59
330
1F
100
AcDbEntity
  8
d_line
  6
Continuous
 62
     8
100
AcDbPolyline
 90
        2
 70
     0
 43
0.0
 10
175039.6581340591
 20
418278.9653650444
 10
174986.4800503356
 20
418316.0902716887
  0
LWPOLYLINE
  5
1B5A
330
1F
100
AcDbEntity
  8
d_line
  6
Continuous
 62
     8
100
AcDbPolyline
 90
        2
 70
     0
 43
0.0
 10
175133.4191612282
 20
418240.3393019828
 10
175001.3089405262
 20
418332.5686428486
  0
LWPOLYLINE
  5
1B5B
330
1F
100
AcDbEntity
  8
d_line
  6
Continuous
 62
     8
100
AcDbPolyline
 90
        2
 70
     0
 43
0.0
 10
174926.3369908793
 20
418174.2745255158
 10
174886.7343403532
 20
418205.2494191657
  0
LWPOLYLINE
  5
1B5C
330
1F
100
AcDbEntity
  8
d_line
  6
Continuous
 62
     8
100
AcDbPolyline
 90
        4
 70
     0
 43
0.0
 10
175012.6987594628
 20
418232.1125404574
 10
174988.9029861784
 20
418265.5162919429
 42
0.0721400066901084
 10
174971.6429496218
 20
418283.5670325607
 10
174963.1735582701
 20
418290.1912986871
  0
LWPOLYLINE
  5
1B5D
330
1F
100
AcDbEntity
  8
d_line
  6
Continuous
 62
     8
100
AcDbPolyline
 90
        4
 70
     0
 43
0.0
 10
175050.5807747782
 20
418141.017247505
 10
174970.9846142669
 20
418252.7518120067
 42
0.072140006690026
 10
174958.0891846557
 20
418266.2379975256
 10
174948.422130251
 20
418273.7990061479
  0
LWPOLYLINE
  5
1B5E
330
1F
100
AcDbEntity
  8
d_line
  6
Continuous
 62
     8
100
AcDbPolyline
 90
        4
 70
     0
 43
0.0
 10
174981.2147896262
 20
418217.7086226999
 10
174961.2109568607
 20
418245.7893684051
 42
0.0721400066901092
 10
174950.6962219468
 20
418256.7857965974
 10
174940.3758967861
 20
418264.857755672
  0
LWPOLYLINE
  5
1B5F
330
1F
100
AcDbEntity
  8
d_line
  6
Continuous
 62
     8
100
AcDbPolyline
 90
        2
 70
     0
 43
0.0
 10
174951.062532433
 20
418195.5611015067
 10
174908.1909629264
 20
418229.0927537683
  0
LWPOLYLINE
  5
1B60
330
1F
100
AcDbEntity
  8
d_line
  6
Continuous
 62
     8
100
AcDbPolyline
 90
        2
 70
     0
 43
0.0
 10
175073.9888390193
 20
418413.3330377452
 10
175163.6588099389
 20
418343.9267660889
  0
LWPOLYLINE
  5
1B61
330
1F
100
AcDbEntity
  8
d_line
  6
Continuous
 62
     8
100
AcDbPolyline
 90
        2
 70
     0
 43
0.0
 10
175125.165560837
 20
418402.3012399122
 42
0.0048127408461745
 10
175088.6668783649
 20
418429.6437782746
 42
0.0048127408461745
  0
LWPOLYLINE
  5
1B62
330
1F
100
AcDbEntity
  8
d_line
  6
Continuous
 62
     8
100
AcDbPolyline
 90
        2
 70
     0
 43
0.0
 10
176041.8061123255
 20
417246.396764176
 10
176032.9875217166
 20
417258.6378645617
  0
LWPOLYLINE
  5
1B63
330
1F
100
AcDbEntity
  8
d_line
  6
Continuous
 62
     8
100
AcDbPolyline
 90
        2
 70
     0
 43
0.0
 10
176213.8770397536
 20
417437.607877856
 10
176192.5143922793
 20
417456.9844912154
  0
LWPOLYLINE
  5
1B64
330
1F
100
AcDbEntity
  8
d_line
  6
Continuous
 62
     8
100
AcDbPolyline
 90
        2
 70
     0
 43
0.0
 10
176142.0734958186
 20
417357.8173181885
 10
176115.1611027819
 20
417382.227730572
  0
LWPOLYLINE
  5
1B65
330
1F
100
AcDbEntity
  8
d_line
  6
Continuous
 62
     8
100
AcDbPolyline
 90
        2
 70
     0
 43
0.0
 10
176122.0056282366
 20
417335.517215743
 10
175991.5426468417
 20
417453.8513665662
  0
LWPOLYLINE
  5
1B66
330
1F
100
AcDbEntity
  8
d_line
  6
Continuous
 62
     8
100
AcDbPolyline
 90
        3
 70
     0
 43
0.0
 10
176160.8982776142
 20
417424.2328302886
 10
176177.8492207827
 20
417408.8577756637
 42
-0.0323705931984345
 10
176183.1134200642
 20
417403.4222889853
 42
-0.0323705931984345
  0
LWPOLYLINE
  5
1B67
330
1F
100
AcDbEntity
  8
d_line
  6
Continuous
 62
     8
100
AcDbPolyline
 90
        3
 70
     0
 43
0.0
 10
175934.6744682287
 20
417606.4738463791
 10
176166.4279823396
 20
417396.2659008064
 42
-0.0461894847761877
 10
176171.5971874822
 20
417390.6250565285
 42
-0.0461894847761877
  0
LWPOLYLINE
  5
1B68
330
1F
100
AcDbEntity
  8
d_line
  6
Continuous
 62
     8
100
AcDbPolyline
 90
       11
 70
     0
 43
0.0
 10
174796.4617897653
 20
417135.942825459
 10
174901.9270338166
 20
417135.942825459
 42
0.0659243818448896
 10
175032.0691201917
 20
417153.1767979116
 10
175307.2638612289
 20
417227.3626679155
 42
-0.0479992186152027
 10
175401.7029183429
 20
417243.3203050384
 10
175547.0342304099
 20
417253.7243994365
 42
-0.2931221607796406
 10
175641.85034098
 20
417202.073386181
 10
175642.7294151094
 20
417200.4708220937
 42
-0.149055939194055
 10
175673.7796432957
 20
417090.171316413
 42
0.190540222181686
 10
175720.0703929408
 20
416965.3146126652
 10
175754.4254196525
 20
416927.0494861812
  0
LWPOLYLINE
  5
1B69
330
1F
100
AcDbEntity
  8
d_line
  6
Continuous
 62
     8
100
AcDbPolyline
 90
        2
 70
     0
 43
0.0
 10
175904.4419339509
 20
417093.7529798982
 10
175509.4801545601
 20
417451.9961096023
  0
LWPOLYLINE
  5
1B6A
330
1F
100
AcDbEntity
  8
d_line
  6
Continuous
 62
     8
100
AcDbPolyline
 90
        2
 70
     0
 43
0.0
 10
175947.2533847925
 20
417141.326531782
 10
175806.1670014353
 20
417269.296452341
  0
LWPOLYLINE
  5
1B6B
330
1F
100
AcDbEntity
  8
d_line
  6
Continuous
 62
     8
100
AcDbPolyline
 90
        3
 70
     0
 43
0.0
 10
176735.5755535847
 20
418065.1051657878
 10
176748.3740113386
 20
418049.4463191152
 10
176757.2366073472
 20
418041.407657408
  0
LWPOLYLINE
  5
1B6C
330
1F
100
AcDbEntity
  8
d_line
  6
Continuous
 62
     8
100
AcDbPolyline
 90
        2
 70
     0
 43
0.0
 10
175780.5670060534
 20
419198.5069206324
 42
-0.1181166691624784
 10
175859.557775056
 20
419136.3536984852
  0
LWPOLYLINE
  5
1B6D
330
1F
100
AcDbEntity
  8
d_line
  6
Continuous
 62
     8
100
AcDbPolyline
 90
        2
 70
     0
 43
0.0
 10
175267.6371697125
 20
418628.5217016735
 10
175279.9280774893
 20
418628.5217016735
  0
LWPOLYLINE
  5
1B6E
330
1F
100
AcDbEntity
  8
d_line
  6
Continuous
 62
     8
100
AcDbPolyline
 90
        2
 70
     0
 43
0.0
 10
175215.5387600889
 20
418570.6281628056
 10
175253.9280774893
 20
418570.6281628056
  0
LWPOLYLINE
  5
1B6F
330
1F
100
AcDbEntity
  8
d_line
  6
Continuous
 62
     8
100
AcDbPolyline
 90
        2
 70
     0
 43
0.0
 10
175197.5407552536
 20
418550.6281628057
 10
175274.2712232398
 20
418550.6281628057
  0
LWPOLYLINE
  5
1B70
330
1F
100
AcDbEntity
  8
d_line
  6
Continuous
 62
     8
100
AcDbPolyline
 90
        2
 70
     0
 43
0.0
 10
175172.6112191174
 20
418522.9256075897
 10
175189.788793342
 20
418509.4903064745
  0
LWPOLYLINE
  5
1B71
330
1F
100
AcDbEntity
  8
d_line
  6
Continuous
 62
     8
100
AcDbPolyline
 90
        2
 70
     0
 43
0.0
 10
175165.9060245633
 20
418515.4745655263
 10
175184.3568233713
 20
418501.0434220738
  0
LWPOLYLINE
  5
1B72
330
1F
100
AcDbEntity
  8
d_line
  6
Continuous
 62
     8
100
AcDbPolyline
 90
        2
 70
     0
 43
0.0
 10
175186.7419523525
 20
418538.6281628057
 10
175192.3925435834
 20
418538.6281628057
  0
LWPOLYLINE
  5
1B73
330
1F
100
AcDbEntity
  8
d_line
  6
Continuous
 62
     8
100
AcDbPolyline
 90
        2
 70
     0
 43
0.0
 10
175279.9280774893
 20
418642.1797797652
 10
175279.9280774893
 20
418556.285017055
  0
LWPOLYLINE
  5
1B74
330
1F
100
AcDbEntity
  8
d_line
  6
Continuous
 62
     8
100
AcDbPolyline
 90
        3
 70
     0
 43
0.0
 10
175347.7452766269
 20
418717.5405764297
 42
0.1245554423626388
 10
175334.9280774893
 20
418666.8870195699
 10
175334.9280774893
 20
418664.0135094502
  0
LWPOLYLINE
  5
1B75
330
1F
100
AcDbEntity
  8
d_line
  6
Continuous
 62
     8
100
AcDbPolyline
 90
        3
 70
     0
 43
0.0
 10
175302.9307108867
 20
418667.7410945978
 42
0.0015416626671161
 10
175302.9280774893
 20
418666.8870195699
 10
175302.9280774893
 20
418666.107234945
  0
LWPOLYLINE
  5
1B76
330
1F
100
AcDbEntity
  8
d_line
  6
Continuous
 62
     8
100
AcDbPolyline
 90
        2
 70
     0
 43
0.0
 10
174559.4812531835
 20
417841.5945694576
 42
-0.0271868749637858
 10
174758.0823198064
 20
417729.5277052421
  0
LWPOLYLINE
  5
1B77
330
1F
100
AcDbEntity
  8
d_line
  6
Continuous
 62
     8
100
AcDbPolyline
 90
        5
 70
     0
 43
0.0
 10
175732.2329024209
 20
419144.7964076339
 42
-0.2817796887606832
 10
175770.5922074711
 20
418975.2200856182
 42
-0.1944707270516472
 10
175777.4377543824
 20
418956.1755566097
 10
175791.0857840954
 20
418949.0864812689
 42
-0.0579302293063963
 10
175850.6707699344
 20
418908.7759163218
  0
LWPOLYLINE
  5
1B78
330
1F
100
AcDbEntity
  8
d_line
  6
Continuous
 62
     8
100
AcDbPolyline
 90
        2
 70
     0
 43
0.0
 10
175137.2856627779
 20
418483.6706383162
 10
175155.2752568998
 20
418469.600222388
  0
LWPOLYLINE
  5
1B79
330
1F
100
AcDbEntity
  8
d_line
  6
Continuous
 62
     8
100
AcDbPolyline
 90
        5
 70
     0
 43
0.0
 10
175515.1882285572
 20
418678.971839905
 10
175539.2580260632
 20
418705.5087062478
 42
0.1387627556361881
 10
175557.9080960204
 20
418743.0643760182
 42
-0.2298949006095017
 10
175542.1494090088
 20
418760.6082639756
 42
-0.2226069255330177
 10
175452.81563393
 20
418834.2983596011
 42
-0.2226069255330177
  0
LWPOLYLINE
  5
1B7A
330
1F
100
AcDbEntity
  8
d_line
  6
Continuous
 62
     8
100
AcDbPolyline
 90
        3
 70
     0
 43
0.0
 10
175325.9017591624
 20
418693.2673109601
 42
0.0561838915546922
 10
175322.9280774893
 20
418666.8870195699
 10
175322.9280774893
 20
418664.0572355796
  0
LWPOLYLINE
  5
1B7B
330
1F
100
AcDbEntity
  8
d_line
  6
Continuous
 62
     8
100
AcDbPolyline
 90
        5
 70
     0
 43
0.0
 10
175676.8626031883
 20
418840.4909343346
 42
-0.2422419862889872
 10
175592.0989083298
 20
418780.4361688395
 42
0.5663154466489333
 10
175545.8849462687
 20
418783.4152013342
 42
-0.2368826898682597
 10
175470.3447754984
 20
418851.7026010031
 10
175469.7817437258
 20
418853.1516824567
  0
LWPOLYLINE
  5
1B7C
330
1F
100
AcDbEntity
  8
d_line
  6
Continuous
 62
     8
100
AcDbPolyline
 90
        3
 70
     0
 43
0.0
 10
175505.2000901745
 20
418678.4849193482
 10
175443.2773725346
 20
418734.6508304002
 42
0.0097960443864522
 10
175398.3755205024
 20
418773.802639185
 42
0.0097960443864522
  0
LWPOLYLINE
  5
1B7D
330
1F
100
AcDbEntity
  8
d_line
  6
Continuous
 62
     8
100
AcDbPolyline
 90
        4
 70
     0
 43
0.0
 10
174662.8008973047
 20
417813.2340114138
 10
174661.7569146932
 20
417834.484548227
 42
-0.1382718184372171
 10
174692.7552164129
 20
417983.2483817135
 10
174700.7266139793
 20
417998.5512567005
  0
LWPOLYLINE
  5
1B7E
330
1F
100
AcDbEntity
  8
d_line
  6
Continuous
 62
     8
100
AcDbPolyline
 90
        2
 70
     0
 43
0.0
 10
175376.4333740077
 20
418726.8760560304
 42
0.0025650340029818
 10
175364.9078271561
 20
418736.6121909628
 42
0.0025650340029818
  0
LWPOLYLINE
  5
1B7F
330
1F
100
AcDbEntity
  8
d_line
  6
Continuous
 62
     8
100
AcDbPolyline
 90
        2
 70
     0
 43
0.0
 10
175129.239429313
 20
418474.7293878404
 10
175163.1609841369
 20
418448.1979173654
  0
LWPOLYLINE
  5
1B80
330
1F
100
AcDbEntity
  8
d_line
  6
Continuous
 62
     8
100
AcDbPolyline
 90
        2
 70
     0
 43
0.0
 10
175422.0623951994
 20
418765.4589617642
 42
0.0037916893705887
 10
175404.3995558444
 20
418780.4967537798
 42
0.0037916893705887
  0
LWPOLYLINE
  5
1B81
330
1F
100
AcDbEntity
  8
d_line
  6
Continuous
 62
     8
100
AcDbPolyline
 90
        4
 70
     0
 43
0.0
 10
175716.8083788094
 20
419127.6561481965
 42
-0.2757419719862875
 10
175749.3427570666
 20
418984.2073500169
 42
0.6066616040414146
 10
175728.9926965243
 20
418940.8528332491
 10
175676.8625908415
 20
418840.4909105645
  0
LWPOLYLINE
  5
1B82
330
1F
100
AcDbEntity
  8
d_line
  6
Continuous
 62
     8
100
AcDbPolyline
 90
        3
 70
     0
 43
0.0
 10
174652.8249473744
 20
417818.7656907847
 10
174651.7809647629
 20
417833.7914227066
 42
-0.1215441291452727
 10
174675.6337890808
 20
417970.6672494139
 42
-0.1215441291452727
  0
LWPOLYLINE
  5
1B83
330
1F
100
AcDbEntity
  8
d_line
  6
Continuous
 62
     8
100
AcDbPolyline
 90
        2
 70
     0
 43
0.0
 10
175014.7135064815
 20
418343.0282263838
 10
175028.1087202817
 20
418362.3494768921
  0
LWPOLYLINE
  5
1B84
330
1F
100
AcDbEntity
  8
d_line
  6
Continuous
 62
     8
100
AcDbPolyline
 90
        2
 70
     0
 43
0.0
 10
175205.2519839326
 20
418402.9842448057
 42
0.0108316484210023
 10
175122.2756448498
 20
418466.9909918047
 42
0.0108316484210023
  0
LWPOLYLINE
  5
1B85
330
1F
100
AcDbEntity
  8
d_line
  6
Continuous
 62
     8
100
AcDbPolyline
 90
        2
 70
     0
 43
0.0
 10
174596.1196281729
 20
417848.9002352386
 42
-0.0252511832570936
 10
174597.3738047609
 20
417883.7020718439
 42
-0.0252511832570936
  0
LWPOLYLINE
  5
1B86
330
1F
100
AcDbEntity
  8
d_line
  6
Continuous
 62
     8
100
AcDbPolyline
 90
        3
 70
     0
 43
0.0
 10
174631.9896139835
 20
417830.0944363814
 10
174631.8290649021
 20
417832.4051716653
 42
-0.0815217689715525
 10
174641.1861901686
 20
417932.3878965326
 42
-0.0815217689715525
  0
LWPOLYLINE
  5
1B87
330
1F
100
AcDbEntity
  8
d_line
  6
Continuous
 62
     8
100
AcDbPolyline
 90
        9
 70
     0
 43
0.0
 10
174186.3355839226
 20
417426.9423091902
 42
-0.0929622634838326
 10
174223.5393071111
 20
417409.0951833748
 42
0.0309506903594693
 10
174360.6849091176
 20
417321.0348513729
 42
0.44476528161135
 10
174501.2888954782
 20
417368.8920424097
 42
-0.062445210834426
 10
174537.7950411314
 20
417431.1307545898
 42
-0.0021391844920153
 10
174539.8056276113
 20
417433.7241587021
 10
174560.6471228768
 20
417460.3708507868
 42
0.1853614163397655
 10
174615.2241342884
 20
417638.5729730122
 10
174602.645141023
 20
417819.6186902169
  0
LWPOLYLINE
  5
1B88
330
1F
100
AcDbEntity
  8
d_line
  6
Continuous
 62
     8
100
AcDbPolyline
 90
        6
 70
     0
 43
0.0
 10
176292.7914569712
 20
419382.8163095782
 10
176270.9679714419
 20
419358.7559942186
 10
176259.7533158952
 20
419341.9265111315
 10
176193.6373491657
 20
419269.0338924122
 10
176177.9761886033
 20
419256.232883603
 10
176125.207133623
 20
419198.0551877279
  0
LWPOLYLINE
  5
1B89
330
1F
100
AcDbEntity
  8
d_line
  6
Continuous
 62
     8
100
AcDbPolyline
 90
        2
 70
     0
 43
0.0
 10
176481.4486075123
 20
417734.9425771281
 10
176461.2494144387
 20
417753.2638996528
  0
LWPOLYLINE
  5
1B8A
330
1F
100
AcDbEntity
  8
d_line
  6
Continuous
 62
     8
100
AcDbPolyline
 90
        2
 70
     0
 43
0.0
 10
176651.451437951
 20
419060.0581059849
 10
176617.703184789
 20
419022.8507766106
  0
LWPOLYLINE
  5
1B8B
330
1F
100
AcDbEntity
  8
d_line
  6
Continuous
 62
     8
100
AcDbPolyline
 90
        2
 70
     0
 43
0.0
 10
176510.9607925628
 20
419186.4856717347
 10
176473.2865856636
 20
419144.9499923083
  0
LWPOLYLINE
  5
1B8C
330
1F
100
AcDbEntity
  8
d_line
  6
Continuous
 62
     8
100
AcDbPolyline
 90
        2
 70
     0
 43
0.0
 10
176489.4040268656
 20
419205.8846103972
 10
176445.0879529996
 20
419157.0262962073
  0
LWPOLYLINE
  5
1B8D
330
1F
100
AcDbEntity
  8
d_line
  6
Continuous
 62
     8
100
AcDbPolyline
 90
        2
 70
     0
 43
0.0
 10
176918.4202923548
 20
418742.6352964361
 10
176956.9628414744
 20
418785.1283200936
  0
LWPOLYLINE
  5
1B8E
330
1F
100
AcDbEntity
  8
d_line
  6
Continuous
 62
     8
100
AcDbPolyline
 90
        4
 70
     0
 43
0.0
 10
177106.8697917429
 20
418650.2270193053
 10
177076.1447838007
 20
418569.5871132856
 42
-0.0934337908380775
 10
177035.4531324269
 20
418503.2709638356
 10
176968.4032436016
 20
418429.3486993042
  0
LWPOLYLINE
  5
1B8F
330
1F
100
AcDbEntity
  8
d_line
  6
Continuous
 62
     8
100
AcDbPolyline
 90
        4
 70
     0
 43
0.0
 10
177090.9319430005
 20
418664.5694932418
 10
177057.4554180098
 20
418576.7080406367
 42
-0.0934337908381086
 10
177020.639162005
 20
418516.7077149436
 10
176953.5892731798
 20
418442.7854504122
  0
LWPOLYLINE
  5
1B90
330
1F
100
AcDbEntity
  8
d_line
  6
Continuous
 62
     8
100
AcDbPolyline
 90
        2
 70
     0
 43
0.0
 10
176811.7981465103
 20
418571.3945959994
 10
177044.3522932054
 20
418360.4604507448
  0
LWPOLYLINE
  5
1B91
330
1F
100
AcDbEntity
  8
d_line
  6
Continuous
 62
     8
100
AcDbPolyline
 90
        2
 70
     0
 43
0.0
 10
176640.3192258682
 20
417911.48505482
 10
176614.462256593
 20
417934.9381636582
  0
LWPOLYLINE
  5
1B92
330
1F
100
AcDbEntity
  8
d_line
  6
Continuous
 62
     8
100
AcDbPolyline
 90
        2
 70
     0
 43
0.0
 10
176243.9788411265
 20
417471.0580315243
 10
176224.9691778348
 20
417488.3004119988
  0
LWPOLYLINE
  5
1B93
330
1F
100
AcDbEntity
  8
d_line
  6
Continuous
 62
     8
100
AcDbPolyline
 90
        2
 70
     0
 43
0.0
 10
176252.0059881593
 20
417479.9780725024
 10
176227.7936990296
 20
417501.939403165
  0
LWPOLYLINE
  5
1B94
330
1F
100
AcDbEntity
  8
d_line
  6
Continuous
 62
     8
100
AcDbPolyline
 90
        2
 70
     0
 43
0.0
 10
176591.9844980964
 20
419113.5724195365
 10
176535.4418110989
 20
419051.2343077323
  0
LWPOLYLINE
  5
1B95
330
1F
100
AcDbEntity
  8
d_line
  6
Continuous
 62
     8
100
AcDbPolyline
 90
        2
 70
     0
 43
0.0
 10
176603.8778860673
 20
419102.8695568262
 10
176558.2054034472
 20
419052.5158067811
  0
LWPOLYLINE
  5
1B96
330
1F
100
AcDbEntity
  8
d_line
  6
Continuous
 62
     8
100
AcDbPolyline
 90
        2
 70
     0
 43
0.0
 10
176629.8946722536
 20
419079.4570446473
 10
176584.1298516841
 20
419029.0014923404
  0
LWPOLYLINE
  5
1B97
330
1F
100
AcDbEntity
  8
d_line
  6
Continuous
 62
     8
100
AcDbPolyline
 90
        4
 70
     0
 43
0.0
 10
176525.8275275264
 20
419173.1070933466
 10
176496.3931449539
 20
419140.6557910029
 42
0.414213562379828
 10
176499.1475835765
 20
419084.1543479421
 10
176570.0749179901
 20
419019.8209577515
  0
LWPOLYLINE
  5
1B98
330
1F
100
AcDbEntity
  8
d_line
  6
Continuous
 62
     8
100
AcDbPolyline
 90
        2
 70
     0
 43
0.0
 10
176333.6749781213
 20
419346.0252190113
 10
176164.0046500024
 20
419158.9642843033
  0
LWPOLYLINE
  5
1B99
330
1F
100
AcDbEntity
  8
d_line
  6
Continuous
 62
     8
100
AcDbPolyline
 90
       10
 70
     0
 43
0.0
 10
174580.0348521832
 20
417072.6522425017
 10
174580.3742279055
 20
417076.5622057432
 10
174576.8498526748
 20
417096.3313427813
 10
174564.7577537582
 20
417115.3560936018
 10
174563.1262477141
 20
417135.2896880601
 10
174563.1736319307
 20
417137.9289475895
 10
174547.6
 20
417152.04
 10
174531.9682004
 20
417166.0638706747
 10
174527.5602319479
 20
417132.1996196918
 10
174522.4665564224
 20
417124.4579657745
  0
LWPOLYLINE
  5
1B9A
330
1F
100
AcDbEntity
  8
d_line
  6
Continuous
 62
     8
100
AcDbPolyline
 90
        2
 70
     0
 43
0.0
 10
176941.1961871748
 20
418732.0227185405
 10
176974.8029234308
 20
418769.074026028
  0
LWPOLYLINE
  5
1B9B
330
1F
100
AcDbEntity
  8
d_line
  6
Continuous
 62
     8
100
AcDbPolyline
 90
        2
 70
     0
 43
0.0
 10
176943.1732023014
 20
418730.4812330859
 10
176976.6612653012
 20
418767.4017037294
  0
LWPOLYLINE
  5
1B9C
330
1F
100
AcDbEntity
  8
d_line
  6
Continuous
 62
     8
100
AcDbPolyline
 90
        3
 70
     0
 43
0.0
 10
176762.9225250036
 20
418047.7260440386
 10
176754.5542229762
 20
418055.3163650909
 10
176741.7203658198
 20
418071.0185227487
  0
LWPOLYLINE
  5
1B9D
330
1F
100
AcDbEntity
  8
d_line
  6
Continuous
 62
     8
100
AcDbPolyline
 90
        3
 70
     0
 43
0.0
 10
176763.4242216931
 20
418048.2835465997
 10
176755.099533673
 20
418055.8343083345
 10
176742.3010759218
 20
418071.4931550038
  0
LWPOLYLINE
  5
1B9E
330
1F
100
AcDbEntity
  8
d_line
  6
Continuous
 62
     8
100
AcDbPolyline
 90
        3
 70
     0
 43
0.0
 10
176738.8474414999
 20
418068.2128478053
 10
176751.6458992597
 20
418052.5540011255
 10
176760.246809326
 20
418044.7526970458
  0
LWPOLYLINE
  5
1B9F
330
1F
100
AcDbEntity
  8
d_line
  6
Continuous
 62
     8
100
AcDbPolyline
 90
        3
 70
     0
 43
0.0
 10
176741.0286842931
 20
418070.2846207721
 10
176753.827142047
 20
418054.6257740995
 10
176762.2535960842
 20
418046.9827072903
  0
LWPOLYLINE
  5
1BA0
330
1F
100
AcDbEntity
  8
d_line
  6
Continuous
 62
     8
100
AcDbPolyline
 90
        3
 70
   128
 43
0.0
 10
176173.2979135235
 20
417392.5149616115
 42
0.0434762696860715
 10
176168.1075762283
 20
417398.1176471088
 10
175936.9785789278
 20
417607.7591357016
  0
LWPOLYLINE
  5
1BA1
330
1F
100
AcDbEntity
  8
d_line
  6
Continuous
 62
     8
100
AcDbPolyline
 90
        7
 70
   128
 43
0.0
 10
176217.8906132699
 20
417442.067898345
 10
176198.3445240919
 20
417459.7968344772
 42
0.4142135624029263
 10
176177.1564829433
 20
417458.763919993
 10
176159.0168689479
 20
417438.7650599238
 42
0.4142135623421627
 10
176159.8432005353
 20
417421.8146270066
 10
176176.169626894
 20
417407.0060293611
 42
-0.0338701732645904
 10
176181.4254493809
 20
417401.5465580935
 42
-0.0338701732645904
  0
LWPOLYLINE
  5
1BA2
330
1F
100
AcDbEntity
  8
d_line
  6
Continuous
 62
     8
100
AcDbPolyline
 90
        3
 70
   128
 43
0.0
 10
176033.7707713569
 20
417239.940867411
 10
176036.9416523071
 20
417242.2154450851
 42
-0.0538472227290073
 10
176039.1849794014
 20
417243.48407141
 42
-0.0538472227290073
  0
LWPOLYLINE
  5
1BA3
330
1F
100
AcDbEntity
  8
d_line
  6
Continuous
 62
     8
100
AcDbPolyline
 90
        2
 70
     0
 43
0.0
 10
176763.4242216932
 20
418048.2835465997
 10
176755.0995336732
 20
418055.8343083344
  0
LWPOLYLINE
  5
1BA4
330
1F
100
AcDbEntity
  8
d_line
  6
Continuous
 62
     8
100
AcDbPolyline
 90
        2
 70
   128
 43
0.0
 10
176754.5542229762
 20
418055.3163650909
 10
176762.9225250036
 20
418047.7260440386
  0
LWPOLYLINE
  5
1BA5
330
1F
100
AcDbEntity
  8
d_line
  6
Continuous
 62
     8
100
AcDbPolyline
 90
       10
 70
   128
 43
0.0
 10
175917.7051490944
 20
417453.293521294
 10
175915.8575958177
 20
417451.2566003624
 42
0.4142135623959077
 10
175916.6839274037
 20
417434.3061674437
 10
175942.7094941976
 20
417410.7001351939
 42
-0.0036557606348207
 10
175948.201965229
 20
417405.6445994872
 10
175960.3594114611
 20
417389.6551969264
 42
-0.0402669184836572
 10
176012.932060537
 20
417327.2354047234
 10
176046.5010227347
 20
417280.1626395105
 42
0.3805593780286402
 10
176062.0582551258
 20
417276.6176590871
 10
176075.8189070813
 20
417284.192947772
  0
LWPOLYLINE
  5
1BA6
330
1F
100
AcDbEntity
  8
d_line
  6
Continuous
 62
     8
100
AcDbPolyline
 90
        8
 70
   128
 43
0.0
 10
176373.7072866563
 20
417646.8077240555
 10
176370.5593179404
 20
417649.6630336678
 42
-0.4142135623462254
 10
176369.732986353
 20
417666.613466585
 10
176392.4628869502
 20
417691.6731013458
 10
176403.677542495
 20
417708.5025844339
 10
176446.563342658
 20
417755.7840269514
 42
-0.4142135624033167
 10
176467.7513838066
 20
417756.8169414358
 10
176486.131109948
 20
417740.1459343653
  0
LWPOLYLINE
  5
1BA7
330
1F
100
AcDbEntity
  8
d_line
  6
Continuous
 62
     8
100
AcDbPolyline
 90
        6
 70
   128
 43
0.0
 10
176239.9652676101
 20
417466.5980110351
 10
176222.7372589809
 20
417482.2243730092
 42
-0.414213562342153
 10
176221.7043444966
 20
417503.4124141556
 10
176267.0533794909
 20
417553.4095643347
 42
-0.4142135623986959
 10
176284.0038124096
 20
417554.2358959224
 10
176287.1517811232
 20
417551.3805863125
  0
LWPOLYLINE
  5
1BA8
330
1F
100
AcDbEntity
  8
d_line
  6
Continuous
 62
     8
100
AcDbPolyline
 90
        3
 70
   128
 43
0.0
 10
176506.8679064494
 20
417763.1893735589
 10
176488.5783480171
 20
417779.7785955962
 42
-0.414213562372999
 10
176487.5454335339
 20
417800.9666367437
  0
LWPOLYLINE
  5
1BA9
330
1F
100
AcDbEntity
  8
d_line
  6
Continuous
 62
     8
100
AcDbPolyline
 90
        2
 70
   128
 43
0.0
 10
176506.5007720737
 20
419190.4992452511
 10
176468.5417493596
 20
419148.6495573992
  0
LWPOLYLINE
  5
1BAA
330
1F
100
AcDbEntity
  8
d_line
  6
Continuous
 62
     8
100
AcDbPolyline
 90
        2
 70
     0
 43
0.0
 10
176507.2441088219
 20
419189.8303163317
 10
176469.3325554102
 20
419148.0329632173
  0
LWPOLYLINE
  5
1BAB
330
1F
100
AcDbEntity
  8
d_line
  6
Continuous
 62
     8
100
AcDbPolyline
 90
        2
 70
   128
 43
0.0
 10
176509.1024506923
 20
419188.1579940331
 10
176471.3095705369
 20
419146.4914777628
  0
LWPOLYLINE
  5
1BAC
330
1F
100
AcDbEntity
  8
d_line
  6
Continuous
 62
     8
100
AcDbPolyline
 90
        6
 70
   128
 43
0.0
 10
176493.8640473545
 20
419201.8710368809
 10
176449.2314989473
 20
419152.663810632
 10
176433.5726522753
 20
419139.8653528785
 10
176416.636059213
 20
419121.1928191235
 42
-0.4142135623814926
 10
176399.6856262947
 20
419120.3664875373
 10
176393.0193396051
 20
419126.4130255373
  0
LWPOLYLINE
  5
1BAD
330
1F
100
AcDbEntity
  8
d_line
  6
Continuous
 62
     8
100
AcDbPolyline
 90
        4
 70
     0
 43
0.0
 10
176493.1207106064
 20
419202.5399658002
 10
176448.5409079559
 20
419153.3908915611
 10
176432.8820612839
 20
419140.5924338075
 10
176418.95430529
 20
419125.2371322444
  0
LWPOLYLINE
  5
1BAE
330
1F
100
AcDbEntity
  8
d_line
  6
Continuous
 62
     8
100
AcDbPolyline
 90
        4
 70
   128
 43
0.0
 10
176491.2623687359
 20
419204.2122880988
 10
176446.8144304776
 20
419155.208593884
 10
176431.1555838055
 20
419142.4101361304
 10
176417.1025589874
 20
419126.9167261331
  0
LWPOLYLINE
  5
1BAF
330
1F
100
AcDbEntity
  8
d_line
  6
Continuous
 62
     8
100
AcDbPolyline
 90
        2
 70
   128
 43
0.0
 10
176971.4777151838
 20
418417.1095153249
 10
177039.6697907679
 20
418355.2570935057
  0
LWPOLYLINE
  5
1BB0
330
1F
100
AcDbEntity
  8
d_line
 62
     8
100
AcDbPolyline
 90
        2
 70
     0
 43
0.0
 10
175108.2951115635
 20
418383.3017939448
 10
175072.1442418735
 20
418411.2832581583
  0
LWPOLYLINE
  5
1BB1
330
1F
100
AcDbEntity
  8
d_line
 62
     8
100
AcDbPolyline
 90
        2
 70
     0
 43
0.0
 10
175108.7541767713
 20
418383.8948868
 10
175072.6473138224
 20
418411.8422889548
  0
LWPOLYLINE
  5
1BB2
330
1F
100
AcDbEntity
  8
d_line
 62
     8
100
AcDbPolyline
 90
        6
 70
     0
 43
0.0
 10
175100.7668246796
 20
418443.0896534428
 42
-0.0109832218484742
 10
175183.8554215398
 20
418379.1296013141
 42
-0.4100458583035234
 10
175186.2620416207
 20
418358.2060325334
 10
175176.5969951322
 20
418345.8488808761
 42
-0.4127323964485364
 10
175159.7997508795
 20
418343.7523579001
 10
175121.1390036468
 20
418373.6765153111
  0
LWPOLYLINE
  5
1BB3
330
1F
100
AcDbEntity
  8
d_line
  6
Continuous
 62
     8
100
AcDbPolyline
 90
        2
 70
   128
 43
0.0
 10
175168.7460283911
 20
418424.2546584235
 42
0.0065643340376887
 10
175118.242951191
 20
418462.5097243579
 42
0.0065643340376887
  0
LWPOLYLINE
  5
1BB4
330
1F
100
AcDbEntity
  8
d_line
  6
Continuous
 62
     8
100
AcDbPolyline
 90
        2
 70
   128
 43
0.0
 10
175468.1544560992
 20
418851.0108839957
 10
175467.6822673642
 20
418850.8186723471
  0
LWPOLYLINE
  5
1BB5
330
1F
100
AcDbEntity
  8
d_line
  6
Continuous
 62
     8
100
AcDbPolyline
 90
        2
 70
   128
 43
0.0
 10
175468.1123183864
 20
418851.2965597865
 42
0.00802181518075
 10
175468.1544560992
 20
418851.0108839957
  0
LWPOLYLINE
  5
1BB6
330
1F
100
AcDbEntity
  8
d_line
  6
Continuous
 62
     8
100
AcDbPolyline
 90
        2
 70
     0
 43
0.0
 10
175465.6786612866
 20
418848.5921965837
 42
0.014451576462535
 10
175465.9214685572
 20
418847.9425585013
  0
LWPOLYLINE
  5
1BB7
330
1F
100
AcDbEntity
  8
d_line
  6
Continuous
 62
     8
100
AcDbPolyline
 90
        2
 70
     0
 43
0.0
 10
176753.8271420402
 20
418054.6257741078
 10
176762.2535960853
 20
418046.9827072914
  0
LWPOLYLINE
  5
1BB8
330
1F
100
AcDbEntity
  8
d_line
  6
Continuous
 62
     8
100
AcDbPolyline
 90
        2
 70
     0
 43
0.0
 10
176751.6458992531
 20
418052.5540011334
 10
176760.2468093271
 20
418044.7526970469
  0
LWPOLYLINE
  5
1BB9
330
1F
100
AcDbEntity
  8
d_line
  6
Continuous
 62
     8
100
AcDbPolyline
 90
        7
 70
   128
 43
0.0
 10
175273.2920238551
 20
418540.6281628057
 10
175263.9280772035
 20
418540.6281628057
 42
0.4142335711396693
 10
175257.9280772175
 20
418534.6277529233
 42
-0.1674967687624945
 10
175233.1931948335
 20
418462.8464480784
 10
175209.3608306699
 20
418432.3758095074
 42
-0.4142135623797783
 10
175189.7081397599
 20
418429.9733649185
 10
175130.5804682238
 20
418476.2195962529
  0
LWPOLYLINE
  5
1BBA
330
1F
100
AcDbEntity
  8
d_line
  6
Continuous
 62
     8
100
AcDbPolyline
 90
        5
 70
   128
 43
0.0
 10
175195.7409547701
 20
418548.6281628056
 10
175273.4280774893
 20
418548.6281628056
 42
0.4142135623730951
 10
175285.4280774893
 20
418560.6281628056
 10
175285.4280774893
 20
418638.5217016736
 42
0.1608617512009855
 10
175283.0676718031
 20
418645.6686046018
 42
0.1608617512009855
  0
LWPOLYLINE
  5
1BBB
330
1F
100
AcDbEntity
  8
d_line
  6
Continuous
 62
     8
100
AcDbPolyline
 90
        7
 70
   128
 43
0.0
 10
175188.5417528361
 20
418540.6281628057
 10
175191.9280767959
 20
418540.6281628057
 42
-0.4141650274428555
 10
175197.9280767136
 20
418534.6291570743
 42
-0.1675218014315987
 10
175185.9321901927
 20
418499.8112616225
 10
175162.09982603
 20
418469.3406230524
 42
-0.4142135623784784
 10
175153.6772442114
 20
418468.3110039428
 10
175135.9446238671
 20
418482.1804299035
  0
LWPOLYLINE
  5
1BBC
330
1F
100
AcDbEntity
  8
d_line
 62
     8
100
AcDbPolyline
 90
        4
 70
     0
 43
0.0
 10
174901.4857683723
 20
418221.641711705
 10
174940.7496679313
 20
418190.9317693913
 42
-0.5013341189407364
 10
174940.5344083777
 20
418181.3188402244
 10
174892.6002739475
 20
418147.1720829061
  0
LWPOLYLINE
  5
1BBD
330
1F
100
AcDbEntity
  8
d_line
 62
     8
100
AcDbPolyline
 90
        4
 70
     0
 43
0.0
 10
174991.4176313546
 20
418220.6215253441
 10
174969.3556713659
 20
418251.5914047398
 42
0.07214000668969
 10
174956.8570242042
 20
418264.6626307042
 10
174947.0810913402
 20
418272.3087977353
  0
LWPOLYLINE
  5
1BBE
330
1F
100
AcDbEntity
  8
d_line
 62
     8
100
AcDbPolyline
 90
        4
 70
     0
 43
0.0
 10
174981.4587425263
 20
418210.4720381111
 10
174957.5238617881
 20
418193.4215880775
 42
-0.332148503629865
 10
174950.346158633
 20
418193.5823163165
 10
174906.8499240155
 20
418227.6025453556
  0
LWPOLYLINE
  5
1BBF
330
1F
100
AcDbEntity
  8
d_line
 62
     8
100
AcDbPolyline
 90
        4
 70
     0
 43
0.0
 10
174941.716935697
 20
418266.3479640846
 10
174951.9283823984
 20
418258.3611634188
 42
-0.0721400066899169
 10
174962.8398997617
 20
418246.9497756719
 10
174982.8643494286
 20
418218.840088615
  0
LWPOLYLINE
  5
1BC0
330
1F
100
AcDbEntity
  8
d_line
  6
Continuous
 62
     8
100
AcDbPolyline
 90
        6
 70
   128
 43
0.0
 10
175393.6901290531
 20
418768.5960715771
 42
-0.0098368305190791
 10
175438.5745096462
 20
418729.4659407529
 10
175497.5870730249
 20
418675.9396338987
 42
0.4142135623717376
 10
175518.7751141725
 20
418676.9725483817
 10
175542.2208201473
 20
418702.8213560258
 42
0.1233120577048759
 10
175560.7873308482
 20
418737.5211527188
  0
LWPOLYLINE
  5
1BC1
330
1F
100
AcDbEntity
  8
d_line
  6
Continuous
 62
     8
100
AcDbPolyline
 90
        2
 70
   128
 43
0.0
 10
175540.4294868011
 20
418766.7697211119
 42
-0.2208079407050886
 10
175456.8163788712
 20
418838.7441245374
 42
-0.2208079407050886
  0
LWPOLYLINE
  5
1BC2
330
1F
100
AcDbEntity
  8
d_line
  6
Continuous
 62
     8
100
AcDbPolyline
 90
        2
 70
   128
 43
0.0
 10
175728.545453973
 20
419140.6987885014
 42
-0.2756352077140562
 10
175766.4128681749
 20
418980.1283939943
  0
LWPOLYLINE
  5
1BC3
330
1F
100
AcDbEntity
  8
d_line
  6
Continuous
 62
     8
100
AcDbPolyline
 90
        2
 70
   128
 43
0.0
 10
175729.2159415577
 20
419141.4438572919
 42
-0.2537273282074981
 10
175770.8599451454
 20
418992.6923149232
  0
LWPOLYLINE
  5
1BC4
330
1F
100
AcDbEntity
  8
d_line
  6
Continuous
 62
     8
100
AcDbPolyline
 90
        2
 70
   128
 43
0.0
 10
175730.5568593173
 20
419142.9339310771
 42
-0.2542234672796173
 10
175772.7722790794
 20
418992.0829673718
  0
LWPOLYLINE
  5
1BC5
330
1F
100
AcDbEntity
  8
d_line
  6
Continuous
 62
     8
100
AcDbPolyline
 90
        3
 70
   128
 43
0.0
 10
175374.9482873139
 20
418747.7694945084
 42
-0.010003821725775
 10
175419.7630580926
 20
418708.7263821643
 10
175477.6645736908
 20
418656.2078316417
  0
LWPOLYLINE
  5
1BC6
330
1F
100
AcDbEntity
  8
d_line
  6
Continuous
 62
     8
100
AcDbPolyline
 90
        3
 70
   128
 43
0.0
 10
175372.9402059835
 20
418745.5380456909
 42
-0.0100220880485649
 10
175417.7475454261
 20
418706.5042866012
 10
175475.6490610243
 20
418653.9857360787
  0
LWPOLYLINE
  5
1BC7
330
1F
100
AcDbEntity
  8
d_line
  6
Continuous
 62
     8
100
AcDbPolyline
 90
        3
 70
   128
 43
0.0
 10
175497.1478627999
 20
418677.6880887514
 10
175439.2463472017
 20
418730.206639274
 42
0.0098309808290266
 10
175394.3594723456
 20
418769.3398687907
 42
0.0098309808290266
  0
LWPOLYLINE
  5
1BC8
330
1F
100
AcDbEntity
  8
d_line
  6
Continuous
 62
     8
100
AcDbPolyline
 90
        3
 70
   128
 43
0.0
 10
175499.1633754662
 20
418679.9101843145
 10
175441.2618598682
 20
418732.428734837
 42
0.0098134780496365
 10
175396.367498903
 20
418771.5712567428
 42
0.0098134780496365
  0
LWPOLYLINE
  5
1BC9
330
1F
100
AcDbEntity
  8
d_line
  6
Continuous
 62
     8
100
AcDbPolyline
 90
        6
 70
   128
 43
0.0
 10
175299.472016658
 20
418663.8976749962
 42
0.2516257536907379
 10
175309.4781283192
 20
418658.5217016737
 10
175316.9280774893
 20
418658.5217016737
 42
0.4142135623730951
 10
175324.9280774893
 20
418666.5217016735
 10
175324.9280774893
 20
418666.8870195699
 42
-0.0641440211698443
 10
175328.7313884777
 20
418696.4116920637
 42
-0.0641440211698443
  0
LWPOLYLINE
  5
1BCA
330
1F
100
AcDbEntity
  8
d_line
  6
Continuous
 62
     8
100
AcDbPolyline
 90
        2
 70
     0
 43
0.0
 10
176594.214508341
 20
419111.5656327784
 10
176549.0851451016
 20
419061.8106699235
  0
LWPOLYLINE
  5
1BCB
330
1F
100
AcDbEntity
  8
d_line
  6
Continuous
 62
     8
100
AcDbPolyline
 90
        2
 70
     0
 43
0.0
 10
176601.6478758228
 20
419104.8763435843
 10
176556.492130313
 20
419055.0922943701
  0
LWPOLYLINE
  5
1BCC
330
1F
100
AcDbEntity
  8
d_line
  6
Continuous
 62
     8
100
AcDbPolyline
 90
        3
 70
   128
 43
0.0
 10
175720.4979594247
 20
419131.7561366664
 42
-0.0660742568170432
 10
175743.6619581496
 20
419100.1210146739
 42
-0.1987944380769787
 10
175755.9020527727
 20
418986.8029626997
  0
LWPOLYLINE
  5
1BCD
330
1F
100
AcDbEntity
  8
d_line
  6
Continuous
 62
     8
100
AcDbPolyline
 90
        3
 70
   128
 43
0.0
 10
175719.8271848765
 20
419131.0107489923
 42
-0.0659483905486235
 10
175742.7844093543
 20
419099.6415273313
 42
-0.1809512558228951
 10
175757.4684800928
 20
418996.9593816178
  0
LWPOLYLINE
  5
1BCE
330
1F
100
AcDbEntity
  8
d_line
  6
Continuous
 62
     8
100
AcDbPolyline
 90
        3
 70
   128
 43
0.0
 10
175718.4855593974
 20
419129.5198887647
 42
-0.0656914772174313
 10
175741.0293117637
 20
419098.6825526457
 42
-0.1806232257629652
 10
175755.5545900526
 20
418997.5692250079
  0
LWPOLYLINE
  5
1BCF
330
1F
100
AcDbEntity
  8
d_line
  6
Continuous
 62
     8
100
AcDbPolyline
 90
        2
 70
   128
 43
0.0
 10
176974.0595866826
 20
418769.7429549474
 10
176940.4053811239
 20
418732.6393127221
  0
LWPOLYLINE
  5
1BD0
330
1F
100
AcDbEntity
  8
d_line
  6
Continuous
 62
     8
100
AcDbPolyline
 90
        2
 70
   128
 43
0.0
 10
176922.5638383042
 20
418738.2728108626
 10
176961.4228619635
 20
418781.1147465771
  0
LWPOLYLINE
  5
1BD1
330
1F
100
AcDbEntity
  8
d_line
  6
Continuous
 62
     8
100
AcDbPolyline
 90
        2
 70
     0
 43
0.0
 10
176921.8732473124
 20
418738.9998917914
 10
176960.6795252153
 20
418781.7836754965
  0
LWPOLYLINE
  5
1BD2
330
1F
100
AcDbEntity
  8
d_line
  6
Continuous
 62
     8
100
AcDbPolyline
 90
        2
 70
     0
 43
0.0
 10
176920.1467698336
 20
418740.8175941135
 10
176958.8211833448
 20
418783.4559977951
  0
LWPOLYLINE
  5
1BD3
330
1F
100
AcDbEntity
  8
d_line
  6
Continuous
 62
     8
100
AcDbPolyline
 90
        2
 70
   128
 43
0.0
 10
176612.9583484843
 20
419026.5503417008
 10
176646.9914174619
 20
419064.0716795011
  0
LWPOLYLINE
  5
1BD4
330
1F
100
AcDbEntity
  8
d_line
  6
Continuous
 62
     8
100
AcDbPolyline
 90
        4
 70
   128
 43
0.0
 10
176068.6025481254
 20
419212.8493575761
 10
176059.1944408471
 20
419221.3828156779
 10
175946.2881953578
 20
419323.7924382315
 42
-0.1494675510968808
 10
175925.1840336874
 20
419359.2103196571
 42
-0.1494675510968808
  0
LWPOLYLINE
  5
1BD5
330
1F
100
AcDbEntity
  8
d_line
  6
Continuous
 62
     8
100
AcDbPolyline
 90
        2
 70
   128
 43
0.0
 10
176589.8496081933
 20
419031.5863659811
 10
176631.7530141242
 20
419077.7847223489
  0
LWPOLYLINE
  5
1BD6
330
1F
100
AcDbEntity
  8
d_line
  6
Continuous
 62
     8
100
AcDbPolyline
 90
        2
 70
     0
 43
0.0
 10
176591.7013544961
 20
419029.9067720927
 10
176633.6113559946
 20
419076.1124000504
  0
LWPOLYLINE
  5
1BD7
330
1F
100
AcDbEntity
  8
d_line
  6
Continuous
 62
     8
100
AcDbPolyline
 90
        6
 70
   128
 43
0.0
 10
176468.9919022209
 20
418893.1315812786
 10
176570.943251246
 20
419005.5325818607
 42
0.4142135623333026
 10
176570.1169196578
 20
419022.4830147776
 10
176550.8587581079
 20
419039.9507912223
 42
-0.4142135623320888
 10
176549.8258436227
 20
419061.1388323683
 10
176594.9578450892
 20
419110.896703859
  0
LWPOLYLINE
  5
1BD8
330
1F
100
AcDbEntity
  8
d_line
  6
Continuous
 62
     8
100
AcDbPolyline
 90
        2
 70
     0
 43
0.0
 10
176613.7491545352
 20
419025.9337475192
 10
176647.73475421
 20
419063.4027505818
  0
LWPOLYLINE
  5
1BD9
330
1F
100
AcDbEntity
  8
d_line
  6
Continuous
 62
     8
100
AcDbPolyline
 90
        2
 70
   128
 43
0.0
 10
176615.726169662
 20
419024.3922620649
 10
176649.5930960805
 20
419061.7304282834
  0
LWPOLYLINE
  5
1BDA
330
1F
100
AcDbEntity
  8
d_line
  6
Continuous
 62
     8
100
AcDbPolyline
 90
        6
 70
   128
 43
0.0
 10
176634.3546927428
 20
419075.4434711309
 10
176592.4420530173
 20
419029.2349345372
 42
-0.4142135624136243
 10
176575.4916200981
 20
419028.4086029491
 10
176556.2334585516
 20
419045.8763793905
 42
-0.4142135623307297
 10
176555.7514317919
 20
419055.7641319254
 10
176600.9045390746
 20
419105.545272504
  0
LWPOLYLINE
  5
1BDB
330
1F
100
AcDbEntity
  8
d_line
  6
Continuous
 62
     8
100
AcDbPolyline
 90
        6
 70
     0
 43
0.0
 10
176297.9948142085
 20
419378.1338071424
 10
176276.5036137965
 20
419354.4398349457
 10
176265.2889582499
 20
419337.6103518585
 10
176198.4715458288
 20
419263.9443917534
 10
176182.8178502785
 20
419251.149484643
 10
176135.7006714951
 20
419199.2101976182
  0
LWPOLYLINE
  5
1BDC
330
1F
100
AcDbEntity
  8
d_line
  6
Continuous
 62
     8
100
AcDbPolyline
 90
        6
 70
   128
 43
0.0
 10
176295.7648039639
 20
419380.1405939007
 10
176274.1311956446
 20
419356.2896174914
 10
176262.916540098
 20
419339.4601344044
 10
176196.3997472591
 20
419266.1256063217
 10
176180.7460180864
 20
419253.3306717289
 10
176133.478575932
 20
419201.2257102843
  0
LWPOLYLINE
  5
1BDD
330
1F
100
AcDbEntity
  8
d_line
  6
Continuous
 62
     8
100
AcDbPolyline
 90
        4
 70
     0
 43
0.0
 10
176067.6619040334
 20
419211.9233139556
 10
176058.3090401289
 20
419220.4066645277
 10
175945.4027946395
 20
419322.8162870814
 42
-0.1470389054380286
 10
175924.1643912083
 20
419358.0772579777
 42
-0.1470389054380286
  0
LWPOLYLINE
  5
1BDE
330
1F
100
AcDbEntity
  8
d_line
  6
Continuous
 62
     8
100
AcDbPolyline
 90
        6
 70
   128
 43
0.0
 10
176298.7381509567
 20
419377.464878223
 10
176277.5079830098
 20
419354.0586933927
 10
176266.2933274634
 20
419337.229210306
 10
176199.3757085148
 20
419263.4527728598
 10
176183.7145479525
 20
419250.6517640505
 10
176132.4286516762
 20
419194.1092453842
  0
LWPOLYLINE
  5
1BDF
330
1F
100
AcDbEntity
  8
d_line
  6
Continuous
 62
     8
100
AcDbPolyline
 90
        5
 70
   128
 43
0.0
 10
176111.2406105289
 20
419193.0763309008
 10
176083.1931635499
 20
419218.5162739814
 10
176066.3636804627
 20
419229.7309295279
 10
175953.6784084678
 20
419331.940121963
 42
-0.1834064846924539
 10
175934.5029288119
 20
419369.5657953997
 42
-0.1834064846924539
  0
LWPOLYLINE
  5
1BE0
330
1F
100
AcDbEntity
  8
d_line
  6
Continuous
 62
     8
100
AcDbPolyline
 90
        5
 70
     0
 43
0.0
 10
176111.8979128978
 20
419193.4010519704
 10
176083.596194569
 20
419219.0716274033
 10
176066.7667114818
 20
419230.2862829495
 10
175954.1366828606
 20
419332.4453678549
 42
-0.1873783280089598
 10
175935.193002372
 20
419370.3326287976
 42
-0.1873783280089598
  0
LWPOLYLINE
  5
1BE1
330
1F
100
AcDbEntity
  8
d_line
  6
Continuous
 62
     8
100
AcDbPolyline
 90
        5
 70
   128
 43
0.0
 10
176113.7681051827
 20
419195.509080689
 10
176085.3512431863
 20
419221.2840951589
 10
176068.5217600991
 20
419232.4987507053
 10
175956.029839912
 20
419334.5325667865
 42
-0.1982735171946129
 10
175937.7260406609
 20
419373.1474277845
 42
-0.1982735171946129
  0
LWPOLYLINE
  5
1BE2
330
1F
100
AcDbEntity
  8
d_line
  6
Continuous
 62
     8
100
AcDbPolyline
 90
        6
 70
   128
 43
0.0
 10
176098.1150580252
 20
419177.3050547879
 10
176078.8562226283
 20
419194.7734424335
 10
176066.0577648733
 20
419210.4322891064
 10
176056.843009403
 20
419218.7903708543
 10
175943.9367639136
 20
419321.199993408
 42
-0.1413396159163444
 10
175922.3826918065
 20
419356.0973725203
 42
-0.1413396159163444
  0
LWPOLYLINE
  5
1BE3
330
1F
100
AcDbEntity
  8
d_line
  6
Continuous
 62
     8
100
AcDbPolyline
 90
        2
 70
     0
 43
0.0
 10
176222.5306760843
 20
417486.4619812388
 10
176241.9720543683
 20
417468.8280212797
  0
LWPOLYLINE
  5
1BE4
330
1F
100
AcDbEntity
  8
d_line
  6
Continuous
 62
     8
100
AcDbPolyline
 90
        2
 70
     0
 43
0.0
 10
176196.3290114204
 20
417457.574738919
 10
176215.8838265118
 20
417439.8378881003
  0
LWPOLYLINE
  5
1BE5
330
1F
100
AcDbEntity
  8
d_line
  6
Continuous
 62
     8
100
AcDbPolyline
 90
       19
 70
   128
 43
0.0
 10
175342.7113663323
 20
418711.9467227325
 42
-0.0098884975847888
 10
175342.4634259613
 20
418711.364516666
 42
0.105988787332668
 10
175332.9280774893
 20
418666.8870195699
 10
175332.9280774893
 20
418666.4606774002
 42
0.4045771797302511
 10
175340.6640263069
 20
418658.4650362769
 42
-0.0828963536376212
 10
175374.2415054476
 20
418651.7135182177
 42
0.308775037581916
 10
175383.0140278092
 20
418653.8151113543
 10
175405.651596461
 20
418678.7729504678
 42
-0.4142135623636105
 10
175425.4271015318
 20
418679.7370039861
 10
175449.1294542053
 20
418658.2382022115
 42
-0.4142135623832385
 10
175450.0935077233
 20
418638.4626971402
 10
175432.6257312814
 20
418619.2045355942
 42
0.4142135623823977
 10
175433.1766190061
 20
418607.9042469819
 10
175440.2132549563
 20
418601.5217902053
 42
0.4142135623550101
 10
175448.6884714151
 20
418601.9349559988
 10
175479.3693257299
 20
418635.7604890157
 42
0.4142135623728925
 10
175478.3364112466
 20
418656.9485301632
 10
175420.4348956481
 20
418709.4670806852
 42
0.0099977493478486
 10
175375.6176465812
 20
418748.513309474
 42
0.0099977493478486
  0
LWPOLYLINE
  5
1BE6
330
1F
100
AcDbEntity
  8
d_line
 62
     8
100
AcDbPolyline
 90
        4
 70
     0
 43
0.0
 10
174744.7985541394
 20
417693.2503421918
 10
174762.0265006872
 20
417718.9859601274
 42
0.4210366104030526
 10
174758.4964705842
 20
417735.7856959348
 42
0.0266446636905895
 10
174563.3018363979
 20
417845.8401325069
 42
0.0266446636905895
  0
TEXT
  5
1C1A
330
1F
100
AcDbEntity
  8
도로명
 62
     1
100
AcDbText
 10
175803.5107627815
 20
417399.4770617539
 30
0.0
 40
8.0
  1
중(국)2-129
 50
47.79095322613374
 41
0.8
100
AcDbText
  0
TEXT
  5
1C1B
330
1F
100
AcDbEntity
  8
도로명
 62
     1
100
AcDbText
 10
175836.9126025273
 20
417333.2502265483
 30
0.0
 40
8.0
  1
중(국)2-130
 50
47.79095322613374
 41
0.8
100
AcDbText
  0
TEXT
  5
1C1C
330
1F
100
AcDbEntity
  8
도로명
 62
     4
100
AcDbText
 10
176093.3768352902
 20
418113.2923330376
 30
0.0
 40
8.0
  1
광(주)3-4
 50
317.7909524932363
 41
0.8
100
AcDbText
  0
TEXT
  5
1C1D
330
1F
100
AcDbEntity
  8
도로명
 62
     4
100
AcDbText
 10
176609.1843008461
 20
418724.6528132858
 30
0.0
 40
8.0
  1
대(보)1-5
 50
317.7909525010548
 41
0.8
100
AcDbText
  0
TEXT
  5
1C1E
330
1F
100
AcDbEntity
  8
도로명
 62
     1
100
AcDbText
 10
176369.1444045916
 20
418416.2765717611
 30
0.0
 40
8.0
  1
대(보)1-17
 50
317.790952493857
 41
0.8
100
AcDbText
  0
TEXT
  5
1C1F
330
1F
100
AcDbEntity
  8
도로명
 62
     1
100
AcDbText
 10
176032.0236728632
 20
418337.0600671235
 30
0.0
 40
8.0
  1
대(보)3-7
 50
53.06933493997973
 41
0.8
100
AcDbText
  0
TEXT
  5
1C20
330
1F
100
AcDbEntity
  8
도로명
 62
     1
100
AcDbText
 10
175744.4054047469
 20
418024.1710992748
 30
0.0
 40
8.0
  1
대(보)3-7
 50
47.79095321171705
 41
0.8
100
AcDbText
  0
TEXT
  5
1C21
330
1F
100
AcDbEntity
  8
도로명
 62
     1
100
AcDbText
 10
175441.4113187111
 20
417668.6222401762
 30
0.0
 40
8.0
  1
중(보)1-105
 50
47.79095321475629
 41
0.8
100
AcDbText
  0
TEXT
  5
1C22
330
1F
100
AcDbEntity
  8
도로명
 62
     1
100
AcDbText
 10
175859.0486053493
 20
417830.516429285
 30
0.0
 40
8.0
  1
광(주)3-5
 50
317.7909524886445
 41
0.8
100
AcDbText
  0
TEXT
  5
1C23
330
1F
100
AcDbEntity
  8
도로명
 62
     1
100
AcDbText
 10
175729.5241120518
 20
417415.1964979877
 30
0.0
 40
8.0
  1
대(보)3-37
 50
47.790953203725
 41
0.8
100
AcDbText
  0
TEXT
  5
1C24
330
1F
100
AcDbEntity
  8
도로명
 62
     1
100
AcDbText
 10
176136.5163731794
 20
417847.7104754856
 30
0.0
 40
8.0
  1
대(보)3-35
 50
47.79095320214909
 41
0.8
100
AcDbText
  0
TEXT
  5
1C25
330
1F
100
AcDbEntity
  8
도로명
 62
     1
100
AcDbText
 10
176321.0054887299
 20
418096.1664322394
 30
0.0
 40
8.0
  1
대(보)3-34
 50
47.79095321374323
 41
0.8
100
AcDbText
  0
TEXT
  5
1C26
330
1F
100
AcDbEntity
  8
도로명
 62
     1
100
AcDbText
 10
176643.5073675448
 20
418405.2903368217
 30
0.0
 40
8.0
  1
대(보)3-34
 50
47.79095337879357
 41
0.8
100
AcDbText
  0
TEXT
  5
1C27
330
1F
100
AcDbEntity
  8
도로명
 62
     4
100
AcDbText
 10
174633.2123287691
 20
417441.029671535
 30
0.0
 40
8.0
  1
중(집)1-32
 50
51.96954686948465
 41
0.8
100
AcDbText
  0
TEXT
  5
1C28
330
1F
100
AcDbEntity
  8
도로명
 62
     1
100
AcDbText
 10
175867.4775588167
 20
417549.1202614614
 30
0.0
 40
8.0
  1
대(보)3-36
 50
47.790953203725
 41
0.8
100
AcDbText
  0
TEXT
  5
1C29
330
1F
100
AcDbEntity
  8
도로명
 62
     1
100
AcDbText
 10
175599.6206398921
 20
417649.6530397598
 30
0.0
 40
7.999999999999999
  1
대(보)3-32
 50
327.6398977811617
 41
0.8
100
AcDbText
  0
TEXT
  5
1C2A
330
1F
100
AcDbEntity
  8
도로명
 62
     4
100
AcDbText
 10
175944.6864101498
 20
417571.194685876
 30
0.0
 40
8.0
  1
중(국)2-112
 50
317.7909524980763
 41
0.8
100
AcDbText
  0
TEXT
  5
1C2B
330
1F
100
AcDbEntity
  8
도로명
 62
     4
100
AcDbText
 10
175518.9685009856
 20
417968.5708003511
 30
0.0
 40
8.0
  1
중(집)2-114
 50
317.7909530879136
 41
0.8
100
AcDbText
  0
TEXT
  5
1C2C
330
1F
100
AcDbEntity
  8
도로명
 62
     1
100
AcDbText
 10
175804.2768690237
 20
417381.8619589122
 30
0.0
 40
8.0
  1
소(특)1-68
 50
317.7909524980763
 41
0.8
100
AcDbText
  0
TEXT
  5
1C2D
330
1F
100
AcDbEntity
  8
도로명
 62
     4
100
AcDbText
 10
175514.9958980075
 20
417536.1663496359
 30
0.0
 40
8.0
  1
광(주)3-1(신)서
 50
317.7909528852727
 41
0.8
100
AcDbText
  0
TEXT
  5
1C2E
330
1F
100
AcDbEntity
  8
도로명
 62
     4
100
AcDbText
 10
176273.1417949042
 20
418658.3923854106
 30
0.0
 40
8.0
  1
대(보)3-7
 50
47.79095320811506
 41
0.8
100
AcDbText
  0
TEXT
  5
1C2F
330
1F
100
AcDbEntity
  8
도로명
 62
     4
100
AcDbText
 10
174905.9596504684
 20
417801.7462106793
 30
0.0
 40
8.0
  1
대(보)3-9
 50
51.96954673603134
 41
0.8
100
AcDbText
  0
TEXT
  5
1C30
330
1F
100
AcDbEntity
  8
도로명
 62
     1
100
AcDbText
 10
175567.8934727581
 20
417835.8547804942
 30
0.0
 40
8.0
  1
대(보)3-7
 50
47.79095321171705
 41
0.8
100
AcDbText
  0
ENDSEC
  0
SECTION
  2
OBJECTS
  0
DICTIONARY
  5
C
330
0
100
AcDbDictionary
281
     1
  3
ACAD_CIP_PREVIOUS_PRODUCT_INFO
350
1A5
  3
ACAD_COLOR
350
73
  3
ACAD_DETAILVIEWSTYLE
350
1AB
  3
ACAD_GROUP
350
D
  3
ACAD_LAST_SAVED_VERSION_INFO
350
8AF
  3
ACAD_LAYOUT
350
1A
  3
ACAD_MATERIAL
350
72
  3
ACAD_MLEADERSTYLE
350
D7
  3
ACAD_MLINESTYLE
350
17
  3
ACAD_PLOTSETTINGS
350
19
  3
ACAD_PLOTSTYLENAME
350
E
  3
ACAD_SCALELIST
350
B6
  3
ACAD_SECTIONVIEWSTYLE
350
1A8
  3
ACAD_TABLESTYLE
350
86
  3
ACAD_VISUALSTYLE
350
99
  3
ACDB_RECOMPOSE_DATA
350
1C59
  3
ACDBVARIABLEDICTIONARY
350
1BE9
  3
AcDsDecomposeData
350
1C60
  3
ADE_QUERY_LIBRARY
350
21B
  3
AEC_PROPERTY_SET_DEFS
350
30F
  3
ASE_INDEX_DICTIONARY
350
21E
  3
Autodesk_MAP
350
204
1001
ADE
1000
ADE02C004
1000
[Query]
1000
CaseSensitiveMatch=0
1000
SaveCurrQueryInSession=1
1000
MkSelSetWithQryObj=0
1000
ShowBlockAsInsPt=0
1000
CreateAssociativeHatchObjects=0
1000
ReferenceBoundaryForAreaLocation=1
1000
ShowImageAsBoundary=1
1000
DefaultJoinOperator=2
1000
ColorForAdd=red
1000
ColorForRemove=red
1000
BlockLocnForQuery=1
1000
TextLocnForQuery=1
1000
IncludeAllObjectsInGroups=0
1000
AlwaysUseLibraryDefinitions=0
1000
PreviewDefinitionsFrom=2
1000
[Save Back]
1000
RedefineBlockDefinitions=1
1000
RedefineLayerDefinitions=1
1000
RedefineTextStyleDefinitions=1
1000
RemoveUnusedGroups=1
1000
EraseSavedBackObjects=1
1000
RemoveLockAfterSave=1
1000
CreateHistoryFileOfChanges=0
1000
CreateBackupFileOfSourceDwg=1
1000
DontAddObjectsToSaveSet=0
1000
MarkObjectsForEditingWithoutPrompting=0
1000
FdoDontAddObjsToSvSet=0
1000
FdoEditWithoutPrompt=1
1000
FdoRemUnusedGrps=1
1000
FdoEraseSvdBkObjs=1
1000
FdoRemoveLockOnSave=1
1000
FdoTesselationMaxPointsDistance=0
1000
FdoTesselationMaxCurvesDistance=0
1000
[Coordinate Transformation]
1000
RestoreLastActiveDwgsOnStartup=1
1000
ActivateDwgsOnAttach=1
1000
AdjustSizesAndScalesForChangesInUnits=1
1000
AdjustRotationsForMapDistortions=1
1000
AdjustSizesAndScalesForMapDistortions=1
1000
AdjustElevations=1
1000
AdjustZeroRotationObjects=1
1000
ReconnectDbOnWSOpen=1
1000
NoOfSQLConditionsInHistory=10
  0
SUN
  5
217
330
94
100
AcDbSun
 90
        1
290
     1
 63
     7
421
 16777215
 40
1.0
291
     1
 91
  2458230
 92
 36000000
292
     0
 70
     0
 71
   256
280
     1
1001
ACAD
1000
AcDbSavedByObjectVersion
1070
     0
  0
DICTIONARY
  5
18E
330
2
100
AcDbDictionary
280
     1
281
     1
  3
ACAD_LAYERSTATES
360
18F
  3
ACLYDICTIONARY
360
A79
  0
DICTIONARY
  5
E6
330
10
100
AcDbDictionary
280
     1
281
     1
  0
DICTIONARY
  5
1BE8
330
1BE7
100
AcDbDictionary
280
     1
281
     1
  0
DICTIONARY
  5
15D
330
1F
100
AcDbDictionary
280
     1
281
     1
  3
ACAD_SORTENTS
360
214
  0
XRECORD
  5
1A5
102
{ACAD_REACTORS
330
C
102
}
330
C
100
AcDbXrecord
280
     1
300
MAP
300
2026
300

  0
DICTIONARY
  5
73
102
{ACAD_REACTORS
330
C
102
}
330
C
100
AcDbDictionary
281
     1
  0
DICTIONARY
  5
1AB
102
{ACAD_REACTORS
330
C
102
}
330
C
100
AcDbDictionary
281
     1
  3
Imperial24
350
1AC
  3
Metric50
350
239
  0
DICTIONARY
  5
D
102
{ACAD_REACTORS
330
C
102
}
330
C
100
AcDbDictionary
281
     1
  0
XRECORD
  5
8AF
102
{ACAD_REACTORS
330
C
102
}
330
C
100
AcDbXrecord
280
     1
300
{9002FB8A-4DCB-3245-BEE2-821580C82B19}
301
{E7A1FD6B-45C8-4B4A-9DA3-D8EECE4EB63C}
302
{9002FB8A-4DCB-3245-BEE2-821580C82B19}
303
G:\내 드라이브\Work\P송산그린시티1-2공구_우오수공사\01_도면\Osu_plan_2_simple.dxf
  0
DICTIONARY
  5
1A
102
{ACAD_REACTORS
330
C
102
}
330
C
100
AcDbDictionary
281
     1
  3
Model
350
22
  3
배치1
350
59
  3
배치2
350
5E
  0
DICTIONARY
  5
72
102
{ACAD_REACTORS
330
C
102
}
330
C
100
AcDbDictionary
281
     1
  3
ByBlock
350
97
  3
ByLayer
350
96
  3
Global
350
98
  0
DICTIONARY
  5
D7
102
{ACAD_REACTORS
330
C
102
}
330
C
100
AcDbDictionary
281
     1
  3
Standard
350
D8
  3
주석
350
E5
  0
DICTIONARY
  5
17
102
{ACAD_REACTORS
330
C
102
}
330
C
100
AcDbDictionary
281
     1
  3
Standard
350
18
  0
DICTIONARY
  5
19
102
{ACAD_REACTORS
330
C
102
}
330
C
100
AcDbDictionary
281
     1
  0
ACDBDICTIONARYWDFLT
  5
E
102
{ACAD_REACTORS
330
C
102
}
330
C
100
AcDbDictionary
281
     1
  3
Normal
350
F
100
AcDbDictionaryWithDefault
340
F
  0
DICTIONARY
  5
B6
102
{ACAD_REACTORS
330
C
102
}
330
C
100
AcDbDictionary
281
     1
  3
A0
350
B7
  3
A1
350
124
  3
A2
350
125
  3
A3
350
126
  3
A4
350
127
  3
A5
350
128
  3
A6
350
129
  3
A7
350
12A
  3
A8
350
12B
  3
A9
350
12C
  3
B0
350
12D
  3
B1
350
12E
  3
B2
350
12F
  3
B3
350
130
  3
B4
350
131
  3
B5
350
132
  3
B6
350
133
  3
B7
350
134
  3
B8
350
135
  3
B9
350
136
  3
C0
350
137
  3
C1
350
138
  3
C2
350
139
  3
C3
350
13A
  3
C4
350
13B
  3
C5
350
13C
  3
C6
350
13D
  3
C7
350
13E
  3
C8
350
13F
  3
C9
350
140
  3
D0
350
141
  3
D1
350
142
  3
D2
350
143
  0
DICTIONARY
  5
1A8
102
{ACAD_REACTORS
330
C
102
}
330
C
100
AcDbDictionary
281
     1
  3
Imperial24
350
1AA
  3
Metric50
350
238
  0
DICTIONARY
  5
86
102
{ACAD_REACTORS
330
C
102
}
330
C
100
AcDbDictionary
281
     1
  3
Legend
350
20D
  3
Standard
350
87
  0
DICTIONARY
  5
99
102
{ACAD_REACTORS
330
C
102
}
330
C
100
AcDbDictionary
281
     1
  3
2dWireframe
350
9F
  3
Basic
350
9E
  3
Brighten
350
A5
  3
ColorChange
350
A9
  3
Conceptual
350
A2
  3
Dim
350
A4
  3
EdgeColorOff
350
175
  3
Facepattern
350
A8
  3
Flat
350
9A
  3
FlatWithEdges
350
9B
  3
Gouraud
350
9C
  3
GouraudWithEdges
350
9D
  3
Hidden
350
A1
  3
JitterOff
350
173
  3
Linepattern
350
A7
  3
OverhangOff
350
174
  3
Realistic
350
A3
  3
Shaded
350
182
  3
Shaded with edges
350
181
  3
Shades of Gray
350
17E
  3
Sketchy
350
17F
  3
Thicken
350
A6
  3
Wireframe
350
A0
  3
X-Ray
350
180
  0
XRECORD
  5
1C59
102
{ACAD_REACTORS
330
C
102
}
330
C
100
AcDbXrecord
280
     1
 90
        1
330
87
330
20D
  0
DICTIONARY
  5
1BE9
102
{ACAD_REACTORS
330
C
102
}
330
C
100
AcDbDictionary
281
     2
  3
AECCFASTCORRIDORSURFACEBUILD
350
1BEA
  3
ANNOALLVISIBLE
350
1BEB
  3
CANNOSCALE
350
1BEC
  3
CMLEADERSTYLE
350
1BED
  3
CTABLESTYLE
350
1BEE
  3
CVIEWDETAILSTYLE
350
1BEF
  3
CVIEWSECTIONSTYLE
350
1BF0
  3
DIMLAYER
350
1BF1
  3
HPCOLOR
350
1BF2
  3
HPLAYER
350
1BF3
  3
HPTRANSPARENCY
350
1BF4
  3
LAYEREVAL
350
1BF5
  3
LAYERNOTIFY
350
1BF6
  3
LIGHTINGUNITS
350
1BF7
  3
MSLTSCALE
350
1BF8
  3
POINTCLOUDCLIPFRAME
350
1BF9
  3
XCLIPFRAME
350
1BFA
  0
DICTIONARY
  5
1C60
102
{ACAD_REACTORS
330
C
102
}
330
C
100
AcDbDictionary
281
     1
  3
AcDsRecords
350
1C62
  3
AcDsSchemas
350
1C61
1001
ACAD
1070
     2
  0
DICTIONARY
  5
21B
102
{ACAD_REACTORS
330
C
102
}
330
C
100
AcDbDictionary
281
     1
  3
_CurrQry
350
1C4E
  0
DICTIONARY
  5
30F
102
{ACAD_REACTORS
330
C
102
}
330
C
100
AcDbDictionary
281
     1
  0
DICTIONARY
  5
21E
102
{ACAD_REACTORS
330
C
102
}
330
C
100
AcDbDictionary
281
     1
  3
ASEBlockHierarchyIndexRecord
350
220
1001
DCO15
1040
-2091944587.0
  0
DICTIONARY
  5
204
102
{ACAD_REACTORS
330
C
102
}
330
C
100
AcDbDictionary
281
     1
  3
AcMapDMStylizedEntities
350
215
  3
AcMapResourceManager
350
209
  3
MAP_DISPLAY_CUSTOMOBJ_REG_TABLE
350
208
  3
MAP_DISPLAY_MANAGEMENT_DICTIONARY
350
205
  3
MAP_DISPLAY_STYLELIBRARY_DICTIONARY
350
206
  3
MAP_RESOURCE_VERSION_MANAGEMENT_DICTIONARY
350
216
1001
MapGWS
1000
C:\ProgramData\Autodesk\Autodesk AutoCAD Map 3D 2026\R25.1\MapCache\Osu_plan_2_simpleGWS.xml
  0
DICTIONARY
  5
18F
102
{ACAD_REACTORS
330
18E
102
}
330
18E
100
AcDbDictionary
281
     1
  0
DICTIONARY
  5
A79
102
{ACAD_REACTORS
330
18E
102
}
330
18E
100
AcDbDictionary
281
     1
1001
ACAD
1000
<AllUsed
  0
SORTENTSTABLE
  5
214
102
{ACAD_REACTORS
330
15D
102
}
330
15D
100
AcDbSortentsTable
330
1F
  0
ACDBDETAILVIEWSTYLE
  5
1AC
102
{ACAD_XDICTIONARY
360
1C65
102
}
102
{ACAD_REACTORS
330
1AB
102
}
330
1AB
100
AcDbModelDocViewStyle
 70
     0
  3
Imperial24
290
     0
100
AcDbDetailViewStyle
 70
     0
 71
     0
 90
        3
 71
     1
340
11
 62
   256
 40
0.24
340
0
 62
   256
 40
0.24
300

 40
0.36
280
     3
 71
     2
340
16
 90
       25
 62
   256
 71
     3
340
11
 62
   256
 40
0.24
 90
        1
 40
0.75
 90
        1
300
%<\AcVar ViewType \f "%tc1">% %<\AcVar ViewDetailId>%\PSCALE %<\AcVar ViewScale \f "%sn">%
 71
     4
340
16
 90
       25
 62
   256
340
16
 90
       25
 62
   256
280
     0
  0
ACDBDETAILVIEWSTYLE
  5
239
102
{ACAD_XDICTIONARY
360
1C69
102
}
102
{ACAD_REACTORS
330
1AB
102
}
330
1AB
100
AcDbModelDocViewStyle
 70
     0
  3
Metric50
290
     0
100
AcDbDetailViewStyle
 70
     0
 71
     0
 90
        3
 71
     1
340
11
 62
   256
 40
5.0
340
0
 62
   256
 40
5.0
300

 40
0.0
280
     1
 71
     2
340
16
 90
       25
 62
   256
 71
     3
340
11
 62
   256
 40
5.0
 90
        0
 40
15.0
 90
        1
300
%<\AcVar ViewDetailId>% (%<\AcVar ViewScale \f "%sn">%)
 71
     4
340
16
 90
       25
 62
   256
340
16
 90
       25
 62
   256
280
     0
  0
LAYOUT
  5
22
102
{ACAD_XDICTIONARY
360
194
102
}
102
{ACAD_REACTORS
330
1A
102
}
330
1A
100
AcDbPlotSettings
  1

  2
none_device
  4
ANSI_A_(8.50_x_11.00_Inches)
  6

 40
6.349999904632568
 41
19.04999923706055
 42
6.350006103515625
 43
19.04998779296875
 44
215.8999938964844
 45
279.3999938964844
 46
0.0
 47
0.0
 48
0.0
 49
0.0
140
0.0
141
0.0
142
1.0
143
2.584895464708373
 70
 11952
 72
     0
 73
     1
 74
     0
  7

 75
     0
147
0.3868628397755418
 76
     0
 77
     2
 78
   300
148
0.0
149
0.0
100
AcDbLayout
  1
Model
 70
     1
 71
     0
 10
0.0
 20
0.0
 11
12.0
 21
9.0
 12
0.0
 22
0.0
 32
0.0
 14
0.0
 24
0.0
 34
0.0
 15
0.0
 25
0.0
 35
0.0
146
0.0
 13
0.0
 23
0.0
 33
0.0
 16
1.0
 26
0.0
 36
0.0
 17
0.0
 27
1.0
 37
0.0
 76
     0
330
1F
331
94
  0
LAYOUT
  5
59
102
{ACAD_REACTORS
330
1A
102
}
330
1A
100
AcDbPlotSettings
  1

  2
None
  4

  6

 40
0.0
 41
0.0
 42
0.0
 43
0.0
 44
0.0
 45
0.0
 46
0.0
 47
0.0
 48
0.0
 49
0.0
140
0.0
141
0.0
142
1.0
143
1.0
 70
   688
 72
     0
 73
     0
 74
     5
  7

 75
    16
147
1.0
 76
     0
 77
     2
 78
   300
148
0.0
149
0.0
100
AcDbLayout
  1
배치1
 70
     1
 71
     1
 10
0.0
 20
0.0
 11
12.0
 21
9.0
 12
0.0
 22
0.0
 32
0.0
 14
0.0
 24
0.0
 34
0.0
 15
0.0
 25
0.0
 35
0.0
146
0.0
 13
0.0
 23
0.0
 33
0.0
 16
1.0
 26
0.0
 36
0.0
 17
0.0
 27
1.0
 37
0.0
 76
     0
330
58
  0
LAYOUT
  5
5E
102
{ACAD_REACTORS
330
1A
102
}
330
1A
100
AcDbPlotSettings
  1

  2
None
  4

  6

 40
0.0
 41
0.0
 42
0.0
 43
0.0
 44
0.0
 45
0.0
 46
0.0
 47
0.0
 48
0.0
 49
0.0
140
0.0
141
0.0
142
1.0
143
1.0
 70
   688
 72
     0
 73
     0
 74
     5
  7

 75
    16
147
1.0
 76
     0
 77
     2
 78
   300
148
0.0
149
0.0
100
AcDbLayout
  1
배치2
 70
     1
 71
     2
 10
0.0
 20
0.0
 11
12.0
 21
9.0
 12
0.0
 22
0.0
 32
0.0
 14
0.0
 24
0.0
 34
0.0
 15
0.0
 25
0.0
 35
0.0
146
0.0
 13
0.0
 23
0.0
 33
0.0
 16
1.0
 26
0.0
 36
0.0
 17
0.0
 27
1.0
 37
0.0
 76
     0
330
5D
  0
MATERIAL
  5
97
102
{ACAD_XDICTIONARY
360
188
102
}
102
{ACAD_REACTORS
330
72
102
}
330
72
100
AcDbMaterial
  1
ByBlock
 94
       63
  0
MATERIAL
  5
96
102
{ACAD_XDICTIONARY
360
186
102
}
102
{ACAD_REACTORS
330
72
102
}
330
72
100
AcDbMaterial
  1
ByLayer
 94
       63
  0
MATERIAL
  5
98
102
{ACAD_XDICTIONARY
360
110
102
}
102
{ACAD_REACTORS
330
72
102
}
330
72
100
AcDbMaterial
  1
Global
 43
0.0208000000566244
 43
0.0
 43
0.0
 43
0.0
 43
0.0
 43
0.0208000000566244
 43
0.0
 43
0.0
 43
0.0
 43
0.0
 43
1.0
 43
0.0
 43
0.0
 43
0.0
 43
0.0
 43
1.0
 49
0.0208000000566244
 49
0.0
 49
0.0
 49
0.0
 49
0.0
 49
0.0208000000566244
 49
0.0
 49
0.0
 49
0.0
 49
0.0
 49
1.0
 49
0.0
 49
0.0
 49
0.0
 49
0.0
 49
1.0
142
0.0208000000566244
142
0.0
142
0.0
142
0.0
142
0.0
142
0.0208000000566244
142
0.0
142
0.0
142
0.0
142
0.0
142
1.0
142
0.0
142
0.0
142
0.0
142
0.0
142
1.0
144
0.0208000000566244
144
0.0
144
0.0
144
0.0
144
0.0
144
0.0208000000566244
144
0.0
144
0.0
144
0.0
144
0.0
144
1.0
144
0.0
144
0.0
144
0.0
144
0.0
144
1.0
 94
       63
1001
ACAD
1070
    -1
1070
     3
1070
     0
1000

1071
        0
1070
     0
  0
MLEADERSTYLE
  5
D8
102
{ACAD_REACTORS
330
D7
102
}
330
D7
100
AcDbMLeaderStyle
179
     2
170
     2
171
     1
172
     0
 90
        2
 40
0.0
 41
0.0
173
     1
 91
-1056964608
340
14
 92
       -2
290
     1
 42
0.09
291
     1
 43
0.36
  3
Standard
 44
0.18
300

342
11
174
     1
178
     1
175
     1
176
     0
 93
-1056964608
 45
0.18
292
     0
297
     0
 46
0.18
 94
-1056964608
 47
1.0
 49
1.0
140
1.0
293
     1
141
0.0
294
     1
177
     0
142
1.0
295
     0
296
     0
143
0.125
271
     0
272
     9
273
     9
298
     0
  0
MLEADERSTYLE
  5
E5
102
{ACAD_REACTORS
330
D7
102
}
330
D7
100
AcDbMLeaderStyle
179
     2
170
     2
171
     1
172
     0
 90
        2
 40
0.0
 41
0.0
173
     1
 91
-1056964608
340
14
 92
       -2
290
     1
 42
0.09
291
     1
 43
0.36
  3
Standard
 44
0.18
300

342
11
174
     1
178
     1
175
     1
176
     0
 93
-1056964608
 45
0.18
292
     0
297
     0
 46
0.18
 94
-1056964608
 47
1.0
 49
1.0
140
1.0
293
     1
141
0.0
294
     1
177
     0
142
1.0
295
     0
296
     1
143
0.125
271
     0
272
     9
273
     9
298
     0
  0
MLINESTYLE
  5
18
102
{ACAD_REACTORS
330
17
102
}
330
17
100
AcDbMlineStyle
  2
STANDARD
 70
     0
  3

 62
   256
 51
90.0
 52
90.0
 71
     2
 49
0.5
 62
   256
  6
BYLAYER
 49
-0.5
 62
   256
  6
BYLAYER
  0
ACDBPLACEHOLDER
  5
F
102
{ACAD_REACTORS
330
E
102
}
330
E
  0
SCALE
  5
B7
102
{ACAD_REACTORS
330
B6
102
}
330
B6
100
AcDbScale
 70
     0
300
1:1
140
1.0
141
1.0
290
     1
  0
SCALE
  5
124
102
{ACAD_REACTORS
330
B6
102
}
330
B6
100
AcDbScale
 70
     0
300
1:2
140
1.0
141
2.0
290
     0
  0
SCALE
  5
125
102
{ACAD_REACTORS
330
B6
102
}
330
B6
100
AcDbScale
 70
     0
300
1:4
140
1.0
141
4.0
290
     0
  0
SCALE
  5
126
102
{ACAD_REACTORS
330
B6
102
}
330
B6
100
AcDbScale
 70
     0
300
1:5
140
1.0
141
5.0
290
     0
  0
SCALE
  5
127
102
{ACAD_REACTORS
330
B6
102
}
330
B6
100
AcDbScale
 70
     0
300
1:8
140
1.0
141
8.0
290
     0
  0
SCALE
  5
128
102
{ACAD_REACTORS
330
B6
102
}
330
B6
100
AcDbScale
 70
     0
300
1:10
140
1.0
141
10.0
290
     0
  0
SCALE
  5
129
102
{ACAD_REACTORS
330
B6
102
}
330
B6
100
AcDbScale
 70
     0
300
1:16
140
1.0
141
16.0
290
     0
  0
SCALE
  5
12A
102
{ACAD_REACTORS
330
B6
102
}
330
B6
100
AcDbScale
 70
     0
300
1:20
140
1.0
141
20.0
290
     0
  0
SCALE
  5
12B
102
{ACAD_REACTORS
330
B6
102
}
330
B6
100
AcDbScale
 70
     0
300
1:30
140
1.0
141
30.0
290
     0
  0
SCALE
  5
12C
102
{ACAD_REACTORS
330
B6
102
}
330
B6
100
AcDbScale
 70
     0
300
1:40
140
1.0
141
40.0
290
     0
  0
SCALE
  5
12D
102
{ACAD_REACTORS
330
B6
102
}
330
B6
100
AcDbScale
 70
     0
300
1:50
140
1.0
141
50.0
290
     0
  0
SCALE
  5
12E
102
{ACAD_REACTORS
330
B6
102
}
330
B6
100
AcDbScale
 70
     0
300
1:100
140
1.0
141
100.0
290
     0
  0
SCALE
  5
12F
102
{ACAD_REACTORS
330
B6
102
}
330
B6
100
AcDbScale
 70
     0
300
2:1
140
2.0
141
1.0
290
     0
  0
SCALE
  5
130
102
{ACAD_REACTORS
330
B6
102
}
330
B6
100
AcDbScale
 70
     0
300
4:1
140
4.0
141
1.0
290
     0
  0
SCALE
  5
131
102
{ACAD_REACTORS
330
B6
102
}
330
B6
100
AcDbScale
 70
     0
300
8:1
140
8.0
141
1.0
290
     0
  0
SCALE
  5
132
102
{ACAD_REACTORS
330
B6
102
}
330
B6
100
AcDbScale
 70
     0
300
10:1
140
10.0
141
1.0
290
     0
  0
SCALE
  5
133
102
{ACAD_REACTORS
330
B6
102
}
330
B6
100
AcDbScale
 70
     0
300
100:1
140
100.0
141
1.0
290
     0
  0
SCALE
  5
134
102
{ACAD_REACTORS
330
B6
102
}
330
B6
100
AcDbScale
 70
     0
300
1/128" = 1'-0"
140
0.0078125
141
12.0
290
     0
  0
SCALE
  5
135
102
{ACAD_REACTORS
330
B6
102
}
330
B6
100
AcDbScale
 70
     0
300
1/64" = 1'-0"
140
0.015625
141
12.0
290
     0
  0
SCALE
  5
136
102
{ACAD_REACTORS
330
B6
102
}
330
B6
100
AcDbScale
 70
     0
300
1/32" = 1'-0"
140
0.03125
141
12.0
290
     0
  0
SCALE
  5
137
102
{ACAD_REACTORS
330
B6
102
}
330
B6
100
AcDbScale
 70
     0
300
1/16" = 1'-0"
140
0.0625
141
12.0
290
     0
  0
SCALE
  5
138
102
{ACAD_REACTORS
330
B6
102
}
330
B6
100
AcDbScale
 70
     0
300
3/32" = 1'-0"
140
0.09375
141
12.0
290
     0
  0
SCALE
  5
139
102
{ACAD_REACTORS
330
B6
102
}
330
B6
100
AcDbScale
 70
     0
300
1/8" = 1'-0"
140
0.125
141
12.0
290
     0
  0
SCALE
  5
13A
102
{ACAD_REACTORS
330
B6
102
}
330
B6
100
AcDbScale
 70
     0
300
3/16" = 1'-0"
140
0.1875
141
12.0
290
     0
  0
SCALE
  5
13B
102
{ACAD_REACTORS
330
B6
102
}
330
B6
100
AcDbScale
 70
     0
300
1/4" = 1'-0"
140
0.25
141
12.0
290
     0
  0
SCALE
  5
13C
102
{ACAD_REACTORS
330
B6
102
}
330
B6
100
AcDbScale
 70
     0
300
3/8" = 1'-0"
140
0.375
141
12.0
290
     0
  0
SCALE
  5
13D
102
{ACAD_REACTORS
330
B6
102
}
330
B6
100
AcDbScale
 70
     0
300
1/2" = 1'-0"
140
0.5
141
12.0
290
     0
  0
SCALE
  5
13E
102
{ACAD_REACTORS
330
B6
102
}
330
B6
100
AcDbScale
 70
     0
300
3/4" = 1'-0"
140
0.75
141
12.0
290
     0
  0
SCALE
  5
13F
102
{ACAD_REACTORS
330
B6
102
}
330
B6
100
AcDbScale
 70
     0
300
1" = 1'-0"
140
1.0
141
12.0
290
     0
  0
SCALE
  5
140
102
{ACAD_REACTORS
330
B6
102
}
330
B6
100
AcDbScale
 70
     0
300
1-1/2" = 1'-0"
140
1.5
141
12.0
290
     0
  0
SCALE
  5
141
102
{ACAD_REACTORS
330
B6
102
}
330
B6
100
AcDbScale
 70
     0
300
3" = 1'-0"
140
3.0
141
12.0
290
     0
  0
SCALE
  5
142
102
{ACAD_REACTORS
330
B6
102
}
330
B6
100
AcDbScale
 70
     0
300
6" = 1'-0"
140
6.0
141
12.0
290
     0
  0
SCALE
  5
143
102
{ACAD_REACTORS
330
B6
102
}
330
B6
100
AcDbScale
 70
     0
300
1'-0" = 1'-0"
140
12.0
141
12.0
290
     0
  0
ACDBSECTIONVIEWSTYLE
  5
1AA
102
{ACAD_XDICTIONARY
360
1C63
102
}
102
{ACAD_REACTORS
330
1A8
102
}
330
1A8
100
AcDbModelDocViewStyle
 70
     0
  3
Imperial24
290
     0
100
AcDbSectionViewStyle
 70
     0
 71
     0
 90
       78
 71
     1
340
11
 62
   256
 40
0.24
340
0
340
0
 62
   256
 40
0.24
300
I, O, Q, S, X, Z
 40
0.48
 90
        3
 40
0.18
 90
        1
 71
     2
340
16
 90
       25
 62
   256
340
16
 90
       50
 62
   256
 40
0.24
 40
0.0
 40
0.24
 71
     3
340
11
 62
   256
 40
0.24
 90
        1
 40
0.75
 90
        1
300
%<\AcVar ViewType \f "%tc1">% %<\AcVar ViewSectionStartId>%-%<\AcVar ViewSectionEndId>%\PSCALE %<\AcVar ViewScale \f "%sn">%
 71
     4
 62
   256
 62
   257
300
ANSI31
 40
1.0
 90
        0
290
     0
290
     0
 90
        6
 40
0.0
 40
1.570796326794896
 40
0.2617993877991494
 40
1.308996938995747
 40
-0.2617993877991494
 40
1.832595714594046
  0
ACDBSECTIONVIEWSTYLE
  5
238
102
{ACAD_XDICTIONARY
360
1C67
102
}
102
{ACAD_REACTORS
330
1A8
102
}
330
1A8
100
AcDbModelDocViewStyle
 70
     0
  3
Metric50
290
     0
100
AcDbSectionViewStyle
 70
     0
 71
     0
 90
      102
 71
     1
340
11
 62
   256
 40
5.0
340
0
340
0
 62
   256
 40
5.0
300
I, O, Q, S, X, Z
 40
10.0
 90
        0
 40
2.5
 90
        0
 71
     2
340
16
 90
       25
 62
   256
340
16
 90
       50
 62
   256
 40
5.0
 40
2.5
 40
5.0
 71
     3
340
11
 62
   256
 40
5.0
 90
        0
 40
15.0
 90
        1
300
%<\AcVar ViewSectionStartId>%-%<\AcVar ViewSectionEndId>% (%<\AcVar ViewScale \f "%sn">%)
 71
     4
 62
   256
 62
   257
300
ANSI31
 40
1.0
 90
        0
290
     0
290
     0
 90
        6
 40
0.0
 40
1.570796326794896
 40
0.2617993877991494
 40
1.308996938995747
 40
-0.2617993877991494
 40
1.832595714594046
  0
TABLESTYLE
  5
20D
102
{ACAD_XDICTIONARY
360
1C57
102
}
102
{ACAD_REACTORS
330
86
102
}
330
86
100
AcDbTableStyle
280
     0
  3

 70
     0
 71
     3
 40
0.06
 41
0.06
280
     0
281
     0
  7
Legend
140
0.18
170
     4
 62
     0
 63
     7
283
     0
 90
      512
 91
        0
  1

274
    -2
284
     0
 64
     0
275
    -2
285
     0
 65
     0
276
    -2
286
     0
 66
     0
277
    -2
287
     0
 67
     0
278
    -2
288
     0
 68
     0
279
    -2
289
     0
 69
     0
  7
Legend
140
0.25
170
     5
 62
     0
 63
     7
283
     0
 90
      512
 91
        0
  1

274
    -2
284
     0
 64
     0
275
    -2
285
     0
 65
     0
276
    -2
286
     0
 66
     0
277
    -2
287
     0
 67
     0
278
    -2
288
     0
 68
     0
279
    -2
289
     0
 69
     0
  7
Legend
140
0.18
170
     4
 62
     0
 63
     7
283
     0
 90
      512
 91
        0
  1

274
    -2
284
     0
 64
     0
275
    -2
285
     0
 65
     0
276
    -2
286
     0
 66
     0
277
    -2
287
     0
 67
     0
278
    -2
288
     0
 68
     0
279
    -2
289
     0
 69
     0
  0
TABLESTYLE
  5
87
102
{ACAD_XDICTIONARY
360
104
102
}
102
{ACAD_REACTORS
330
86
102
}
330
86
100
AcDbTableStyle
280
     0
  3
Standard
 70
     0
 71
     0
 40
0.06
 41
0.06
280
     0
281
     0
  7
Standard
140
0.18
170
     2
 62
     0
 63
     7
283
     0
 90
      512
 91
        0
  1

274
    -2
284
     1
 64
     0
275
    -2
285
     1
 65
     0
276
    -2
286
     1
 66
     0
277
    -2
287
     1
 67
     0
278
    -2
288
     1
 68
     0
279
    -2
289
     1
 69
     0
  7
Standard
140
0.25
170
     5
 62
     0
 63
     7
283
     0
 90
      512
 91
        0
  1

274
    -2
284
     1
 64
     0
275
    -2
285
     1
 65
     0
276
    -2
286
     1
 66
     0
277
    -2
287
     1
 67
     0
278
    -2
288
     1
 68
     0
279
    -2
289
     1
 69
     0
  7
Standard
140
0.18
170
     5
 62
     0
 63
     7
283
     0
 90
      512
 91
        0
  1

274
    -2
284
     1
 64
     0
275
    -2
285
     1
 65
     0
276
    -2
286
     1
 66
     0
277
    -2
287
     1
 67
     0
278
    -2
288
     1
 68
     0
279
    -2
289
     1
 69
     0
  0
VISUALSTYLE
  5
9F
102
{ACAD_REACTORS
330
99
102
}
330
99
100
AcDbVisualStyle
  2
2dWireframe
 70
     4
177
     3
291
     0
 70
    58
 90
        0
176
     1
 90
        2
176
     1
 90
        1
176
     1
 90
        0
176
     1
 40
0.6
176
     1
 40
30.0
176
     1
 62
     7
420
 16777215
176
     1
 90
        1
176
     1
 90
        4
176
     1
 62
     7
176
     1
 62
   257
176
     1
 90
        1
176
     1
 90
        1
176
     1
 40
1.0
176
     1
 90
        0
176
     1
 62
   257
176
     1
 40
1.0
176
     1
 90
        1
176
     1
 90
        6
176
     1
 90
        2
176
     1
 62
     7
176
     1
 90
        5
176
     1
 90
        0
176
     1
 90
        0
176
     1
290
     0
176
     1
 90
        1
176
     1
 40
0.0
176
     1
 90
        0
176
     1
290
     1
176
     1
290
     1
176
     1
290
     0
176
     1
290
     0
176
     1
290
     0
176
     1
290
     0
176
     1
290
     0
176
     1
290
     0
176
     1
290
     0
176
     1
 90
       50
176
     1
 40
0.0
176
     1
 40
1.0
176
     1
 90
        0
176
     1
 62
    18
420
        0
176
     1
 90
       50
176
     1
 90
        3
176
     1
 62
     5
420
      255
176
     1
290
     0
176
     1
 90
       50
176
     1
 90
       50
176
     1
 90
       50
176
     1
290
     0
176
     1
 90
       50
176
     1
 62
   256
176
     0
 40
1.0
176
     0
 90
        2
176
     1
  1
strokes_ogs.tif
176
     1
290
     0
176
     1
 40
1.0
176
     1
 40
1.0
176
     1
1001
ACAD
1000
AcDbSavedByObjectVersion
1070
     0
  0
VISUALSTYLE
  5
9E
102
{ACAD_REACTORS
330
99
102
}
330
99
100
AcDbVisualStyle
  2
Basic
 70
     7
177
     3
291
     1
 70
    58
 90
        1
176
     1
 90
        0
176
     1
 90
        1
176
     1
 90
        0
176
     1
 40
0.6
176
     1
 40
30.0
176
     1
 62
     7
420
 16777215
176
     1
 90
        0
176
     1
 90
        4
176
     1
 62
     7
176
     1
 62
   257
176
     1
 90
        1
176
     1
 90
        1
176
     1
 40
1.0
176
     1
 90
        8
176
     1
 62
     7
176
     1
 40
1.0
176
     1
 90
        1
176
     1
 90
        6
176
     1
 90
        2
176
     1
 62
     7
176
     1
 90
        5
176
     1
 90
        0
176
     1
 90
        0
176
     1
290
     0
176
     1
 90
        1
176
     1
 40
0.0
176
     1
 90
        0
176
     1
290
     0
176
     1
290
     1
176
     1
290
     1
176
     1
290
     0
176
     1
290
     0
176
     1
290
     0
176
     1
290
     0
176
     1
290
     0
176
     1
290
     0
176
     1
 90
       50
176
     1
 40
0.0
176
     1
 40
1.0
176
     1
 90
        0
176
     1
 62
    18
420
        0
176
     1
 90
       50
176
     1
 90
        3
176
     1
 62
     5
420
      255
176
     1
290
     0
176
     1
 90
       50
176
     1
 90
       50
176
     1
 90
       50
176
     1
290
     0
176
     1
 90
       50
176
     1
 62
   256
176
     0
 40
1.0
176
     0
 90
        2
176
     1
  1
strokes_ogs.tif
176
     1
290
     0
176
     1
 40
1.0
176
     1
 40
1.0
176
     1
1001
ACAD
1000
AcDbSavedByObjectVersion
1070
     0
  0
VISUALSTYLE
  5
A5
102
{ACAD_REACTORS
330
99
102
}
330
99
100
AcDbVisualStyle
  2
Brighten
 70
    12
177
     3
291
     1
 70
    58
 90
        2
176
     1
 90
        2
176
     1
 90
        1
176
     1
 90
        0
176
     1
 40
0.6
176
     1
 40
30.0
176
     1
 62
     7
420
 16777215
176
     1
 90
        1
176
     1
 90
        4
176
     1
 62
     7
176
     1
 62
   257
176
     1
 90
        1
176
     1
 90
        1
176
     1
 40
1.0
176
     1
 90
        8
176
     1
 62
     7
176
     1
 40
1.0
176
     1
 90
        1
176
     1
 90
        6
176
     1
 90
        2
176
     1
 62
     7
176
     1
 90
        5
176
     1
 90
        0
176
     1
 90
        0
176
     1
290
     0
176
     1
 90
        1
176
     1
 40
50.0
176
     1
 90
        0
176
     1
290
     0
176
     1
290
     1
176
     1
290
     1
176
     1
290
     0
176
     1
290
     0
176
     1
290
     0
176
     1
290
     0
176
     1
290
     0
176
     1
290
     0
176
     1
 90
       50
176
     1
 40
0.0
176
     1
 40
1.0
176
     1
 90
        0
176
     1
 62
    18
420
        0
176
     1
 90
       50
176
     1
 90
        3
176
     1
 62
     5
420
      255
176
     1
290
     0
176
     1
 90
       50
176
     1
 90
       50
176
     1
 90
       50
176
     1
290
     0
176
     1
 90
       50
176
     1
 62
   256
176
     0
 40
1.0
176
     0
 90
        2
176
     1
  1
strokes_ogs.tif
176
     1
290
     0
176
     1
 40
1.0
176
     1
 40
1.0
176
     1
1001
ACAD
1000
AcDbSavedByObjectVersion
1070
     0
  0
VISUALSTYLE
  5
A9
102
{ACAD_REACTORS
330
99
102
}
330
99
100
AcDbVisualStyle
  2
ColorChange
 70
    16
177
     3
291
     1
 70
    58
 90
        2
176
     1
 90
        2
176
     1
 90
        3
176
     1
 90
        0
176
     1
 40
0.6
176
     1
 40
30.0
176
     1
 62
     8
420
  8421504
176
     1
 90
        1
176
     1
 90
        4
176
     1
 62
     7
176
     1
 62
   257
176
     1
 90
        1
176
     1
 90
        1
176
     1
 40
1.0
176
     1
 90
        8
176
     1
 62
     8
420
  8421504
176
     1
 40
1.0
176
     1
 90
        1
176
     1
 90
        6
176
     1
 90
        2
176
     1
 62
     7
176
     1
 90
        5
176
     1
 90
        0
176
     1
 90
        0
176
     1
290
     0
176
     1
 90
        1
176
     1
 40
0.0
176
     1
 90
        0
176
     1
290
     0
176
     1
290
     1
176
     1
290
     1
176
     1
290
     0
176
     1
290
     0
176
     1
290
     0
176
     1
290
     0
176
     1
290
     0
176
     1
290
     0
176
     1
 90
       50
176
     1
 40
0.0
176
     1
 40
1.0
176
     1
 90
        0
176
     1
 62
    18
420
        0
176
     1
 90
       50
176
     1
 90
        3
176
     1
 62
     5
420
      255
176
     1
290
     0
176
     1
 90
       50
176
     1
 90
       50
176
     1
 90
       50
176
     1
290
     0
176
     1
 90
       50
176
     1
 62
   256
176
     0
 40
1.0
176
     0
 90
        2
176
     1
  1
strokes_ogs.tif
176
     1
290
     0
176
     1
 40
1.0
176
     1
 40
1.0
176
     1
1001
ACAD
1000
AcDbSavedByObjectVersion
1070
     0
  0
VISUALSTYLE
  5
A2
102
{ACAD_REACTORS
330
99
102
}
330
99
100
AcDbVisualStyle
  2
Conceptual
 70
     9
177
     3
291
     0
 70
    58
 90
        3
176
     1
 90
        2
176
     1
 90
        1
176
     1
 90
        0
176
     1
 40
0.6
176
     1
 40
30.0
176
     1
 62
     7
420
 16777215
176
     1
 90
        2
176
     1
 90
        2
176
     1
 62
     7
176
     1
 62
   257
176
     1
 90
        1
176
     1
 90
        1
176
     1
 40
40.0
176
     1
 90
        8
176
     1
 62
     7
176
     1
 40
1.0
176
     1
 90
        1
176
     1
 90
        6
176
     1
 90
        2
176
     1
 62
     7
176
     1
 90
        3
176
     1
 90
        0
176
     1
 90
        0
176
     1
290
     0
176
     1
 90
        1
176
     1
 40
0.0
176
     1
 90
        0
176
     1
290
     0
176
     1
290
     1
176
     1
290
     1
176
     1
290
     0
176
     1
290
     0
176
     1
290
     0
176
     1
290
     0
176
     1
290
     0
176
     1
290
     0
176
     1
 90
       50
176
     1
 40
0.0
176
     1
 40
1.0
176
     1
 90
        0
176
     1
 62
    18
420
        0
176
     1
 90
       50
176
     1
 90
        3
176
     1
 62
     5
420
      255
176
     1
290
     0
176
     1
 90
       50
176
     1
 90
       50
176
     1
 90
       50
176
     1
290
     0
176
     1
 90
       50
176
     1
 62
   256
176
     0
 40
1.0
176
     0
 90
        2
176
     1
  1
strokes_ogs.tif
176
     1
290
     0
176
     1
 40
1.0
176
     1
 40
1.0
176
     1
1001
ACAD
1000
AcDbSavedByObjectVersion
1070
     0
  0
VISUALSTYLE
  5
A4
102
{ACAD_REACTORS
330
99
102
}
330
99
100
AcDbVisualStyle
  2
Dim
 70
    11
177
     3
291
     1
 70
    58
 90
        2
176
     1
 90
        2
176
     1
 90
        1
176
     1
 90
        0
176
     1
 40
0.6
176
     1
 40
30.0
176
     1
 62
     7
420
 16777215
176
     1
 90
        1
176
     1
 90
        4
176
     1
 62
     7
176
     1
 62
   257
176
     1
 90
        1
176
     1
 90
        1
176
     1
 40
1.0
176
     1
 90
        8
176
     1
 62
     7
176
     1
 40
1.0
176
     1
 90
        1
176
     1
 90
        6
176
     1
 90
        2
176
     1
 62
     7
176
     1
 90
        5
176
     1
 90
        0
176
     1
 90
        0
176
     1
290
     0
176
     1
 90
        1
176
     1
 40
-50.0
176
     1
 90
        0
176
     1
290
     0
176
     1
290
     1
176
     1
290
     1
176
     1
290
     0
176
     1
290
     0
176
     1
290
     0
176
     1
290
     0
176
     1
290
     0
176
     1
290
     0
176
     1
 90
       50
176
     1
 40
0.0
176
     1
 40
1.0
176
     1
 90
        0
176
     1
 62
    18
420
        0
176
     1
 90
       50
176
     1
 90
        3
176
     1
 62
     5
420
      255
176
     1
290
     0
176
     1
 90
       50
176
     1
 90
       50
176
     1
 90
       50
176
     1
290
     0
176
     1
 90
       50
176
     1
 62
   256
176
     0
 40
1.0
176
     0
 90
        2
176
     1
  1
strokes_ogs.tif
176
     1
290
     0
176
     1
 40
1.0
176
     1
 40
1.0
176
     1
1001
ACAD
1000
AcDbSavedByObjectVersion
1070
     0
  0
VISUALSTYLE
  5
175
102
{ACAD_REACTORS
330
99
102
}
330
99
100
AcDbVisualStyle
  2
EdgeColorOff
 70
    22
177
     3
291
     1
 70
    58
 90
        2
176
     0
 90
        2
176
     0
 90
        0
176
     0
 90
        0
176
     0
 40
0.6
176
     0
 40
30.0
176
     0
 62
     7
420
 16777215
176
     0
 90
        1
176
     0
 90
        4
176
     0
 62
     7
176
     0
 62
   257
176
     0
 90
        1
176
     0
 90
        1
176
     0
 40
1.0
176
     0
 90
        8
176
     2
 62
     7
176
     0
 40
1.0
176
     0
 90
        1
176
     0
 90
        6
176
     0
 90
        2
176
     0
 62
     7
176
     0
 90
        5
176
     0
 90
        0
176
     0
 90
        0
176
     0
290
     0
176
     0
 90
        1
176
     0
 40
0.0
176
     0
 90
        0
176
     0
290
     0
176
     1
290
     1
176
     1
290
     1
176
     1
290
     0
176
     1
290
     0
176
     1
290
     0
176
     1
290
     0
176
     1
290
     0
176
     1
290
     0
176
     1
 90
       50
176
     1
 40
0.0
176
     1
 40
1.0
176
     1
 90
        0
176
     1
 62
    18
420
        0
176
     1
 90
       50
176
     1
 90
        3
176
     1
 62
     5
420
      255
176
     1
290
     0
176
     1
 90
       50
176
     1
 90
       50
176
     1
 90
       50
176
     1
290
     0
176
     1
 90
       50
176
     1
 62
   256
176
     0
 40
1.0
176
     0
 90
        2
176
     1
  1
strokes_ogs.tif
176
     1
290
     0
176
     1
 40
1.0
176
     1
 40
1.0
176
     1
1001
ACAD
1000
AcDbSavedByObjectVersion
1070
     0
  0
VISUALSTYLE
  5
A8
102
{ACAD_REACTORS
330
99
102
}
330
99
100
AcDbVisualStyle
  2
Facepattern
 70
    15
177
     3
291
     1
 70
    58
 90
        2
176
     1
 90
        2
176
     1
 90
        1
176
     1
 90
        0
176
     1
 40
0.6
176
     1
 40
30.0
176
     1
 62
     7
420
 16777215
176
     1
 90
        1
176
     1
 90
        4
176
     1
 62
     7
176
     1
 62
   257
176
     1
 90
        1
176
     1
 90
        1
176
     1
 40
1.0
176
     1
 90
        8
176
     1
 62
     7
176
     1
 40
1.0
176
     1
 90
        1
176
     1
 90
        6
176
     1
 90
        2
176
     1
 62
     7
176
     1
 90
        5
176
     1
 90
        0
176
     1
 90
        0
176
     1
290
     0
176
     1
 90
        1
176
     1
 40
0.0
176
     1
 90
        0
176
     1
290
     0
176
     1
290
     1
176
     1
290
     1
176
     1
290
     0
176
     1
290
     0
176
     1
290
     0
176
     1
290
     0
176
     1
290
     0
176
     1
290
     0
176
     1
 90
       50
176
     1
 40
0.0
176
     1
 40
1.0
176
     1
 90
        0
176
     1
 62
    18
420
        0
176
     1
 90
       50
176
     1
 90
        3
176
     1
 62
     5
420
      255
176
     1
290
     0
176
     1
 90
       50
176
     1
 90
       50
176
     1
 90
       50
176
     1
290
     0
176
     1
 90
       50
176
     1
 62
   256
176
     0
 40
1.0
176
     0
 90
        2
176
     1
  1
strokes_ogs.tif
176
     1
290
     0
176
     1
 40
1.0
176
     1
 40
1.0
176
     1
1001
ACAD
1000
AcDbSavedByObjectVersion
1070
     0
  0
VISUALSTYLE
  5
9A
102
{ACAD_REACTORS
330
99
102
}
330
99
100
AcDbVisualStyle
  2
Flat
 70
     0
177
     3
291
     1
 70
    58
 90
        2
176
     1
 90
        1
176
     1
 90
        1
176
     1
 90
        2
176
     1
 40
0.6
176
     1
 40
30.0
176
     1
 62
     7
420
 16777215
176
     1
 90
        0
176
     1
 90
        0
176
     1
 62
     7
176
     1
 62
   257
176
     1
 90
        1
176
     1
 90
        1
176
     1
 40
1.0
176
     1
 90
        8
176
     1
 62
     7
176
     1
 40
1.0
176
     1
 90
        1
176
     1
 90
        6
176
     1
 90
        2
176
     1
 62
     7
176
     1
 90
        5
176
     1
 90
        0
176
     1
 90
        0
176
     1
290
     0
176
     1
 90
       13
176
     1
 40
0.0
176
     1
 90
        0
176
     1
290
     0
176
     1
290
     1
176
     1
290
     1
176
     1
290
     0
176
     1
290
     0
176
     1
290
     0
176
     1
290
     0
176
     1
290
     0
176
     1
290
     0
176
     1
 90
       50
176
     1
 40
0.0
176
     1
 40
1.0
176
     1
 90
        0
176
     1
 62
    18
420
        0
176
     1
 90
       50
176
     1
 90
        3
176
     1
 62
     5
420
      255
176
     1
290
     0
176
     1
 90
       50
176
     1
 90
       50
176
     1
 90
       50
176
     1
290
     0
176
     1
 90
       50
176
     1
 62
   256
176
     0
 40
1.0
176
     0
 90
        2
176
     1
  1
strokes_ogs.tif
176
     1
290
     0
176
     1
 40
1.0
176
     1
 40
1.0
176
     1
1001
ACAD
1000
AcDbSavedByObjectVersion
1070
     0
  0
VISUALSTYLE
  5
9B
102
{ACAD_REACTORS
330
99
102
}
330
99
100
AcDbVisualStyle
  2
FlatWithEdges
 70
     1
177
     3
291
     1
 70
    58
 90
        2
176
     1
 90
        1
176
     1
 90
        1
176
     1
 90
        2
176
     1
 40
0.6
176
     1
 40
30.0
176
     1
 62
     7
420
 16777215
176
     1
 90
        1
176
     1
 90
        0
176
     1
 62
     7
176
     1
 62
   257
176
     1
 90
        1
176
     1
 90
        1
176
     1
 40
1.0
176
     1
 90
        0
176
     1
 62
   257
176
     1
 40
1.0
176
     1
 90
        1
176
     1
 90
        6
176
     1
 90
        2
176
     1
 62
     7
176
     1
 90
        5
176
     1
 90
        0
176
     1
 90
        0
176
     1
290
     0
176
     1
 90
       13
176
     1
 40
0.0
176
     1
 90
        0
176
     1
290
     0
176
     1
290
     1
176
     1
290
     1
176
     1
290
     0
176
     1
290
     0
176
     1
290
     0
176
     1
290
     0
176
     1
290
     0
176
     1
290
     0
176
     1
 90
       50
176
     1
 40
0.0
176
     1
 40
1.0
176
     1
 90
        0
176
     1
 62
    18
420
        0
176
     1
 90
       50
176
     1
 90
        3
176
     1
 62
     5
420
      255
176
     1
290
     0
176
     1
 90
       50
176
     1
 90
       50
176
     1
 90
       50
176
     1
290
     0
176
     1
 90
       50
176
     1
 62
   256
176
     0
 40
1.0
176
     0
 90
        2
176
     1
  1
strokes_ogs.tif
176
     1
290
     0
176
     1
 40
1.0
176
     1
 40
1.0
176
     1
1001
ACAD
1000
AcDbSavedByObjectVersion
1070
     0
  0
VISUALSTYLE
  5
9C
102
{ACAD_REACTORS
330
99
102
}
330
99
100
AcDbVisualStyle
  2
Gouraud
 70
     2
177
     3
291
     1
 70
    58
 90
        2
176
     1
 90
        2
176
     1
 90
        1
176
     1
 90
        2
176
     1
 40
0.6
176
     1
 40
30.0
176
     1
 62
     7
420
 16777215
176
     1
 90
        0
176
     1
 90
        0
176
     1
 62
     7
176
     1
 62
   257
176
     1
 90
        1
176
     1
 90
        1
176
     1
 40
1.0
176
     1
 90
        0
176
     1
 62
     7
176
     1
 40
1.0
176
     1
 90
        1
176
     1
 90
        6
176
     1
 90
        2
176
     1
 62
     7
176
     1
 90
        5
176
     1
 90
        0
176
     1
 90
        0
176
     1
290
     0
176
     1
 90
       13
176
     1
 40
0.0
176
     1
 90
        0
176
     1
290
     0
176
     1
290
     1
176
     1
290
     1
176
     1
290
     0
176
     1
290
     0
176
     1
290
     0
176
     1
290
     0
176
     1
290
     0
176
     1
290
     0
176
     1
 90
       50
176
     1
 40
0.0
176
     1
 40
1.0
176
     1
 90
        0
176
     1
 62
    18
420
        0
176
     1
 90
       50
176
     1
 90
        3
176
     1
 62
     5
420
      255
176
     1
290
     0
176
     1
 90
       50
176
     1
 90
       50
176
     1
 90
       50
176
     1
290
     0
176
     1
 90
       50
176
     1
 62
   256
176
     0
 40
1.0
176
     0
 90
        2
176
     1
  1
strokes_ogs.tif
176
     1
290
     0
176
     1
 40
1.0
176
     1
 40
1.0
176
     1
1001
ACAD
1000
AcDbSavedByObjectVersion
1070
     0
  0
VISUALSTYLE
  5
9D
102
{ACAD_REACTORS
330
99
102
}
330
99
100
AcDbVisualStyle
  2
GouraudWithEdges
 70
     3
177
     3
291
     1
 70
    58
 90
        2
176
     1
 90
        2
176
     1
 90
        1
176
     1
 90
        2
176
     1
 40
0.6
176
     1
 40
30.0
176
     1
 62
     7
420
 16777215
176
     1
 90
        1
176
     1
 90
        0
176
     1
 62
     7
176
     1
 62
   257
176
     1
 90
        1
176
     1
 90
        1
176
     1
 40
1.0
176
     1
 90
        0
176
     1
 62
   257
176
     1
 40
1.0
176
     1
 90
        1
176
     1
 90
        6
176
     1
 90
        2
176
     1
 62
     7
176
     1
 90
        5
176
     1
 90
        0
176
     1
 90
        0
176
     1
290
     0
176
     1
 90
       13
176
     1
 40
0.0
176
     1
 90
        0
176
     1
290
     0
176
     1
290
     1
176
     1
290
     1
176
     1
290
     0
176
     1
290
     0
176
     1
290
     0
176
     1
290
     0
176
     1
290
     0
176
     1
290
     0
176
     1
 90
       50
176
     1
 40
0.0
176
     1
 40
1.0
176
     1
 90
        0
176
     1
 62
    18
420
        0
176
     1
 90
       50
176
     1
 90
        3
176
     1
 62
     5
420
      255
176
     1
290
     0
176
     1
 90
       50
176
     1
 90
       50
176
     1
 90
       50
176
     1
290
     0
176
     1
 90
       50
176
     1
 62
   256
176
     0
 40
1.0
176
     0
 90
        2
176
     1
  1
strokes_ogs.tif
176
     1
290
     0
176
     1
 40
1.0
176
     1
 40
1.0
176
     1
1001
ACAD
1000
AcDbSavedByObjectVersion
1070
     0
  0
VISUALSTYLE
  5
A1
102
{ACAD_REACTORS
330
99
102
}
330
99
100
AcDbVisualStyle
  2
Hidden
 70
     6
177
     3
291
     0
 70
    58
 90
        1
176
     1
 90
        2
176
     1
 90
        2
176
     1
 90
        0
176
     1
 40
0.6
176
     1
 40
30.0
176
     1
 62
     7
420
 16777215
176
     1
 90
        2
176
     1
 90
        2
176
     1
 62
     7
176
     1
 62
   257
176
     1
 90
        2
176
     1
 90
        1
176
     1
 40
40.0
176
     1
 90
        0
176
     1
 62
   257
176
     1
 40
1.0
176
     1
 90
        1
176
     1
 90
        6
176
     1
 90
        2
176
     1
 62
     7
176
     1
 90
        3
176
     1
 90
        0
176
     1
 90
        0
176
     1
290
     0
176
     1
 90
        1
176
     1
 40
0.0
176
     1
 90
        0
176
     1
290
     0
176
     1
290
     1
176
     1
290
     1
176
     1
290
     0
176
     1
290
     0
176
     1
290
     0
176
     1
290
     0
176
     1
290
     0
176
     1
290
     0
176
     1
 90
       50
176
     1
 40
0.0
176
     1
 40
1.0
176
     1
 90
        0
176
     1
 62
    18
420
        0
176
     1
 90
       50
176
     1
 90
        3
176
     1
 62
     5
420
      255
176
     1
290
     0
176
     1
 90
       50
176
     1
 90
       50
176
     1
 90
       50
176
     1
290
     0
176
     1
 90
       50
176
     1
 62
   256
176
     0
 40
1.0
176
     0
 90
        2
176
     1
  1
strokes_ogs.tif
176
     1
290
     0
176
     1
 40
1.0
176
     1
 40
1.0
176
     1
1001
ACAD
1000
AcDbSavedByObjectVersion
1070
     0
  0
VISUALSTYLE
  5
173
102
{ACAD_REACTORS
330
99
102
}
330
99
100
AcDbVisualStyle
  2
JitterOff
 70
    20
177
     3
291
     1
 70
    58
 90
        2
176
     0
 90
        2
176
     0
 90
        0
176
     0
 90
        0
176
     0
 40
0.6
176
     0
 40
30.0
176
     0
 62
     7
420
 16777215
176
     0
 90
        1
176
     0
 90
        4
176
     0
 62
     7
176
     0
 62
   257
176
     0
 90
        1
176
     0
 90
        1
176
     0
 40
1.0
176
     0
 90
       10
176
     2
 62
     7
176
     0
 40
1.0
176
     0
 90
        1
176
     0
 90
        6
176
     0
 90
        2
176
     0
 62
     7
176
     0
 90
        5
176
     0
 90
        0
176
     0
 90
        0
176
     0
290
     0
176
     0
 90
        1
176
     0
 40
0.0
176
     0
 90
        0
176
     0
290
     0
176
     1
290
     1
176
     1
290
     1
176
     1
290
     0
176
     1
290
     0
176
     1
290
     0
176
     1
290
     0
176
     1
290
     0
176
     1
290
     0
176
     1
 90
       50
176
     1
 40
0.0
176
     1
 40
1.0
176
     1
 90
        0
176
     1
 62
    18
420
        0
176
     1
 90
       50
176
     1
 90
        3
176
     1
 62
     5
420
      255
176
     1
290
     0
176
     1
 90
       50
176
     1
 90
       50
176
     1
 90
       50
176
     1
290
     0
176
     1
 90
       50
176
     1
 62
   256
176
     0
 40
1.0
176
     0
 90
        2
176
     1
  1
strokes_ogs.tif
176
     1
290
     0
176
     1
 40
1.0
176
     1
 40
1.0
176
     1
1001
ACAD
1000
AcDbSavedByObjectVersion
1070
     0
  0
VISUALSTYLE
  5
A7
102
{ACAD_REACTORS
330
99
102
}
330
99
100
AcDbVisualStyle
  2
Linepattern
 70
    14
177
     3
291
     1
 70
    58
 90
        2
176
     1
 90
        2
176
     1
 90
        1
176
     1
 90
        0
176
     1
 40
0.6
176
     1
 40
30.0
176
     1
 62
     7
420
 16777215
176
     1
 90
        1
176
     1
 90
        4
176
     1
 62
     7
176
     1
 62
   257
176
     1
 90
        7
176
     1
 90
        7
176
     1
 40
1.0
176
     1
 90
        8
176
     1
 62
     7
176
     1
 40
1.0
176
     1
 90
        1
176
     1
 90
        6
176
     1
 90
        2
176
     1
 62
     7
176
     1
 90
        5
176
     1
 90
        0
176
     1
 90
        0
176
     1
290
     0
176
     1
 90
        1
176
     1
 40
0.0
176
     1
 90
        0
176
     1
290
     0
176
     1
290
     1
176
     1
290
     1
176
     1
290
     0
176
     1
290
     0
176
     1
290
     0
176
     1
290
     0
176
     1
290
     0
176
     1
290
     0
176
     1
 90
       50
176
     1
 40
0.0
176
     1
 40
1.0
176
     1
 90
        0
176
     1
 62
    18
420
        0
176
     1
 90
       50
176
     1
 90
        3
176
     1
 62
     5
420
      255
176
     1
290
     0
176
     1
 90
       50
176
     1
 90
       50
176
     1
 90
       50
176
     1
290
     0
176
     1
 90
       50
176
     1
 62
   256
176
     0
 40
1.0
176
     0
 90
        2
176
     1
  1
strokes_ogs.tif
176
     1
290
     0
176
     1
 40
1.0
176
     1
 40
1.0
176
     1
1001
ACAD
1000
AcDbSavedByObjectVersion
1070
     0
  0
VISUALSTYLE
  5
174
102
{ACAD_REACTORS
330
99
102
}
330
99
100
AcDbVisualStyle
  2
OverhangOff
 70
    21
177
     3
291
     1
 70
    58
 90
        2
176
     0
 90
        2
176
     0
 90
        0
176
     0
 90
        0
176
     0
 40
0.6
176
     0
 40
30.0
176
     0
 62
     7
420
 16777215
176
     0
 90
        1
176
     0
 90
        4
176
     0
 62
     7
176
     0
 62
   257
176
     0
 90
        1
176
     0
 90
        1
176
     0
 40
1.0
176
     0
 90
        9
176
     2
 62
     7
176
     0
 40
1.0
176
     0
 90
        1
176
     0
 90
        6
176
     0
 90
        2
176
     0
 62
     7
176
     0
 90
        5
176
     0
 90
        0
176
     0
 90
        0
176
     0
290
     0
176
     0
 90
        1
176
     0
 40
0.0
176
     0
 90
        0
176
     0
290
     0
176
     1
290
     1
176
     1
290
     1
176
     1
290
     0
176
     1
290
     0
176
     1
290
     0
176
     1
290
     0
176
     1
290
     0
176
     1
290
     0
176
     1
 90
       50
176
     1
 40
0.0
176
     1
 40
1.0
176
     1
 90
        0
176
     1
 62
    18
420
        0
176
     1
 90
       50
176
     1
 90
        3
176
     1
 62
     5
420
      255
176
     1
290
     0
176
     1
 90
       50
176
     1
 90
       50
176
     1
 90
       50
176
     1
290
     0
176
     1
 90
       50
176
     1
 62
   256
176
     0
 40
1.0
176
     0
 90
        2
176
     1
  1
strokes_ogs.tif
176
     1
290
     0
176
     1
 40
1.0
176
     1
 40
1.0
176
     1
1001
ACAD
1000
AcDbSavedByObjectVersion
1070
     0
  0
VISUALSTYLE
  5
A3
102
{ACAD_REACTORS
330
99
102
}
330
99
100
AcDbVisualStyle
  2
Realistic
 70
     8
177
     3
291
     0
 70
    58
 90
        2
176
     1
 90
        3
176
     1
 90
        0
176
     1
 90
        2
176
     1
 40
0.6
176
     1
 40
30.0
176
     1
 62
     7
420
 16777215
176
     1
 90
        0
176
     1
 90
        0
176
     1
 62
     7
176
     1
 62
   257
176
     1
 90
        1
176
     1
 90
        1
176
     1
 40
1.0
176
     1
 90
        8
176
     1
 62
   257
176
     1
 40
1.0
176
     1
 90
        1
176
     1
 90
        6
176
     1
 90
        2
176
     1
 62
     7
176
     1
 90
        3
176
     1
 90
        0
176
     1
 90
        0
176
     1
290
     0
176
     1
 90
       13
176
     1
 40
0.0
176
     1
 90
        0
176
     1
290
     0
176
     1
290
     1
176
     1
290
     1
176
     1
290
     0
176
     1
290
     0
176
     1
290
     0
176
     1
290
     0
176
     1
290
     0
176
     1
290
     0
176
     1
 90
       50
176
     1
 40
0.0
176
     1
 40
1.0
176
     1
 90
        0
176
     1
 62
    18
420
        0
176
     1
 90
       50
176
     1
 90
        3
176
     1
 62
     5
420
      255
176
     1
290
     0
176
     1
 90
       50
176
     1
 90
       50
176
     1
 90
       50
176
     1
290
     0
176
     1
 90
       50
176
     1
 62
   256
176
     0
 40
1.0
176
     0
 90
        2
176
     1
  1
strokes_ogs.tif
176
     1
290
     0
176
     1
 40
1.0
176
     1
 40
1.0
176
     1
1001
ACAD
1000
AcDbSavedByObjectVersion
1070
     0
  0
VISUALSTYLE
  5
182
102
{ACAD_REACTORS
330
99
102
}
330
99
100
AcDbVisualStyle
  2
Shaded
 70
    27
177
     3
291
     0
 70
    58
 90
        2
176
     1
 90
        2
176
     1
 90
        1
176
     1
 90
        2
176
     1
 40
0.6
176
     1
 40
30.0
176
     1
 62
     7
420
 16777215
176
     1
 90
        0
176
     1
 90
        4
176
     1
 62
     7
176
     1
 62
   257
176
     1
 90
        1
176
     1
 90
        1
176
     1
 40
1.0
176
     1
 90
        8
176
     1
 62
   257
176
     1
 40
1.0
176
     1
 90
        1
176
     1
 90
        6
176
     1
 90
        2
176
     1
 62
     8
420
  7895160
176
     1
 90
        3
176
     1
 90
        0
176
     1
 90
        0
176
     1
290
     0
176
     1
 90
        5
176
     1
 40
0.0
176
     1
 90
        0
176
     1
290
     0
176
     1
290
     1
176
     1
290
     1
176
     1
290
     0
176
     1
290
     0
176
     1
290
     0
176
     1
290
     0
176
     1
290
     0
176
     1
290
     0
176
     1
 90
       50
176
     1
 40
0.0
176
     1
 40
1.0
176
     1
 90
        0
176
     1
 62
    18
420
        0
176
     1
 90
       50
176
     1
 90
        3
176
     1
 62
     5
420
      255
176
     1
290
     0
176
     1
 90
       50
176
     1
 90
       50
176
     1
 90
       50
176
     1
290
     0
176
     1
 90
       50
176
     1
 62
   256
176
     0
 40
1.0
176
     0
 90
        2
176
     1
  1
strokes_ogs.tif
176
     1
290
     0
176
     1
 40
1.0
176
     1
 40
1.0
176
     1
1001
ACAD
1000
AcDbSavedByObjectVersion
1070
     0
  0
VISUALSTYLE
  5
181
102
{ACAD_REACTORS
330
99
102
}
330
99
100
AcDbVisualStyle
  2
Shaded with edges
 70
    26
177
     3
291
     0
 70
    58
 90
        2
176
     1
 90
        2
176
     1
 90
        1
176
     1
 90
        2
176
     1
 40
0.6
176
     1
 40
30.0
176
     1
 62
     7
420
 16777215
176
     1
 90
        1
176
     1
 90
        2
176
     1
 62
     7
176
     1
 62
   257
176
     1
 90
        2
176
     1
 90
        1
176
     1
 40
1.0
176
     1
 90
        8
176
     1
 62
   257
176
     1
 40
1.0
176
     1
 90
        1
176
     1
 90
        6
176
     1
 90
        2
176
     1
 62
     7
176
     1
 90
        3
176
     1
 90
        0
176
     1
 90
        0
176
     1
290
     0
176
     1
 90
        5
176
     1
 40
0.0
176
     1
 90
        0
176
     1
290
     0
176
     1
290
     1
176
     1
290
     1
176
     1
290
     0
176
     1
290
     0
176
     1
290
     0
176
     1
290
     0
176
     1
290
     0
176
     1
290
     0
176
     1
 90
       50
176
     1
 40
0.0
176
     1
 40
1.0
176
     1
 90
        0
176
     1
 62
    18
420
        0
176
     1
 90
       50
176
     1
 90
        3
176
     1
 62
     5
420
      255
176
     1
290
     0
176
     1
 90
       50
176
     1
 90
       50
176
     1
 90
       50
176
     1
290
     0
176
     1
 90
       50
176
     1
 62
   256
176
     0
 40
1.0
176
     0
 90
        2
176
     1
  1
strokes_ogs.tif
176
     1
290
     0
176
     1
 40
1.0
176
     1
 40
1.0
176
     1
1001
ACAD
1000
AcDbSavedByObjectVersion
1070
     0
  0
VISUALSTYLE
  5
17E
102
{ACAD_REACTORS
330
99
102
}
330
99
100
AcDbVisualStyle
  2
Shades of Gray
 70
    23
177
     3
291
     0
 70
    58
 90
        2
176
     1
 90
        2
176
     1
 90
        3
176
     1
 90
        0
176
     1
 40
0.6
176
     1
 40
30.0
176
     1
 62
     7
420
 16777215
176
     1
 90
        2
176
     1
 90
        2
176
     1
 62
     7
176
     1
 62
     7
176
     1
 90
        1
176
     1
 90
        1
176
     1
 40
40.0
176
     1
 90
        8
176
     1
 62
     7
176
     1
 40
1.0
176
     1
 90
        1
176
     1
 90
        6
176
     1
 90
        2
176
     1
 62
     7
176
     1
 90
        3
176
     1
 90
        0
176
     1
 90
        0
176
     1
290
     0
176
     1
 90
        1
176
     1
 40
0.0
176
     1
 90
        0
176
     1
290
     0
176
     1
290
     1
176
     1
290
     1
176
     1
290
     0
176
     1
290
     0
176
     1
290
     0
176
     1
290
     0
176
     1
290
     0
176
     1
290
     0
176
     1
 90
       50
176
     1
 40
0.0
176
     1
 40
1.0
176
     1
 90
        0
176
     1
 62
    18
420
        0
176
     1
 90
       50
176
     1
 90
        3
176
     1
 62
     5
420
      255
176
     1
290
     0
176
     1
 90
       50
176
     1
 90
       50
176
     1
 90
       50
176
     1
290
     0
176
     1
 90
       50
176
     1
 62
   256
176
     0
 40
1.0
176
     0
 90
        2
176
     1
  1
strokes_ogs.tif
176
     1
290
     0
176
     1
 40
1.0
176
     1
 40
1.0
176
     1
1001
ACAD
1000
AcDbSavedByObjectVersion
1070
     0
  0
VISUALSTYLE
  5
17F
102
{ACAD_REACTORS
330
99
102
}
330
99
100
AcDbVisualStyle
  2
Sketchy
 70
    24
177
     3
291
     0
 70
    58
 90
        1
176
     1
 90
        2
176
     1
 90
        2
176
     1
 90
        0
176
     1
 40
0.6
176
     1
 40
30.0
176
     1
 62
     7
420
 16777215
176
     1
 90
        2
176
     1
 90
        2
176
     1
 62
     7
176
     1
 62
     7
176
     1
 90
        1
176
     1
 90
        1
176
     1
 40
40.0
176
     1
 90
       11
176
     1
 62
     7
176
     1
 40
1.0
176
     1
 90
        1
176
     1
 90
        6
176
     1
 90
        2
176
     1
 62
     7
176
     1
 90
        6
176
     1
 90
        0
176
     1
 90
        0
176
     1
290
     0
176
     1
 90
        1
176
     1
 40
0.0
176
     1
 90
        0
176
     1
290
     0
176
     1
290
     1
176
     1
290
     1
176
     1
290
     0
176
     1
290
     0
176
     1
290
     0
176
     1
290
     0
176
     1
290
     0
176
     1
290
     0
176
     1
 90
       50
176
     1
 40
0.0
176
     1
 40
1.0
176
     1
 90
        0
176
     1
 62
    18
420
        0
176
     1
 90
       50
176
     1
 90
        3
176
     1
 62
     5
420
      255
176
     1
290
     0
176
     1
 90
       50
176
     1
 90
       50
176
     1
 90
       50
176
     1
290
     0
176
     1
 90
       50
176
     1
 62
   256
176
     0
 40
1.0
176
     0
 90
        2
176
     1
  1
strokes_ogs.tif
176
     1
290
     0
176
     1
 40
1.0
176
     1
 40
1.0
176
     1
1001
ACAD
1000
AcDbSavedByObjectVersion
1070
     0
  0
VISUALSTYLE
  5
A6
102
{ACAD_REACTORS
330
99
102
}
330
99
100
AcDbVisualStyle
  2
Thicken
 70
    13
177
     3
291
     1
 70
    58
 90
        2
176
     1
 90
        2
176
     1
 90
        1
176
     1
 90
        0
176
     1
 40
0.6
176
     1
 40
30.0
176
     1
 62
     7
420
 16777215
176
     1
 90
        1
176
     1
 90
        4
176
     1
 62
     7
176
     1
 62
   257
176
     1
 90
        1
176
     1
 90
        1
176
     1
 40
1.0
176
     1
 90
       12
176
     1
 62
     7
176
     1
 40
1.0
176
     1
 90
        1
176
     1
 90
        6
176
     1
 90
        2
176
     1
 62
     7
176
     1
 90
        5
176
     1
 90
        0
176
     1
 90
        0
176
     1
290
     0
176
     1
 90
        1
176
     1
 40
0.0
176
     1
 90
        0
176
     1
290
     0
176
     1
290
     1
176
     1
290
     1
176
     1
290
     0
176
     1
290
     0
176
     1
290
     0
176
     1
290
     0
176
     1
290
     0
176
     1
290
     0
176
     1
 90
       50
176
     1
 40
0.0
176
     1
 40
1.0
176
     1
 90
        0
176
     1
 62
    18
420
        0
176
     1
 90
       50
176
     1
 90
        3
176
     1
 62
     5
420
      255
176
     1
290
     0
176
     1
 90
       50
176
     1
 90
       50
176
     1
 90
       50
176
     1
290
     0
176
     1
 90
       50
176
     1
 62
   256
176
     0
 40
1.0
176
     0
 90
        2
176
     1
  1
strokes_ogs.tif
176
     1
290
     0
176
     1
 40
1.0
176
     1
 40
1.0
176
     1
1001
ACAD
1000
AcDbSavedByObjectVersion
1070
     0
  0
VISUALSTYLE
  5
A0
102
{ACAD_REACTORS
330
99
102
}
330
99
100
AcDbVisualStyle
  2
Wireframe
 70
     5
177
     3
291
     0
 70
    58
 90
        0
176
     1
 90
        2
176
     1
 90
        0
176
     1
 90
        0
176
     1
 40
0.6
176
     1
 40
30.0
176
     1
 62
     7
420
 16777215
176
     1
 90
        1
176
     1
 90
        4
176
     1
 62
     7
176
     1
 62
   257
176
     1
 90
        1
176
     1
 90
        1
176
     1
 40
1.0
176
     1
 90
        0
176
     1
 62
   257
176
     1
 40
1.0
176
     1
 90
        1
176
     1
 90
        6
176
     1
 90
        2
176
     1
 62
     7
176
     1
 90
        3
176
     1
 90
        0
176
     1
 90
        0
176
     1
290
     0
176
     1
 90
        1
176
     1
 40
0.0
176
     1
 90
        0
176
     1
290
     0
176
     1
290
     1
176
     1
290
     1
176
     1
290
     0
176
     1
290
     0
176
     1
290
     0
176
     1
290
     0
176
     1
290
     0
176
     1
290
     0
176
     1
 90
       50
176
     1
 40
0.0
176
     1
 40
1.0
176
     1
 90
        0
176
     1
 62
    18
420
        0
176
     1
 90
       50
176
     1
 90
        3
176
     1
 62
     5
420
      255
176
     1
290
     0
176
     1
 90
       50
176
     1
 90
       50
176
     1
 90
       50
176
     1
290
     0
176
     1
 90
       50
176
     1
 62
   256
176
     0
 40
1.0
176
     0
 90
        2
176
     1
  1
strokes_ogs.tif
176
     1
290
     0
176
     1
 40
1.0
176
     1
 40
1.0
176
     1
1001
ACAD
1000
AcDbSavedByObjectVersion
1070
     0
  0
VISUALSTYLE
  5
180
102
{ACAD_REACTORS
330
99
102
}
330
99
100
AcDbVisualStyle
  2
X-Ray
 70
    25
177
     3
291
     0
 70
    58
 90
        2
176
     1
 90
        2
176
     1
 90
        1
176
     1
 90
        1
176
     1
 40
0.5
176
     1
 40
30.0
176
     1
 62
     7
420
 16777215
176
     1
 90
        1
176
     1
 90
        0
176
     1
 62
     7
176
     1
 62
   257
176
     1
 90
        1
176
     1
 90
        1
176
     1
 40
1.0
176
     1
 90
        8
176
     1
 62
     7
176
     1
 40
1.0
176
     1
 90
        1
176
     1
 90
        6
176
     1
 90
        2
176
     1
 62
     7
176
     1
 90
        3
176
     1
 90
        0
176
     1
 90
        0
176
     1
290
     0
176
     1
 90
       13
176
     1
 40
0.0
176
     1
 90
        0
176
     1
290
     0
176
     1
290
     1
176
     1
290
     1
176
     1
290
     0
176
     1
290
     0
176
     1
290
     0
176
     1
290
     0
176
     1
290
     0
176
     1
290
     0
176
     1
 90
       50
176
     1
 40
0.0
176
     1
 40
1.0
176
     1
 90
        0
176
     1
 62
    18
420
        0
176
     1
 90
       50
176
     1
 90
        3
176
     1
 62
     5
420
      255
176
     1
290
     0
176
     1
 90
       50
176
     1
 90
       50
176
     1
 90
       50
176
     1
290
     0
176
     1
 90
       50
176
     1
 62
   256
176
     0
 40
1.0
176
     0
 90
        2
176
     1
  1
strokes_ogs.tif
176
     1
290
     0
176
     1
 40
1.0
176
     1
 40
1.0
176
     1
1001
ACAD
1000
AcDbSavedByObjectVersion
1070
     0
  0
DICTIONARYVAR
  5
1BEA
102
{ACAD_REACTORS
330
1BE9
102
}
330
1BE9
100
DictionaryVariables
280
     0
  1
1
  0
DICTIONARYVAR
  5
1BEB
102
{ACAD_REACTORS
330
1BE9
102
}
330
1BE9
100
DictionaryVariables
280
     0
  1
1
  0
DICTIONARYVAR
  5
1BEC
102
{ACAD_REACTORS
330
1BE9
102
}
330
1BE9
100
DictionaryVariables
280
     0
  1
1:1
  0
DICTIONARYVAR
  5
1BED
102
{ACAD_REACTORS
330
1BE9
102
}
330
1BE9
100
DictionaryVariables
280
     0
  1
STANDARD
  0
DICTIONARYVAR
  5
1BEE
102
{ACAD_REACTORS
330
1BE9
102
}
330
1BE9
100
DictionaryVariables
280
     0
  1
STANDARD
  0
DICTIONARYVAR
  5
1BEF
102
{ACAD_REACTORS
330
1BE9
102
}
330
1BE9
100
DictionaryVariables
280
     0
  1
Imperial24
  0
DICTIONARYVAR
  5
1BF0
102
{ACAD_REACTORS
330
1BE9
102
}
330
1BE9
100
DictionaryVariables
280
     0
  1
Imperial24
  0
DICTIONARYVAR
  5
1BF1
102
{ACAD_REACTORS
330
1BE9
102
}
330
1BE9
100
DictionaryVariables
280
     0
  1
S-DIM
  0
DICTIONARYVAR
  5
1BF2
102
{ACAD_REACTORS
330
1BE9
102
}
330
1BE9
100
DictionaryVariables
280
     0
  1
BYLAYER
  0
DICTIONARYVAR
  5
1BF3
102
{ACAD_REACTORS
330
1BE9
102
}
330
1BE9
100
DictionaryVariables
280
     0
  1
!!! 건설 인테리어 0522
1001
AcadStringInfo
1000
MIFCodePage
1070
     3
  0
DICTIONARYVAR
  5
1BF4
102
{ACAD_REACTORS
330
1BE9
102
}
330
1BE9
100
DictionaryVariables
280
     0
  1
50
  0
DICTIONARYVAR
  5
1BF5
102
{ACAD_REACTORS
330
1BE9
102
}
330
1BE9
100
DictionaryVariables
280
     0
  1
0
  0
DICTIONARYVAR
  5
1BF6
102
{ACAD_REACTORS
330
1BE9
102
}
330
1BE9
100
DictionaryVariables
280
     0
  1
0
  0
DICTIONARYVAR
  5
1BF7
102
{ACAD_REACTORS
330
1BE9
102
}
330
1BE9
100
DictionaryVariables
280
     0
  1
2
  0
DICTIONARYVAR
  5
1BF8
102
{ACAD_REACTORS
330
1BE9
102
}
330
1BE9
100
DictionaryVariables
280
     0
  1
1
  0
DICTIONARYVAR
  5
1BF9
102
{ACAD_REACTORS
330
1BE9
102
}
330
1BE9
100
DictionaryVariables
280
     0
  1
0
  0
DICTIONARYVAR
  5
1BFA
102
{ACAD_REACTORS
330
1BE9
102
}
330
1BE9
100
DictionaryVariables
280
     0
  1
0
  0
DICTIONARY
  5
1C62
102
{ACAD_REACTORS
330
1C60
102
}
330
1C60
100
AcDbDictionary
281
     1
  0
DICTIONARY
  5
1C61
102
{ACAD_REACTORS
330
1C60
102
}
330
1C60
100
AcDbDictionary
281
     1
  3
2950607167024
350
1C5B
  3
2950607167040
350
1C5C
  3
2950607167056
350
1C5D
  3
2950607167072
350
1C5E
  3
2950607167088
350
1C5F
  0
XRECORD
  5
1C4E
102
{ACAD_REACTORS
330
21B
102
}
330
21B
100
AcDbXrecord
280
     1
1000
ADE02C001
1070
     1
1070
     0
1002
{
1002
}
1002
{
1002
}
1002
{
1002
}
1000

  0
XRECORD
  5
220
102
{ACAD_REACTORS
330
21E
102
}
330
21E
100
AcDbXrecord
280
     1
  0
DMSTYLIZEDENTITIESTABLE
  5
215
102
{ACAD_REACTORS
330
204
102
}
330
204
100
AcMapDMStylizedEntitiesTable
 70
     1
  0
MAPRESOURCEMANAGEROBJECT
  5
209
102
{ACAD_REACTORS
330
204
102
}
330
204
100
AcMapResourceManager
 70
     1
 90
        0
  0
DATATABLE
  5
208
102
{ACAD_REACTORS
330
204
102
}
330
204
100
AcDbDataTable
 70
     2
 90
        4
 91
       15
  1

 92
        3
  2
OriginalClassName
  3
AcMapDMDefaultStyle
  3
AcMapDMEntityStyle
  3
AcMapDMRasterStyle
  3
AcMapDMSEAnnotationStyle
  3
AcMapDMSEHatchStyle
  3
AcMapDMSETextStyle
  3
AcMapDMThematicStyle
  3
AcMapDMBaseElement
  3
AcMapDMAttachedDwgsQueryElement
  3
AcMapDMFeatureElement
  3
AcMapDMLayerElement
  3
AcMapDMCurrentDwgQueryElement
  3
AcMapDMRasterElement
  3
AcMapDMTopoElement
  3
AcMapDMTopoQueryElement
 92
        3
  2
ProxyDisplayName
  3
Default
  3
Entity
  3
Raster
  3
Annotation
  3
Hatch
  3
Text
  3
Thematic
  3
Map Base
  3
Ade Query
  3
Feature Class
  3
Layer
  3
Ade Project Query
  3
Raster
  3
Topology
  3
Topology Query
 92
        1
  2
CustomObjectType
 93
        2
 93
        2
 93
        2
 93
        2
 93
        2
 93
        2
 93
        2
 93
        1
 93
        1
 93
        1
 93
        1
 93
        1
 93
        1
 93
        1
 93
        1
 92
        1
  2
StyleCoExistanceType
 93
        1
 93
        1
 93
        1
 93
        1
 93
        1
 93
        1
 93
        2
 93
        0
 93
        0
 93
        0
 93
        0
 93
        0
 93
        0
 93
        0
 93
        0
  0
DMMAPMANAGER
  5
205
102
{ACAD_REACTORS
330
204
102
}
330
204
100
AcDbDictionary
281
     1
  3
DisplayMap1
350
20B
100
AcDbDictionaryWithDefault
340
20B
100
AcMapDMMapManager
 70
     1
340
20B
  0
DMSTYLELIBRARY
  5
206
102
{ACAD_REACTORS
330
204
102
}
330
204
100
AcMapDMStyleLibrary
 70
     1
 70
     1
360
207
  0
DICTIONARY
  5
216
102
{ACAD_REACTORS
330
204
102
}
330
204
100
AcDbDictionary
281
     1
  0
DICTIONARY
  5
1C65
330
1AC
100
AcDbDictionary
280
     1
281
     1
  3
ACAD_XREC_ROUNDTRIP
360
1C66
  0
DICTIONARY
  5
1C69
330
239
100
AcDbDictionary
280
     1
281
     1
  3
ACAD_XREC_ROUNDTRIP
360
1C6A
  0
DICTIONARY
  5
194
330
22
100
AcDbDictionary
280
     1
281
     1
  0
DICTIONARY
  5
188
330
97
100
AcDbDictionary
280
     1
281
     1
  3
FBXASSET
360
189
  0
DICTIONARY
  5
186
330
96
100
AcDbDictionary
280
     1
281
     1
  3
FBXASSET
360
187
  0
DICTIONARY
  5
110
330
98
100
AcDbDictionary
280
     1
281
     1
  3
BUMPTILE
360
112
  3
DIFFUSETILE
360
111
  3
FBXASSET
360
18A
  3
OPACITYTILE
360
113
  3
REFLECTIONTILE
360
114
  0
DICTIONARY
  5
1C63
330
1AA
100
AcDbDictionary
280
     1
281
     1
  3
ACAD_XREC_ROUNDTRIP
360
1C64
  0
DICTIONARY
  5
1C67
330
238
100
AcDbDictionary
280
     1
281
     1
  3
ACAD_XREC_ROUNDTRIP
360
1C68
  0
DICTIONARY
  5
1C57
330
20D
100
AcDbDictionary
280
     1
281
     1
  3
ACAD_ROUNDTRIP_2008_TABLESTYLE_CELLSTYLEMAP
360
1C58
  0
DICTIONARY
  5
104
330
87
100
AcDbDictionary
280
     1
281
     1
  3
ACAD_ROUNDTRIP_2008_TABLESTYLE_CELLSTYLEMAP
360
1C56
  0
XRECORD
  5
1C5B
102
{ACAD_REACTORS
330
1C61
102
}
330
1C61
100
AcDbXrecord
280
     1
  1
AcDb_Thumbnail_Schema
102
{ATTRRECORD
341
1C5C
  2
AcDbDs::TreatedAsObjectData
280
     1
291
     1
102
ATTRRECORD}
102
{ATTRRECORD
341
1C5D
  2
AcDbDs::Legacy
280
     1
291
     1
102
ATTRRECORD}
  2
AcDbDs::ID
280
    10
 91
        8
102
{ATTRRECORD
341
1C5E
  2
AcDs:Indexable
280
     1
291
     1
102
ATTRRECORD}
102
{ATTRRECORD
341
1C5F
  2
AcDbDs::HandleAttribute
280
     7
282
     1
102
ATTRRECORD}
  2
Thumbnail_Data
280
    15
 91
        0
  0
XRECORD
  5
1C5C
102
{ACAD_REACTORS
330
1C61
102
}
330
1C61
100
AcDbXrecord
280
     1
  1
AcDbDs::TreatedAsObjectDataSchema
  2
AcDbDs::TreatedAsObjectData
280
     1
 91
        0
  0
XRECORD
  5
1C5D
102
{ACAD_REACTORS
330
1C61
102
}
330
1C61
100
AcDbXrecord
280
     1
  1
AcDbDs::LegacySchema
  2
AcDbDs::Legacy
280
     1
 91
        0
  0
XRECORD
  5
1C5E
102
{ACAD_REACTORS
330
1C61
102
}
330
1C61
100
AcDbXrecord
280
     1
  1
AcDbDs::IndexedPropertySchema
  2
AcDs:Indexable
280
     1
 91
        0
  0
XRECORD
  5
1C5F
102
{ACAD_REACTORS
330
1C61
102
}
330
1C61
100
AcDbXrecord
280
     1
  1
AcDbDs::HandleAttributeSchema
  2
AcDbDs::HandleAttribute
280
     7
 91
        1
284
     1
  0
DMMAP
  5
20B
102
{ACAD_REACTORS
330
205
330
20E
102
}
330
205
100
AcMapDMMap
 70
     1
  1
기본값
 70
     1
330
0
100
AcMapDMMap
 70
     1
 90
        1
360
20E
 90
        1
 40
1.797693134862314E+99
 70
     1
100
AcMapDMMap
 70
     6
 70
     0
 40
1.797693134862314E+99
290
     1
290
     1
 40
1.0
 40
3.0
  1
Legend
 90
        1
 40
1.797693134862314E+99
  1

 70
     0
 40
1.0
 70
     1
 90
        0
 90
        1
360
20F
 40
280.7957773597633
290
     0
290
     1
 40
1.0
 90
       40
290
     0
290
     1
 40
175185.3286124375
 40
416454.2369449271
 40
179315.7567196577
 40
419895.9351882603
  1

290
     1
 40
123.5167496935449
 40
51.4866775483815
  0
DMSTYLECATEGORY
  5
207
102
{ACAD_REACTORS
330
206
102
}
330
206
100
AcMapDMStyleCategory
 70
     1
  1
화면표시 스타일
 70
     0
  0
XRECORD
  5
1C66
102
{ACAD_REACTORS
330
1C65
102
}
330
1C65
100
AcDbXrecord
280
     1
102
DISPLAYNAME
  1
Imperial24
102
FLAGS
 90
        0
  0
XRECORD
  5
1C6A
102
{ACAD_REACTORS
330
1C69
102
}
330
1C69
100
AcDbXrecord
280
     1
102
DISPLAYNAME
  1
Metric50
102
FLAGS
 90
        0
  0
XRECORD
  5
189
102
{ACAD_REACTORS
330
188
102
}
330
188
100
AcDbXrecord
280
     1
 70
     1
 90
429727718
  1
508B35C9-AEE7-456F-BE74-D52651303AC6
310
504B03040A0000080000B670623B3DEE336E79000000790000001B0000006175746F6465736B2D64657369676E2D7061636B6167652E786D6C3C3F786D6C2076657273696F6E3D22312E302220656E636F64696E673D227574662D3822203F3E3C666F726D6174733E3C666F726D61743E687474703A2F2F736368656D612E
310
6175746F6465736B2E636F6D2F64657369676E2D7061636B6167652F323030393C2F666F726D61743E3C2F666F726D6174733E504B0304140006080800B670623BD486FD9CA0000000F4000000130000005B436F6E74656E745F54797065735D2E786D6C7D8EC10E82300C865F65E91D8A1E8C310C0EEA1BF002731658846E
310
D98AC1B77784ABF1D8FE5FBFBF75BBCE937A534CCEB38643598122B6FEE978D0B0485F9C41B54DDD7D022595594E1A469170414C76A4D9A4D207E29CF43ECE46F218070CC6BECC4078ACAA135ACF422C856C0E68EA1BF5669944DDD7BCDE7B1F8E415D77AECB980613C2E4AC91FC167A2B244592486606FC29C8FD7F045B9A
310
EF7053A7E60B504B0304140006080800B670623B28ED286BEB0000007C01000008000000636F72652E786D6C8D90416EC3201045AF82665B6183218D6D61A254764FD00B204C5C94182C03558F5F9C3852BBEB6A467FFE9B197D71FA9E6FE8CBACC17AD7012D0820E3B41FAD9B3A48F1826B40272956EFE32F1B20A766D3C1
310
268314D3EAD3B24BDABB685CCCAAF3A3D94515828980F42D371D04FD696655A814B3235C8B45E9AB9A4C419F5D8653B2237A1CB163DE672FD6AC209BF3C08E0D1B30EB19C3FC9D72FCC6EB231EFA33EDE96BDD341517E5064B11EDFCBCAF57A3A2194156843498524CAA0FCA5B7268F9E185D42D21A2DCEC7FA0B48CFF8492
310
759155FBBB0F2C80A4F991FB408A72CB22977B50B96EB9C91F504B0304140006080800B670623B55019EA25F0000007C00000007000000636E782E786D6C4DCB3B0E80201045D1AD90E915ED2CF8AC45050C11660C8261F98AB1B07AC9C97D42D718D865D3E909258CFD00CCE24AC6E326A164D74DC0B4128928FF32603847
310
2BA13128B1252AC747C6BAB984FC68F0B87FE8960A5C09FE86CFB69FBA01504B0304140006080800B670623B7BC41AC871010000D40300000C0000006662782F636F72652E786D6CC553ED6E8320147D15C2DF4501B56B6D90A64BBB27D80B50A5CE54C120983EFEAE1F4DD7A56BBA5FF3879273EEE59E7310BE393735EA95
310
ED2AA333CC428A91D2B9292A5D66D8BB63B0C26823B835C67D2BC348CB46657880B1E0A535BE9DA1DC68A7B403549B42CDA0EC3AE530CA6B5864B8CB3F552343E91D5474A7B095F949962A6421D0502778E72C0840D390E18DC5F170E664C205F7BE2A66B62A605A75AC94C522DDEEE3651AEF837817C741F2CE92E02D592D
310
83FD6ECB76EC7595A651C2C9D02CB8AB9A8BBADC2AE954814544691A3016D0E883256BBA58278B17BA5A53CAC9507ED3E4DBE2C9265F691747B3DCA9ADC382819091F8E1162272A8933DE82182932144F88C09DF060D8140C84E1EEA8B8F1340BDCA9DB1093085F157AA97B557309586747CD0EF0B4EA64E983A6E0EAEEFCE
310
889E9EF17847386AA94B30211D2C0FDE0D3AF9A4610EAD5536E8DD1969631B593F67E381C33F5157F17725E5A636F6BF1491F980C8FC7B90E13E8A2F504B0304140006080800B670623B70102A487D0000009D0000000B0000006662782F636E782E786D6C4DCCD10A83201886E15B91FFDC95A5C30335ACCDFB886521330D
310
A76397BF1A1DECE883878F57749FD5A3B74D2F17830472A901D9F088930B8B849267CC01754AA418F3DF0D5018572BE160506249B16C274D761E8BCFBB7A179E27F65CB39A0F14D396184C9921B81F34C3ACA1B4B99ABB6E6F062A25AA5F69DF23ACBE504B0304140006080800B670623B3610CA3329010000120200003100
310
00006662782F42384135303843342D343331462D343546312D424341352D3532343432364645413344462F636F72652E786D6C8D515B6EC32010BC0AE22B55850D0E446E848992B43E412FE000495162B07854397EA176A4F62F3F2C9A9D991D58BEBB8F37F0AD7D30CE76905418026DA553C65E3A98E219B510EC04F7CEC5
310
3F3408EC30EA0E16180A7EF12E4D0B249D8DDAC68C5AA7F4020E21E80881BCE54B0783FCD2E3500D296646B856D320AFC34557A4CAEDCC133C449F0380794839A138B47B86DB2345744D7A44594FD0E1B867883594369BFE63BF7EEF793D0B054FC9A8456E548E63CE46FB674D8A58F068C6477CE9F510B582A2C1F80D1182
310
70F349E816B32D65AFB8DD62CCEB42FF274A937A52948C8DEB66893BCB021484D7734370E5D2E9F608A3EF93F3119479ABA0E50B14B8C298119A43CCC4FCFCECB8A18B6388CEE7EF5D5D4F994BD86CBBA182D76543B9FCAE2FD7B24DF103504B0304140006080800B670623B1B8617914E0100003303000030000000666278
310
2F42384135303843342D343331462D343546312D424341352D3532343432364645413344462F636E782E786D6CD593C16EC32010447F0571AD6CE3D489D20813A9877E410FBD62D82434182CC055F3F75D1292E692438FBD206B7698593D61BEFD1E2DF982108D773D6D6B460938E5B571FB9ECE6957AD29D90A1EBC4F7736
310
4A9C1CA1A759A682EF839FA72269D8C9D92654AD71C72206887E0E0A22CAF926B15E498B01E0AA19451807D01A34B919F16B070157417138917400F2F6FA41FCF0092A45DEE414C19BDC21783E4BD39D891265658C3D8DEA00A3ACE59CBC8678ACB54CB26EEB6BD7839D7E9348BE70AD9C8321B9BCA7F9A4A26C542347DEE0
310
50F09802D22BA6749A800A394DD62899107273365E3C82CFC6A55557BC06C10774B7ABE7AEC3B0F34CF06446280E154026D0542C187BA9DAB6628BF7B6DBB0E5A65B3EB1F58631DE64BBE083F7B65CC218087E22CABB042E51D1F2268F1FE12B3EA24D40D63E9CFE00120194D60B9D5BC67FE6D39CDF37E20AF817881F504B
310
0304140006080800B670623BBFEF2E3B690500003C100000340000006662782F42384135303843342D343331462D343546312D424341352D3532343432364645413344462F6F626A656374732E786D6CAD575D739B3814FD2B0CFB0C98D84E931D4227B6938EA793B6534F3BFB90198F0099B001899144EAECAFDF231018B0
310
D37A3FFC609090EEE7B94757C1FB7D915B2F54C88CB31BDB7727B64559CC938CA53776A576CE956DBD0F03C1B9EA2DB32D460A7A63EB693B0C52C1ABD24C257447AA5C8D66EF177F5832A68CDA569C13296F6C193FD182B8A4523CA1F2D94D88226EBADBBBBEDB2C1C8A4D05299F46424B222853B014F30C52ACC6287F389C
310
D85E1878FA7B18E87FB36AFAF62AAFF667A83F635211161F291B8999FAB3D5DDC5FCDA99CF6653677679E13B8BFBC5CAF1DF4D27CBCBE5F2FAF6EE1A8AA51290642C117467871F101B91C581D77CEA2C36869F3229E68CD1B8F61F1ED6361B89092D294B90C78C4A68EB793D190E7D1D9BDEE7A91E1B95FDE9F3BCEAEFE809
310
6A6D6F9F7D4B79F4275C90E7A04248AA51D5C4C738DAE06F72885AC4796EBE65D22A88A22223B995679120E2D50EB1542F098381188D4EA111AE3DB043FF20AF6F2B4AE3D7D83D65E5AECA730D4D3BAC91BD05FEA992B565D95F549CD6069B90AB2A63EACA38A45E4B6A87D781574F86817E4C2FCCC72690D62E2729520E37
310
9BAF234797BAF6D62B3BFC781FED37BA1E4F2B2F052FA9501A3E80569BB8F6A9A364D4FA67654E6F803383981F82F21591FF84F23D9882BC896C3FDBCF8C162508933B2E0AE4C69DD43F6BD2BE38DDDBF10BF86CB4FA784D37F3AF16075E67EC9030DECA1FC0A55373F5DFF3378C591FA9BDF485C10B0A8C8BA909E5262639
310
A8E72163488806A595734C81CB77D1DE0ED7604A303B76913CEC0272F412782FF88EFF4636D8AA56DF7B322474C4B767303F625997056C7B032C473C592B36CEBD15F3F9FF5233B7ABCDC74D257624A60F8658567497B14CE1EC3C80B76FD02011038F9EE9EB0F2E12387A9C844D3F09855125116D1D731DF8B43D2CF4E0A0
310
79A020C6BE946BCE0B7EA1E1219331CD73C228AF5A2DDD31A4B1DA918CE91350854D40A71723140BFA92E94E62B0626016CEFA5864A50E5977E8753CEDBEE1CBB7F52780D20E17AF0BA0F5F9B02A3AD07DCC732EB6D1EBB661421BE0C39E21BABF0FE16D22EA6929407C8DE596724C88B749B6DB5512BC7B228ADFD7CB7EA6
310
3A22397E690BA8D5D8D4E40CEC8CDA23C2C0B7D5898640101CEC9C6D331CE328CB93CAFBBAC70A642DF70DF95155945B52F08AA973C23469FD69ADEF84F7BB18F983A8F8C90E37F5D35980B2139A1C523540813E824EF83448CF7C72B598CE97D7CEEDDDDD3B6736BFBC771677EF66CE6A7E7139F7A793E9EDF2B2B3A8B624
310
0CDA13AA5F8388264EC4A0129909F3B7F5A16CEDF08128E97D680ACA4B9BE7B7B58BB638F0B00700EF36AE8B32A705658A68F83EE897FC2B41573190D1CCAF0B92D233A47CFEB019D9809933F67DD1A5467F8CF69AD9A5AE859342D45355448C64F968A371DC2D596ADC6E43D93D1B466F877A64E2893E54F23C4B40388995
310
525E5005DA3983ED45412510D3EFCA13737B3863F74BD30F2A12E5B4B5E489A025CE25500DB855B11ACE5BBFA185D35DD48D8DC3CE7DC69F2944DB42AA6F6CF09BCA622ADD08C7A36E7C6AE18000BAB08E040135C2D21C9D75B3A91B77BB746C403F38018DFE6EC939DD92F16B40BC05294B9CDA035AAD6D330AE27FE4786B
310
8E45145EA34A75BE1C263A676A35A8ACC6297337400BF16C54EF515F3F77CB77EB3583889C754FFA29081AA98E2222ADEF05DA3E63D2EDEA8B8756C05A7FB6CABC4A91CBF325398202CC952E70A008A830324BA200D5E5EF8F5F04C75DB4B0EE3340E071C98B823333B83577596BF3849B69F2085AA0FAFA212F26BEFF5877
310
FDE622B28D88A42E49E43326DA82D31E8CB006401E1DA726059ECEC168F97A6599036306A135688F9AD2E61A6EA178F4CD51974A9F2CCB9F36FE5EBD14601068D9C3BF01504B0304140006080000B670623B000000000000000000000000350000006662782F42384135303843342D343331462D343546312D424341352D35
310
32343432364645413344462F76657274696365732E62696E504B0304140006080800B670623BF270F1330600000004000000360000006662782F42384135303843342D343331462D343546312D424341352D3532343432364645413344462F747269616E676C65732E62696E636660600000504B0304140006080000B67062
310
3B000000000000000000000000370000006662782F42384135303843342D343331462D343546312D424341352D3532343432364645413344462F617474726962757465732E62696E504B0304140006080800B670623B08DA0BD19000000041010000360000006662782F42384135303843342D343331462D343546312D4243
310
41352D3532343432364645413344462F6469726563746F72792E786D6C858F410AC3201045AF22B36F53E9A60B35CBEEBAE80D244E44489C6234F4F835464A48035D0DF398FF9F8AF63D0E6CC63039F212F8F9020C7D47C6792B21C5FE7403D62A1188E2E60C98D7234A5830286103A55745067B9D86B8A3CF9C7F90C11DE6
310
07FB144396D7B6A82D282E9A152AD114D5EF2CB866EEE831B8EEA07A7BB5A8D7D61A2BAAEB7FD5F70921FF497D00504B0304140006080800B670623B3B4606F3FE000000A00100003B0000006662782F42384135303843342D343331462D343546312D424341352D3532343432364645413344462F7265736F75726365732F
310
636F72652E786D6C8D504B6E833010BD0A9A6D65B08134808CA354A427E8052C332156828DFCA97AFC9A40A576D7CDCCE87D344F8F9FBEE647F689CE6B6B7A6039850C8DB2A336530F315C4903D94970676DF82583CCC8197B5861107C72362E3BA4AC096842428D1D7107A5F71820538F74F4E0D50D6799CB1892C2DFF345
310
AABB9C306779A2934E701F5C0A906D4FD609C2A1B7D129F4BCD858C163D4E3AED163FAA9AF1A1D88F67CA98E6D35906AA82A52BFB39ABCD5CD915C86331BD86BD3B665CD8BD52C78D0F34F46E550061C419494B6843142CB0F5677F4D0D58717DA7494F26295FF31C565FCA7296A13AA728FBBD93C0896823C09C18BB5AFB4
310
9E65A6BD762BBE01504B010214000A0000080000B670623B3DEE336E79000000790000001B00000000000000000000000000000000006175746F6465736B2D64657369676E2D7061636B6167652E786D6C504B01021400140006080800B670623BD486FD9CA0000000F40000001300000000000000000000000000B2000000
310
5B436F6E74656E745F54797065735D2E786D6C504B01021400140006080800B670623B28ED286BEB0000007C010000080000000000000000000000000083010000636F72652E786D6C504B01021400140006080800B670623B55019EA25F0000007C000000070000000000000000000000000094020000636E782E786D6C50
310
4B01021400140006080800B670623B7BC41AC871010000D40300000C00000000000000000000000000180300006662782F636F72652E786D6C504B01021400140006080800B670623B70102A487D0000009D0000000B00000000000000000000000000B30400006662782F636E782E786D6C504B01021400140006080800B6
310
70623B3610CA3329010000120200003100000000000000000000000000590500006662782F42384135303843342D343331462D343546312D424341352D3532343432364645413344462F636F72652E786D6C504B01021400140006080800B670623B1B8617914E010000330300003000000000000000000000000000D10600
310
006662782F42384135303843342D343331462D343546312D424341352D3532343432364645413344462F636E782E786D6C504B01021400140006080800B670623BBFEF2E3B690500003C10000034000000000000000000000000006D0800006662782F42384135303843342D343331462D343546312D424341352D35323434
310
32364645413344462F6F626A656374732E786D6C504B01021400140006080000B670623B0000000000000000000000003500000000000000000000000000280E00006662782F42384135303843342D343331462D343546312D424341352D3532343432364645413344462F76657274696365732E62696E504B010214001400
310
06080800B670623BF270F133060000000400000036000000000000000000000000007B0E00006662782F42384135303843342D343331462D343546312D424341352D3532343432364645413344462F747269616E676C65732E62696E504B01021400140006080000B670623B00000000000000000000000037000000000000
310
00000000000000D50E00006662782F42384135303843342D343331462D343546312D424341352D3532343432364645413344462F617474726962757465732E62696E504B01021400140006080800B670623B08DA0BD1900000004101000036000000000000000000000000002A0F00006662782F42384135303843342D3433
310
31462D343546312D424341352D3532343432364645413344462F6469726563746F72792E786D6C504B01021400140006080800B670623B3B4606F3FE000000A00100003B000000000000000000000000000E1000006662782F42384135303843342D343331462D343546312D424341352D3532343432364645413344462F72
310
65736F75726365732F636F72652E786D6C504B0506000000000E000E0080040000651100000000
  0
XRECORD
  5
187
102
{ACAD_REACTORS
330
186
102
}
330
186
100
AcDbXrecord
280
     1
 70
     1
 90
429727718
  1
887D55A9-D0DD-414E-B741-A7DCD4DA2B4C
310
504B03040A0000080000B670623B3DEE336E79000000790000001B0000006175746F6465736B2D64657369676E2D7061636B6167652E786D6C3C3F786D6C2076657273696F6E3D22312E302220656E636F64696E673D227574662D3822203F3E3C666F726D6174733E3C666F726D61743E687474703A2F2F736368656D612E
310
6175746F6465736B2E636F6D2F64657369676E2D7061636B6167652F323030393C2F666F726D61743E3C2F666F726D6174733E504B0304140006080800B670623BD486FD9CA0000000F4000000130000005B436F6E74656E745F54797065735D2E786D6C7D8EC10E82300C865F65E91D8A1E8C310C0EEA1BF002731658846E
310
D98AC1B77784ABF1D8FE5FBFBF75BBCE937A534CCEB38643598122B6FEE978D0B0485F9C41B54DDD7D022595594E1A469170414C76A4D9A4D207E29CF43ECE46F218070CC6BECC4078ACAA135ACF422C856C0E68EA1BF5669944DDD7BCDE7B1F8E415D77AECB980613C2E4AC91FC167A2B244592486606FC29C8FD7F045B9A
310
EF7053A7E60B504B0304140006080800B670623BBC1638F5EC0000007C01000008000000636F72652E786D6C8D90416EC3201045AF82665B61836BE2D8C24471DB9CA01740401C94182C03558F5F9C3852BBEB6A467FFE9B197D7EF89E6EE8CB2CC17AD7032D0820E394D7D68D3DA478C67B4007C117EFE32F1B202727D3C3
310
2A83E0E3E2D3BC49CABB685CCCAAF3DA6CA20CC14440EA969B1E82BA98491632C5EC08D76296EA2A4753D06797E194AC468F2356E77DF66CCD02825543D50CACC62D39ED70FDC68EB8FD68F6F8787A6784342D1DDA1D2F5758F068A7E77DB518198D065111D2624A31A93E69DD11D6D5EC85EC3B4278B9DAFF4069D6FF8492
310
75F1B5DADE7D600104CD8FDC0782976B16B9DC83CA75CD4DFC00504B0304140006080800B670623B55019EA25F0000007C00000007000000636E782E786D6C4DCB3B0E80201045D1AD90E915ED2CF8AC45050C11660C8261F98AB1B07AC9C97D42D718D865D3E909258CFD00CCE24AC6E326A164D74DC0B4128928FF326038
310
472BA13128B1252AC747C6BAB984FC68F0B87FE8960A5C09FE86CFB69FBA01504B0304140006080800B670623B3586FFB671010000D40300000C0000006662782F636F72652E786D6CC553ED6E8320147D15C2DF4541A76D6D90A6DDD627D80B50A4CE54C120983EFEAE1F4DD7A55BBA5FF3879273EEE59E7310B6393735EA
310
95ED2AA3731C851423A5A5292A5DE6D8BB63B0C268C39935C67D29C3488B46E578803167A535BE9D2169B453DA01AA4DA16650749D7218C91A1639EEE4876A4428BC838AEE14B6429E44A9C228041AEA38EB9C0501681A32BC313F1ECE8C4C3867DE57C5CC56054CAB8E95B298A7F12E5EEED224C8E87E11242FE936C8DE96
310
AB60BB7F4D295D66D12E5B30323473E6AAE6A24E5A259C2A308F29CD82280A68FC1E256B9AAE93F489AED694323294DF34F9B678B0C957DA3DC7B3DCA9ADC33C022123F1CD2D44E450277AD04338234388F01913BE0D1A0281909D38D4171F27807A259DB1093085F157AA17B557309586747CD0CF0B46A64E983A6E0EAEEF
310
CE881F9EF1FB8E70D44297604238581EBC1B74B249C31C5AAB6CD0BB33D2C636A27ECCC62F0EFF445DC5DF95244D6DEC7F2922F30191F9F720C37DE49F504B0304140006080800B670623B4220A0FF7D0000009D0000000B0000006662782F636E782E786D6C4DCCD10A83201886E15B91FFDCE542CB0335D0EC3E6259C84A
310
C3E9D8E5AF46073BFAE0E1E315DD675BD1DBA5978F41C2FD4600B9F088930F8B849267CC01754AA418F3DF0D50183727E164506249B1EC174D6E1ECB9A0F5D7D785E68DB8151CD286E5A5363CA6B8A39E90D36D40E96B086F55A43A544F52B1D7B86D517504B0304140006080800B670623B2FA3FEDE290100001202000031
310
0000006662782F45374635344235342D363743322D343832342D383044432D4334454645303536354442422F636F72652E786D6C8D515B6EC32010BC0AE22B55850D2E386E848994D7097A0117488A1283C5A3CAF10BB523B57FF961D1ECCCECC0F2ED7DBC816FED8371B687A4C210682B9D32F6D2C314CFA883602BB8772E
310
FEA141608751F7B0C050F08B77695A20E96CD43666D43AA5177008414708E42D5F7A18E4971E876A483133C2B59A06791D2EBA22556E679EE021FA1C00CC43CA09C5717D6274C7286AD7FB06D1AEA1A8C3873DDAD3E3E98859CB0EBB1DAF67A1E02919B5C88DCA71CCD968FFAC49110B1ECDF8882FBD1EA256503418BF2342
310
106E3E08DD60B6A1EC15771B8C795DE8FF4469524F8A92B1F1AD59E2CEB20005E1F5DC105CB9F4797B84D1F7C9F908CABC55D0F2050A5C61CC1AD2F27A26E6E767C7962E8E213A9FBF7775FDCC5CC266DB960A5E970DE5F2BBBE5CCB36C50F504B0304140006080800B670623B1B8617914E01000033030000300000006662
310
782F45374635344235342D363743322D343832342D383044432D4334454645303536354442422F636E782E786D6CD593C16EC32010447F0571AD6CE3D489D20813A9877E410FBD62D82434182CC055F3F75D1292E692438FBD206B7698593D61BEFD1E2DF982108D773D6D6B460938E5B571FB9ECE6957AD29D90A1EBC4F77
310
364A9C1CA1A759A682EF839FA72269D8C9D92654AD71C72206887E0E0A22CAF926B15E498B01E0AA19451807D01A34B919F16B070157417138917400F2F6FA41FCF0092A45DEE414C19BDC21783E4BD39D891265658C3D8DEA00A3ACE59CBC8678ACB54CB26EEB6BD7839D7E9348BE70AD9C8321B9BCA7F9A4A26C542347DE
310
E050F09802D22BA6749A800A394DD62899107273365E3C82CFC6A55557BC06C10774B7ABE7AEC3B0F34CF06446280E154026D0542C187BA9DAB6628BF7B6DBB0E5A65B3EB1F58631DE64BBE083F7B65CC218087E22CABB042E51D1F2268F1FE12B3EA24D40D63E9CFE00120194D60B9D5BC67FE6D39CDF37E20AF817881F50
310
4B0304140006080800B670623B29652116630500003C100000340000006662782F45374635344235342D363743322D343832342D383044432D4334454645303536354442422F6F626A656374732E786D6CAD575D739B3814FD2B0CFB0C989834C90EA1639B24E3E9A6EDD4D3CE3E64C623834CD8006224913AFDF57B040203
310
B65BEF871F0C12D2FD3CF7E8CA7FBFCB33E3957291B2E2D674ED8969D02262715A24B76625B7D6B569BC0F7CCE98EC2D338D82E4F4D654D366E0279C55A59E8AE99654991CCDDECFFF3444440B6A1A514684B83545F44C7362934AB2988A173B2692D8C97667BB76B3702836E1A47C1E092D09A78584A5982F20C5688C7287
310
C389E904BEA3BE07BEFAD7ABA6A75739B53F43FD69212429A20365233153D70BEF2E2E6FAC4BCF9B5ADEBB0BD79ADFCF43CBBD9A4E16EF168B9BD9DD0D140BC921495BC2E9D60C1E101B9E46BED37CEA2CD6861F3329624541A3DA7F7858DBAC25C6B4A4458C3CA654405BCFEBC970E8AAD8F43E4FD558ABEC4F9FE7557F47
310
4F506B7BFBEC5BCA367FC105710E2AB8A00A554D7CB4A30DFE26FBA86D18CBF4B75418399194A72433B274C3097F33032C554B027F2046A1932B842B0FCCC0DDCBEBDB8AD2F835768F59B9ADB24C41D30C6A64AF817F2A456D59FA83F2E3DA60137255A585BCD60EC9B7929AC18DEFD49381AF1ED30BFDB109A4B1CD488294
310
C3CDE6EBC8D185AABD6568061FEE37BB95AAC7E3CA4BCE4ACAA5820FA0D526AE7DAA2869B5EE5999531BE0CC20E6FBA07C41E43FA27CF7A6206F3CDD793B4F6B919C1462CB788EDCD893FA674CDA17AB7B3B7C019F8D561FAEE966FED562DFE98C1D12C6A9FC015C2A35D7FF3D7FC398F591DA4B5FE0BFA2C0189FEA50AE22
310
92817A1ED3020951A03432862970F976B33383259812CC8E5D240BBA801CBCF8CE2BBEE3BF910DB6AAD5F79E05123AE2DB33981FB1ACCB02B69D00CB014FD68AB573A7627EF9BFD4CC2C5C7D58557C4B22FAA88925A4DBB44825CECE3D78FB060D1231F0E885BE7D673C86A3874958F593906B5502D1563157814FDAC3420D
310
F69A070A22EC4B98E23CFF171A1E5311D12C23056555ABA53B8614563B92D17D02AAB009E8F46284624E5F53D5490C560CCCC2591FF1B45421EB0EBD8EA7ED13BE7C5D7E0428CD60FEF60779EB13E6664FF711CB185F6FDED60D139A001FF60CD1FD6D086F1D51474901E26B2CB794A343BC8ED3EDB612E0DD2351FCB65CF4
310
33D511C9E14B5B40ADC6A6263DB0336A8F700DDF56271A024E70B0B3629DE21847591E55DED73D56206AB927E46FAABC5C939C55853C274C93D69FD6FA4E78BF8B11DF898C9ECD60553FAD39283BA6F18984AA23E8884F83F45C5F5F859797B31B2B9C84A1E5B9DE9D35BFF25C6B76152E422F9C5DCC3D847F5801ED09D5AF
310
41441327A25FF15487F9EB725FB666F048A4701E9A827292E6F97569A32DF61DEC01C0BB8DCBBCCC684E0B49147C1FD54BF685A0AB18C868E6973949E819523E3DAC463660E68C7D9F55A9D1EFA3BD7A76A16AE1A810F95CE59B82A4D968A376DC2E8B44BBDD86B27B368CDE0ED548C7137DA860591A83706223A12CA712B4
310
7306DBF39C0A20A6DF95C7FAF670C6EED7A61F946493D1D6926782963813403548A78AE470DEF80D2D9CEAA26E4D1C76F60BFE74219A06527D6B82DF641A51616F703CAAC6A7160E08A00BEB4810A0274592A1B36E3675E36E978A0DE80727A0D6DF2D39A75BD27E0D8837276589537B40ABB56D5A41F48F1C6FCD3188C4EB
310
A6929D2FFB89CE995A4D00AE813BDD032DC48B56BD437DFDDC2DD7AED70C2272D63DE9A72068A45A92F0A4BE17A8A06B9366E16707AD80B1FC649459952097E74BB23805982B55E0401150A165964402AA8BDF9F3E7386BB686EDCA780C0D382E5392BF460A6EFB2C6EA1937D3F809B440D5F5435C4C5CF7A9EEFAF54564BD
310
2182DA24162F98680B4E7930C21A0079709CEAEB99A372305ABE0C0D7D6078105A83F6A0296DAEE1068A47DD1C55A9F4C9B2FC69E3EFD44B81028E963DF81B504B0304140006080000B670623B000000000000000000000000350000006662782F45374635344235342D363743322D343832342D383044432D433445464530
310
3536354442422F76657274696365732E62696E504B0304140006080800B670623BF270F1330600000004000000360000006662782F45374635344235342D363743322D343832342D383044432D4334454645303536354442422F747269616E676C65732E62696E636660600000504B0304140006080000B670623B00000000
310
0000000000000000370000006662782F45374635344235342D363743322D343832342D383044432D4334454645303536354442422F617474726962757465732E62696E504B0304140006080800B670623B08DA0BD19000000041010000360000006662782F45374635344235342D363743322D343832342D383044432D4334
310
454645303536354442422F6469726563746F72792E786D6C858F410AC3201045AF22B36F53E9A60B35CBEEBAE80D244E44489C6234F4F835464A48035D0DF398FF9F8AF63D0E6CC63039F212F8F9020C7D47C6792B21C5FE7403D62A1188E2E60C98D7234A5830286103A55745067B9D86B8A3CF9C7F90C11DE607FB144396
310
D7B6A82D282E9A152AD114D5EF2CB866EEE831B8EEA07A7BB5A8D7D61A2BAAEB7FD5F70921FF497D00504B0304140006080800B670623B6378F24DFF000000A00100003B0000006662782F45374635344235342D363743322D343832342D383044432D4334454645303536354442422F7265736F75726365732F636F72652E
310
786D6C8D504B6E833010BD0A9A6D65B0094E42641C85B639412F6099496225D8C89FAAC7AF09546A77DDCC8CDE47F3F4C4F16B7C149FE88371B603565228D06A37187BED20C50BD9437194C23B177FC9A0B06AC40E6618A4B87A97A615D2CE46B431A3D60DB8822A048C50E8473E3A08FA86A32A558A5911EEE5A4F45D5DB1
310
6465A6B34E8A107D0E502C4FE609D26370C96B0CA25A58295232C3AA3143FE692E063D485EF7F5AEE71BD2D2F39634AFFC44DAF7DD9E9CCE6F9CD25DCBFA762BAAD92C4534E34F46ED51451C40D694B6843142EB0FD61C283F34FC85EE0F948A6A96FF31A569F8A729191B37F51A77B105902C0779125254735F793DCBCC7B
310
EE567E03504B010214000A0000080000B670623B3DEE336E79000000790000001B00000000000000000000000000000000006175746F6465736B2D64657369676E2D7061636B6167652E786D6C504B01021400140006080800B670623BD486FD9CA0000000F40000001300000000000000000000000000B20000005B436F6E
310
74656E745F54797065735D2E786D6C504B01021400140006080800B670623BBC1638F5EC0000007C010000080000000000000000000000000083010000636F72652E786D6C504B01021400140006080800B670623B55019EA25F0000007C000000070000000000000000000000000095020000636E782E786D6C504B010214
310
00140006080800B670623B3586FFB671010000D40300000C00000000000000000000000000190300006662782F636F72652E786D6C504B01021400140006080800B670623B4220A0FF7D0000009D0000000B00000000000000000000000000B40400006662782F636E782E786D6C504B01021400140006080800B670623B2F
310
A3FEDE290100001202000031000000000000000000000000005A0500006662782F45374635344235342D363743322D343832342D383044432D4334454645303536354442422F636F72652E786D6C504B01021400140006080800B670623B1B8617914E010000330300003000000000000000000000000000D2060000666278
310
2F45374635344235342D363743322D343832342D383044432D4334454645303536354442422F636E782E786D6C504B01021400140006080800B670623B29652116630500003C10000034000000000000000000000000006E0800006662782F45374635344235342D363743322D343832342D383044432D4334454645303536
310
354442422F6F626A656374732E786D6C504B01021400140006080000B670623B0000000000000000000000003500000000000000000000000000230E00006662782F45374635344235342D363743322D343832342D383044432D4334454645303536354442422F76657274696365732E62696E504B01021400140006080800
310
B670623BF270F13306000000040000003600000000000000000000000000760E00006662782F45374635344235342D363743322D343832342D383044432D4334454645303536354442422F747269616E676C65732E62696E504B01021400140006080000B670623B0000000000000000000000003700000000000000000000
310
000000D00E00006662782F45374635344235342D363743322D343832342D383044432D4334454645303536354442422F617474726962757465732E62696E504B01021400140006080800B670623B08DA0BD190000000410100003600000000000000000000000000250F00006662782F45374635344235342D363743322D34
310
3832342D383044432D4334454645303536354442422F6469726563746F72792E786D6C504B01021400140006080800B670623B6378F24DFF000000A00100003B00000000000000000000000000091000006662782F45374635344235342D363743322D343832342D383044432D4334454645303536354442422F7265736F75
310
726365732F636F72652E786D6C504B0506000000000E000E0080040000611100000000
  0
XRECORD
  5
112
102
{ACAD_REACTORS
330
110
102
}
330
110
100
AcDbXrecord
280
     1
270
     1
271
     1
  0
XRECORD
  5
111
102
{ACAD_REACTORS
330
110
102
}
330
110
100
AcDbXrecord
280
     1
270
     1
271
     1
  0
XRECORD
  5
18A
102
{ACAD_REACTORS
330
110
102
}
330
110
100
AcDbXrecord
280
     1
 70
     0
 90
1778669749
  1
9BF507EE-FAF7-4A99-A33D-4EE51894BC40
310
504B03040A0000080000B670623B3DEE336E79000000790000001B0000006175746F6465736B2D64657369676E2D7061636B6167652E786D6C3C3F786D6C2076657273696F6E3D22312E302220656E636F64696E673D227574662D3822203F3E3C666F726D6174733E3C666F726D61743E687474703A2F2F736368656D612E
310
6175746F6465736B2E636F6D2F64657369676E2D7061636B6167652F323030393C2F666F726D61743E3C2F666F726D6174733E504B0304140006080800B670623BD486FD9CA0000000F4000000130000005B436F6E74656E745F54797065735D2E786D6C7D8EC10E82300C865F65E91D8A1E8C310C0EEA1BF002731658846E
310
D98AC1B77784ABF1D8FE5FBFBF75BBCE937A534CCEB38643598122B6FEE978D0B0485F9C41B54DDD7D022595594E1A469170414C76A4D9A4D207E29CF43ECE46F218070CC6BECC4078ACAA135ACF422C856C0E68EA1BF5669944DDD7BCDE7B1F8E415D77AECB980613C2E4AC91FC167A2B244592486606FC29C8FD7F045B9A
310
EF7053A7E60B504B0304140006080800B670623BCA089DFFEC0000007C01000008000000636F72652E786D6C8D90416E83301045AF62CDB632D8402020E32882F604BD80653BC44AB011B6AB1EBF262152BBEB6A467FFE9B197D76FA9EEFE84BAFDE38DB03CD08206DA553C64E3DC470C1474027CE56E7C22F1B202B66DDC3
310
260367D3EAE2B24BD2D9A06D48AA754AEFA2F05E0740F29E9A1EBCBCEA59642286E4F0B76C11F226269DD15797E0188D42CF2346A57DE662F40ABCAEC77628C6120F654571D50C04B7F5B9C1E3997CD4F550BE3745C3F20DE62C98F9755FAE5A04AD801784B498524C8A4F5A75E4D055873772EC0861F966FF03C545FD138A
310
C686B2D8DF7D621E384D8F3C069CE55B16A93C824A75CB8DFF00504B0304140006080800B670623B55019EA25F0000007C00000007000000636E782E786D6C4DCB3B0E80201045D1AD90E915ED2CF8AC45050C11660C8261F98AB1B07AC9C97D42D718D865D3E909258CFD00CCE24AC6E326A164D74DC0B4128928FF326038
310
472BA13128B1252AC747C6BAB984FC68F0B87FE8960A5C09FE86CFB69FBA01504B0304140006080800B670623B68FC0B7272010000D40300000C0000006662782F636F72652E786D6CC5535B6E833010BC8AE5DF0A6C1E8124328E22D29EA01770C0A128602363A31CBFCB234A53A555FA553EC09AD9F5CE8C31DB5DDA060D
310
D2F4B556190E7C8A9154852E6B5565D8D993B7C668C799D1DA7E29C3488956667884316795D1AE5BA0422B2B950554E9522EA0E87B69312A1A5864B82F3E642B7CE12C54F467BF13C55954D20F7CA0A18EB3DE1A1080E621E31BF3D3F1C2C88C73E65C5D2E6C5DC2B4FA544B8379921C36797888BC3C8A032F4E73EA6D927D
310
EA1DF6F42D49F2E8350D5346C666CE6CDD5ED515460A2B4BCC434A375E1078347C0FE22D5D6DE3D50B5D6F2965642CBF6B725DF96493AB958DC245EEDCD6631E809089F8E61622B2A81703E8219C913144F84C09DF070D8140C8561C9BAB8F3340832CAC363130A576376A108D933095FA747AD0CF0B46E64E983A6D0EAE1F
310
CE089F9EF1FB8E70D44255604258581E9D1D75B259C3125A278D37D80B52DAB4A279CEC62F0EFF44DDC43F9454E8469BFF5244960322CBEF41C6FBC83F01504B0304140006080800B670623B0F71DDB67E0000009D0000000B0000006662782F636E782E786D6C4DCCD10A83201886E15B91FFDCA54DB73F502386BB8F5816
310
32D3703976F9ABD1C18E3E78F87855FB990379BBFCF2296AE02706C4C5471A7C9C349475A408A4352AA7B4FEDD80C47E761A7606A3A69CCA72D0E0C6BE8475D3E0E3F3409428EA6B27A84079A782899AA2EC1A7AE3ECCC2FD858CB2D544655BFD2B67BD87C01504B0304140006080800B670623BE134B4FB28010000120200
310
00310000006662782F38353834323741342D343835462D343034322D383541392D4331303331363839454531452F636F72652E786D6C8D515B6EC32010BC0AE22B55850D0EA424C24451959EA0172086A42831583CAA1CBF503B52FB971F16CDCECC0EACD8DFC71BF836215AEF7A481A0C817183D7D65D7A98D3197108F652
310
04EFD31F1A044E8DA6871586525C82CFD3020DDE25E352419DD76601558C264130DCCAA58771F832A36A544E8511AFCDA486ABBA988634A55D7852C4144A00300FA927949C71DABD1D28A29C7D208A6987383B6CD13BC16BB2E1DBE3911C453B0BA5C8D9EA456E758963CFD684674DAA588A64C747FC2118958C86B2C3788B
310
0841B8FB247487D98EB257CC77188BB6D2FF89F2A49F1465EBD2BA5BE2CEB2082511EDDC9042FB7CBA3DC298FBE4430275DE2A9AE1054ADC60CC08E3A29D89E5F9C5714317C7987C28DFBBBA9E0A97B0D97643A568EB864AF95D5FA9759BF207504B0304140006080800B670623B1B8617914E010000330300003000000066
310
62782F38353834323741342D343835462D343034322D383541392D4331303331363839454531452F636E782E786D6CD593C16EC32010447F0571AD6CE3D489D20813A9877E410FBD62D82434182CC055F3F75D1292E692438FBD206B7698593D61BEFD1E2DF982108D773D6D6B460938E5B571FB9ECE6957AD29D90A1EBC4F
310
77364A9C1CA1A759A682EF839FA72269D8C9D92654AD71C72206887E0E0A22CAF926B15E498B01E0AA19451807D01A34B919F16B070157417138917400F2F6FA41FCF0092A45DEE414C19BDC21783E4BD39D891265658C3D8DEA00A3ACE59CBC8678ACB54CB26EEB6BD7839D7E9348BE70AD9C8321B9BCA7F9A4A26C542347
310
DEE050F09802D22BA6749A800A394DD62899107273365E3C82CFC6A55557BC06C10774B7ABE7AEC3B0F34CF06446280E154026D0542C187BA9DAB6628BF7B6DBB0E5A65B3EB1F58631DE64BBE083F7B65CC218087E22CABB042E51D1F2268F1FE12B3EA24D40D63E9CFE00120194D60B9D5BC67FE6D39CDF37E20AF817881F
310
504B0304140006080800B670623B5933D422630500003B100000340000006662782F38353834323741342D343835462D343034322D383541392D4331303331363839454531452F6F626A656374732E786D6CAD575B6FA33814FE2B887D0642934E9B156594264D158D3A534DD4D13E548A0C38942D60649B4EBABF7E3F8321
310
40924EF6928780CDF1B97EE762EFF32E4B8D37CA45C2F21BD3B547A641F39045491EDF98A5DC5AD7A6F1D9F73863B243661A39C9E88DA9B64DDF8B392B0BBD15D12D295339D85DDEFE618890E6D434C2940871638AF08566C426A5641115AF764424B1E3EDCE76ED9AB0CF36E6A47819302D08A7B984A6D8CFC1C5A89572FB
310
CB91E9F89EA3BEFB9EFAD754E3D3544E654F5F7E920B49F2F040D880CDD89D2CEE2E2EA7D6E56432B6269F2E5CEB7679BBB0DCABF168FE693E9FCEEEA6102C240727AD09A75BD3BF876F78127A4EFDA9D5582B7E4CA590E5390D2BFB6161A5B3E618D182E611E2985001691DAB47FDA5AB7CD3F93C566B2DB2BB7D9E55DD13
310
1D468DEECDB3AB290BFE8409E21C54704115AA6AFF68436BFC8DF65E0B184BF5B74418199194272435D224E084BF9B3E481589EFF5D828747285706581E9BB7B7E5D5D911ABFC6EE312DB7659A2A689A7E85EC0DF04FA5A8344BFEA2FCB834E8845895492EAFB541F2BDA0A63FF59C6AD3F7D4637CA13FD68E34B629891172
310
98597F1D183A57B9B75A98FE9765B05BAB7C3C2EBCE0ACA05C2AF8005A4DE09AA7F29216EB9E15397500C6F47CBE77CA7778FE2BD277AF0AE2C693DD6437D1522427B9D8329E2136F6A8FA19A3E6C56ADF0E5F50CF06D48734EDCEBF22F69C56D97EC138153F804B85E6FABFC7AFEFB32E523BE1F3BD372418E363EDCA7548
310
52949E8724474014288D94610BB57C1BEC4C7F854A89CA8E5324F55B871CBC78CE1BBEE3BFE68D6A5589EF3C730474506FCFA8FCF0659516D0ED04580EEA6425581B77CAE797FF4BCECC16EB2FEB926F49481F746159D06D922712BD730FDEAE42BD40F42C7AA5EF3F198F60E86110D6DD20645A9480B795CF95E3E3A659A8
310
C55E724F408873315335CFFB8584874484344D494E59D94869DB90C26A5B64F49C802CAC1D3ABE18A098D3B7444D123D8A9E5AE8F5214F0AE5B2B6E9B575DA3E61CBD3EA2B4009FA940524DD1305FB6A1FB294F14DF0BEA90BA109ECE1481FDC3FFAE8D60E75141700BE82725371B4873751B2DD960265F788137FACE6DD40
310
B575E4F0A5C99F46629D92131467A41EE11ABD8D4CCC039CA0AFB37C93A08B232B8F0AEFCA1E0A1015DF13FC83322B362463652ECF71D3A8B1A7D1BE65DE1D62C44F22C317D35F574FEB16153BA2D13E543D10A80E74C4A65E78A6B7CBCBD1D5DD9DB59C2DAFACC96C3AB566E3F1C29ADCDD5DBAD7D3C9ED7C822ED74F80A6
310
41755310DE4443F44A9E68373FADF6596BFA0F440AE7BECE2727AE9F4F2B1B53B1E7E00CF0DD1E5C65454A339A4BA2D0FBA05ED2EF0443458F47BDBFCA484CCFE0F2ED7E3DD0013B679C7B5499467F0ECEEADDB9CA85A34CE44B99053949D2C1416DB85DE4B136BB7165FBAC0B7AB3542BED4F8CA182A549847A1319316519
310
95A83A67147B9E5101C47487F2485F1ECE38FD568F839204296D3479219888530154036E6528FBFBC66F98E0D4107563A2D7D9AFF8D389681A08F58D89F22693900A3B407754734FC51C10C010D6D640809EE4718AC1BA3ED4AEDB53CA37283F68805A7E4B72CEB0A4EDEAD5DD8C14059A76AFAA56BA6901E13F32BC51C720
310
12AF41295B5BF61BAD3195181FB506E6B40F4C10AF5AF40EF9F5B159AE5DD1F43C72D635E94310D45C2D49785C5D0B94D3B54AB3C5A38349C0587D338AB48C11CBF339599C02CCA54A70A008A8D03C0B2201D5F9EFCF8F9CE12A9A19CB0410789EB32C63B95ECCF455D658BFE0621A3DA32C5075FB101723D77DAE867E7D0F
310
D90444509B44E2151B4DC2290B065803200FBAA9BE9D392A0603F2D5C2D00D6302A615680F66D2FA166E2079D4C551A54AB758161FCEFD4E450A14704CECFEDF504B0304140006080000B670623B000000000000000000000000350000006662782F38353834323741342D343835462D343034322D383541392D4331303331
310
363839454531452F76657274696365732E62696E504B0304140006080800B670623BF270F1330600000004000000360000006662782F38353834323741342D343835462D343034322D383541392D4331303331363839454531452F747269616E676C65732E62696E636660600000504B0304140006080000B670623B000000
310
000000000000000000370000006662782F38353834323741342D343835462D343034322D383541392D4331303331363839454531452F617474726962757465732E62696E504B0304140006080800B670623B08DA0BD19000000041010000360000006662782F38353834323741342D343835462D343034322D383541392D43
310
31303331363839454531452F6469726563746F72792E786D6C858F410AC3201045AF22B36F53E9A60B35CBEEBAE80D244E44489C6234F4F835464A48035D0DF398FF9F8AF63D0E6CC63039F212F8F9020C7D47C6792B21C5FE7403D62A1188E2E60C98D7234A5830286103A55745067B9D86B8A3CF9C7F90C11DE607FB1443
310
96D7B6A82D282E9A152AD114D5EF2CB866EEE831B8EEA07A7BB5A8D7D61A2BAAEB7FD5F70921FF497D00504B0304140006080800B670623BD9A3B367FE000000A00100003B0000006662782F38353834323741342D343835462D343034322D383541392D4331303331363839454531452F7265736F75726365732F636F7265
310
2E786D6C8D504B6E833010BD0A9A6D65B01D0201194711694FD00B586642AD043BF2A7EAF16B122AB5BB6E6646EFA3797AE2F8B5DC8A4FF4C1383B002B291468B59B8C9D0748F1420E501CA5F0CEC55F3228AC5A708015062966EFD27D83B4B3116DCCA875136EA00A012314FA968F0182FEC045952AC5AC08D7F2AEF455CD
310
58B232D3592745883E07289E4FD609D26370C96B0CA27AB252A464A64D63A6FCD35C0C7A904D73EE467EE664DCD58CD4ED4849D79C5A723ED1B7A61977AF2D6F45B59AA58866F9C9A83DAA8813484E6947182394BFB3BAA7FBBEDEBFD0434FA9A856F91F53BA4FFF342563E38E6F719FB60092E5200F428A6AED2BAF479979
310
AFDDCA6F504B010214000A0000080000B670623B3DEE336E79000000790000001B00000000000000000000000000000000006175746F6465736B2D64657369676E2D7061636B6167652E786D6C504B01021400140006080800B670623BD486FD9CA0000000F40000001300000000000000000000000000B20000005B436F6E
310
74656E745F54797065735D2E786D6C504B01021400140006080800B670623BCA089DFFEC0000007C010000080000000000000000000000000083010000636F72652E786D6C504B01021400140006080800B670623B55019EA25F0000007C000000070000000000000000000000000095020000636E782E786D6C504B010214
310
00140006080800B670623B68FC0B7272010000D40300000C00000000000000000000000000190300006662782F636F72652E786D6C504B01021400140006080800B670623B0F71DDB67E0000009D0000000B00000000000000000000000000B50400006662782F636E782E786D6C504B01021400140006080800B670623BE1
310
34B4FB280100001202000031000000000000000000000000005C0500006662782F38353834323741342D343835462D343034322D383541392D4331303331363839454531452F636F72652E786D6C504B01021400140006080800B670623B1B8617914E010000330300003000000000000000000000000000D3060000666278
310
2F38353834323741342D343835462D343034322D383541392D4331303331363839454531452F636E782E786D6C504B01021400140006080800B670623B5933D422630500003B10000034000000000000000000000000006F0800006662782F38353834323741342D343835462D343034322D383541392D4331303331363839
310
454531452F6F626A656374732E786D6C504B01021400140006080000B670623B0000000000000000000000003500000000000000000000000000240E00006662782F38353834323741342D343835462D343034322D383541392D4331303331363839454531452F76657274696365732E62696E504B01021400140006080800
310
B670623BF270F13306000000040000003600000000000000000000000000770E00006662782F38353834323741342D343835462D343034322D383541392D4331303331363839454531452F747269616E676C65732E62696E504B01021400140006080000B670623B0000000000000000000000003700000000000000000000
310
000000D10E00006662782F38353834323741342D343835462D343034322D383541392D4331303331363839454531452F617474726962757465732E62696E504B01021400140006080800B670623B08DA0BD190000000410100003600000000000000000000000000260F00006662782F38353834323741342D343835462D34
310
3034322D383541392D4331303331363839454531452F6469726563746F72792E786D6C504B01021400140006080800B670623BD9A3B367FE000000A00100003B000000000000000000000000000A1000006662782F38353834323741342D343835462D343034322D383541392D4331303331363839454531452F7265736F75
310
726365732F636F72652E786D6C504B0506000000000E000E0080040000611100000000
  0
XRECORD
  5
113
102
{ACAD_REACTORS
330
110
102
}
330
110
100
AcDbXrecord
280
     1
270
     1
271
     1
  0
XRECORD
  5
114
102
{ACAD_REACTORS
330
110
102
}
330
110
100
AcDbXrecord
280
     1
270
     1
271
     1
  0
XRECORD
  5
1C64
102
{ACAD_REACTORS
330
1C63
102
}
330
1C63
100
AcDbXrecord
280
     1
102
DISPLAYNAME
  1
Imperial24
102
FLAGS
 90
        0
  0
XRECORD
  5
1C68
102
{ACAD_REACTORS
330
1C67
102
}
330
1C67
100
AcDbXrecord
280
     1
102
DISPLAYNAME
  1
Metric50
102
FLAGS
 90
        0
  0
CELLSTYLEMAP
  5
1C58
102
{ACAD_REACTORS
330
1C57
102
}
330
1C57
100
AcDbCellStyleMap
 90
        3
300
CELLSTYLE
  1
TABLEFORMAT_BEGIN
 90
        5
170
     1
 91
        0
 92
    32768
 62
   257
 93
        1
300
CONTENTFORMAT
  1
CONTENTFORMAT_BEGIN
 90
        0
 91
        0
 92
      512
 93
        0
300

 40
0.0
140
1.0
 94
        5
 62
     0
340
20C
144
0.25
309
CONTENTFORMAT_END
171
     0
 94
        6
 95
        1
302
GRIDFORMAT
  1
GRIDFORMAT_BEGIN
 90
        0
 91
        1
 62
     0
 92
       -2
340
0
 93
        1
 40
0.045
309
GRIDFORMAT_END
 95
        2
302
GRIDFORMAT
  1
GRIDFORMAT_BEGIN
 90
        0
 91
        1
 62
     0
 92
       -2
340
0
 93
        1
 40
0.045
309
GRIDFORMAT_END
 95
        4
302
GRIDFORMAT
  1
GRIDFORMAT_BEGIN
 90
        0
 91
        1
 62
     0
 92
       -2
340
0
 93
        1
 40
0.045
309
GRIDFORMAT_END
 95
        8
302
GRIDFORMAT
  1
GRIDFORMAT_BEGIN
 90
        0
 91
        1
 62
     0
 92
       -2
340
0
 93
        1
 40
0.045
309
GRIDFORMAT_END
 95
       16
302
GRIDFORMAT
  1
GRIDFORMAT_BEGIN
 90
        0
 91
        1
 62
     0
 92
       -2
340
0
 93
        1
 40
0.045
309
GRIDFORMAT_END
 95
       32
302
GRIDFORMAT
  1
GRIDFORMAT_BEGIN
 90
        0
 91
        1
 62
     0
 92
       -2
340
0
 93
        1
 40
0.045
309
GRIDFORMAT_END
309
TABLEFORMAT_END
  1
CELLSTYLE_BEGIN
 90
        1
 91
        1
300
_TITLE
309
CELLSTYLE_END
300
CELLSTYLE
  1
TABLEFORMAT_BEGIN
 90
        5
170
     1
 91
        0
 92
        0
 62
   257
 93
        1
300
CONTENTFORMAT
  1
CONTENTFORMAT_BEGIN
 90
        0
 91
        0
 92
      512
 93
        0
300

 40
0.0
140
1.0
 94
        4
 62
     0
340
20C
144
0.18
309
CONTENTFORMAT_END
171
     0
 94
        6
 95
        1
302
GRIDFORMAT
  1
GRIDFORMAT_BEGIN
 90
        0
 91
        1
 62
     0
 92
       -2
340
0
 93
        1
 40
0.045
309
GRIDFORMAT_END
 95
        2
302
GRIDFORMAT
  1
GRIDFORMAT_BEGIN
 90
        0
 91
        1
 62
     0
 92
       -2
340
0
 93
        1
 40
0.045
309
GRIDFORMAT_END
 95
        4
302
GRIDFORMAT
  1
GRIDFORMAT_BEGIN
 90
        0
 91
        1
 62
     0
 92
       -2
340
0
 93
        1
 40
0.045
309
GRIDFORMAT_END
 95
        8
302
GRIDFORMAT
  1
GRIDFORMAT_BEGIN
 90
        0
 91
        1
 62
     0
 92
       -2
340
0
 93
        1
 40
0.045
309
GRIDFORMAT_END
 95
       16
302
GRIDFORMAT
  1
GRIDFORMAT_BEGIN
 90
        0
 91
        1
 62
     0
 92
       -2
340
0
 93
        1
 40
0.045
309
GRIDFORMAT_END
 95
       32
302
GRIDFORMAT
  1
GRIDFORMAT_BEGIN
 90
        0
 91
        1
 62
     0
 92
       -2
340
0
 93
        1
 40
0.045
309
GRIDFORMAT_END
309
TABLEFORMAT_END
  1
CELLSTYLE_BEGIN
 90
        2
 91
        1
300
_HEADER
309
CELLSTYLE_END
300
CELLSTYLE
  1
TABLEFORMAT_BEGIN
 90
        5
170
     1
 91
        0
 92
        0
 62
   257
 93
        1
300
CONTENTFORMAT
  1
CONTENTFORMAT_BEGIN
 90
        0
 91
        0
 92
      512
 93
        0
300

 40
0.0
140
1.0
 94
        4
 62
     0
340
20C
144
0.18
309
CONTENTFORMAT_END
171
     0
 94
        6
 95
        1
302
GRIDFORMAT
  1
GRIDFORMAT_BEGIN
 90
        0
 91
        1
 62
     0
 92
       -2
340
0
 93
        1
 40
0.045
309
GRIDFORMAT_END
 95
        2
302
GRIDFORMAT
  1
GRIDFORMAT_BEGIN
 90
        0
 91
        1
 62
     0
 92
       -2
340
0
 93
        1
 40
0.045
309
GRIDFORMAT_END
 95
        4
302
GRIDFORMAT
  1
GRIDFORMAT_BEGIN
 90
        0
 91
        1
 62
     0
 92
       -2
340
0
 93
        1
 40
0.045
309
GRIDFORMAT_END
 95
        8
302
GRIDFORMAT
  1
GRIDFORMAT_BEGIN
 90
        0
 91
        1
 62
     0
 92
       -2
340
0
 93
        1
 40
0.045
309
GRIDFORMAT_END
 95
       16
302
GRIDFORMAT
  1
GRIDFORMAT_BEGIN
 90
        0
 91
        1
 62
     0
 92
       -2
340
0
 93
        1
 40
0.045
309
GRIDFORMAT_END
 95
       32
302
GRIDFORMAT
  1
GRIDFORMAT_BEGIN
 90
        0
 91
        1
 62
     0
 92
       -2
340
0
 93
        1
 40
0.045
309
GRIDFORMAT_END
309
TABLEFORMAT_END
  1
CELLSTYLE_BEGIN
 90
        3
 91
        2
300
_DATA
309
CELLSTYLE_END
  0
CELLSTYLEMAP
  5
1C56
102
{ACAD_REACTORS
330
104
102
}
330
104
100
AcDbCellStyleMap
 90
        3
300
CELLSTYLE
  1
TABLEFORMAT_BEGIN
 90
        5
170
     1
 91
        0
 92
    32768
 62
   257
 93
        1
300
CONTENTFORMAT
  1
CONTENTFORMAT_BEGIN
 90
        0
 91
        0
 92
      512
 93
        0
300

 40
0.0
140
1.0
 94
        5
 62
     0
340
11
144
0.25
309
CONTENTFORMAT_END
171
     1
301
MARGIN
  1
CELLMARGIN_BEGIN
 40
0.06
 40
0.06
 40
0.06
 40
0.06
 40
0.18
 40
0.18
309
CELLMARGIN_END
 94
        6
 95
        1
302
GRIDFORMAT
  1
GRIDFORMAT_BEGIN
 90
        0
 91
        1
 62
     0
 92
       -2
340
0
 93
        0
 40
0.045
309
GRIDFORMAT_END
 95
        2
302
GRIDFORMAT
  1
GRIDFORMAT_BEGIN
 90
        0
 91
        1
 62
     0
 92
       -2
340
0
 93
        0
 40
0.045
309
GRIDFORMAT_END
 95
        4
302
GRIDFORMAT
  1
GRIDFORMAT_BEGIN
 90
        0
 91
        1
 62
     0
 92
       -2
340
0
 93
        0
 40
0.045
309
GRIDFORMAT_END
 95
        8
302
GRIDFORMAT
  1
GRIDFORMAT_BEGIN
 90
        0
 91
        1
 62
     0
 92
       -2
340
0
 93
        0
 40
0.045
309
GRIDFORMAT_END
 95
       16
302
GRIDFORMAT
  1
GRIDFORMAT_BEGIN
 90
        0
 91
        1
 62
     0
 92
       -2
340
0
 93
        0
 40
0.045
309
GRIDFORMAT_END
 95
       32
302
GRIDFORMAT
  1
GRIDFORMAT_BEGIN
 90
        0
 91
        1
 62
     0
 92
       -2
340
0
 93
        0
 40
0.045
309
GRIDFORMAT_END
309
TABLEFORMAT_END
  1
CELLSTYLE_BEGIN
 90
        1
 91
        1
300
_TITLE
309
CELLSTYLE_END
300
CELLSTYLE
  1
TABLEFORMAT_BEGIN
 90
        5
170
     1
 91
        0
 92
        0
 62
   257
 93
        1
300
CONTENTFORMAT
  1
CONTENTFORMAT_BEGIN
 90
        0
 91
        0
 92
      512
 93
        0
300

 40
0.0
140
1.0
 94
        5
 62
     0
340
11
144
0.18
309
CONTENTFORMAT_END
171
     1
301
MARGIN
  1
CELLMARGIN_BEGIN
 40
0.06
 40
0.06
 40
0.06
 40
0.06
 40
0.18
 40
0.18
309
CELLMARGIN_END
 94
        6
 95
        1
302
GRIDFORMAT
  1
GRIDFORMAT_BEGIN
 90
        0
 91
        1
 62
     0
 92
       -2
340
0
 93
        0
 40
0.045
309
GRIDFORMAT_END
 95
        2
302
GRIDFORMAT
  1
GRIDFORMAT_BEGIN
 90
        0
 91
        1
 62
     0
 92
       -2
340
0
 93
        0
 40
0.045
309
GRIDFORMAT_END
 95
        4
302
GRIDFORMAT
  1
GRIDFORMAT_BEGIN
 90
        0
 91
        1
 62
     0
 92
       -2
340
0
 93
        0
 40
0.045
309
GRIDFORMAT_END
 95
        8
302
GRIDFORMAT
  1
GRIDFORMAT_BEGIN
 90
        0
 91
        1
 62
     0
 92
       -2
340
0
 93
        0
 40
0.045
309
GRIDFORMAT_END
 95
       16
302
GRIDFORMAT
  1
GRIDFORMAT_BEGIN
 90
        0
 91
        1
 62
     0
 92
       -2
340
0
 93
        0
 40
0.045
309
GRIDFORMAT_END
 95
       32
302
GRIDFORMAT
  1
GRIDFORMAT_BEGIN
 90
        0
 91
        1
 62
     0
 92
       -2
340
0
 93
        0
 40
0.045
309
GRIDFORMAT_END
309
TABLEFORMAT_END
  1
CELLSTYLE_BEGIN
 90
        2
 91
        1
300
_HEADER
309
CELLSTYLE_END
300
CELLSTYLE
  1
TABLEFORMAT_BEGIN
 90
        5
170
     1
 91
        0
 92
        0
 62
   257
 93
        1
300
CONTENTFORMAT
  1
CONTENTFORMAT_BEGIN
 90
        0
 91
        0
 92
      512
 93
        0
300

 40
0.0
140
1.0
 94
        2
 62
     0
340
11
144
0.18
309
CONTENTFORMAT_END
171
     1
301
MARGIN
  1
CELLMARGIN_BEGIN
 40
0.06
 40
0.06
 40
0.06
 40
0.06
 40
0.18
 40
0.18
309
CELLMARGIN_END
 94
        6
 95
        1
302
GRIDFORMAT
  1
GRIDFORMAT_BEGIN
 90
        0
 91
        1
 62
     0
 92
       -2
340
0
 93
        0
 40
0.045
309
GRIDFORMAT_END
 95
        2
302
GRIDFORMAT
  1
GRIDFORMAT_BEGIN
 90
        0
 91
        1
 62
     0
 92
       -2
340
0
 93
        0
 40
0.045
309
GRIDFORMAT_END
 95
        4
302
GRIDFORMAT
  1
GRIDFORMAT_BEGIN
 90
        0
 91
        1
 62
     0
 92
       -2
340
0
 93
        0
 40
0.045
309
GRIDFORMAT_END
 95
        8
302
GRIDFORMAT
  1
GRIDFORMAT_BEGIN
 90
        0
 91
        1
 62
     0
 92
       -2
340
0
 93
        0
 40
0.045
309
GRIDFORMAT_END
 95
       16
302
GRIDFORMAT
  1
GRIDFORMAT_BEGIN
 90
        0
 91
        1
 62
     0
 92
       -2
340
0
 93
        0
 40
0.045
309
GRIDFORMAT_END
 95
       32
302
GRIDFORMAT
  1
GRIDFORMAT_BEGIN
 90
        0
 91
        1
 62
     0
 92
       -2
340
0
 93
        0
 40
0.045
309
GRIDFORMAT_END
309
TABLEFORMAT_END
  1
CELLSTYLE_BEGIN
 90
        3
 91
        2
300
_DATA
309
CELLSTYLE_END
  0
DMBASEELEMENT
  5
20E
102
{ACAD_XDICTIONARY
360
212
102
}
102
{ACAD_REACTORS
330
20B
102
}
330
20B
100
AcMapDMBaseElement
 70
     1
  1
지도 기준
 70
     1
330
20B
100
AcMapDMBaseElement
 70
     2
  1

 70
     2
  1

 70
     1
 40
1.797693134862314E+99
 70
        1
 70
     1
 70
     1
 70
     1
360
211
100
AcMapDMBaseElement
 70
     1
  0
DMDEFAULTSTYLE
  5
20F
102
{ACAD_REACTORS
330
20B
102
}
330
20B
100
AcMapDMDefaultStyle
 70
     1
 90
        1
  1
기본값
100
AcMapDMDefaultStyle
 70
     1
280
   100
 90
        0
1001
AcMapDMDisplayStyleRegapp
1070
     2
1071
        1
1000
기본값
1000

  0
DICTIONARY
  5
212
330
20E
100
AcDbDictionary
280
     1
281
     1
  3
AcMapDMSurrogateStyleSets
360
213
  0
DMSTYLEREFERENCE
  5
211
330
20E
100
AcMapDMStyleReference
 70
     1
 70
     0
340
20F
330
20B
  0
DMSURROGATESTYLESETS
  5
213
102
{ACAD_REACTORS
330
212
102
}
330
212
100
AcMapDMSurrogateStyleSets
 70
     1
  1
지도 기준
 70
     1
 40
1.797693134862314E+99
 70
        1
 70
     1
 70
     1
 70
     1
330
211
 70
     0
  0
ENDSEC
  0
SECTION
  2
ACDSDATA
 70
     2
 71
     8
  0
ACDSSCHEMA
 90
        0
  1
AcDb_Thumbnail_Schema
  2
AcDbDs::ID
280
    10
 91
        8
  2
Thumbnail_Data
280
    15
 91
        0
101
ACDSRECORD
 95
        0
 90
        1
  2
AcDbDs::TreatedAsObjectData
280
     1
291
     1
101
ACDSRECORD
 95
        0
 90
        2
  2
AcDbDs::Legacy
280
     1
291
     1
101
ACDSRECORD
  1
AcDbDs::ID
 90
        3
  2
AcDs:Indexable
280
     1
291
     1
101
ACDSRECORD
  1
AcDbDs::ID
 90
        4
  2
AcDbDs::HandleAttribute
280
     7
282
     1
  0
ACDSSCHEMA
 90
        1
  1
AcDbDs::TreatedAsObjectDataSchema
  2
AcDbDs::TreatedAsObjectData
280
     1
 91
        0
  0
ACDSSCHEMA
 90
        2
  1
AcDbDs::LegacySchema
  2
AcDbDs::Legacy
280
     1
 91
        0
  0
ACDSSCHEMA
 90
        3
  1
AcDbDs::IndexedPropertySchema
  2
AcDs:Indexable
280
     1
 91
        0
  0
ACDSSCHEMA
 90
        4
  1
AcDbDs::HandleAttributeSchema
  2
AcDbDs::HandleAttribute
280
     7
 91
        1
284
     1
  0
ACDSRECORD
 90
        0
  2
AcDbDs::ID
280
    10
320
22
  2
Thumbnail_Data
280
    15
 94
     3413
310
89504E470D0A1A0A0000000D4948445200000100000000D508030000008F28DE7C00000300504C5445D7D7D7FFFFFFD7D7D70000000000000000000000000000000000000000000000000000330000660000990000CC0000FF0033000033330033660033990033CC0033FF0066000066330066660066990066CC0066FF0099
310
000099330099660099990099CC0099FF00CC0000CC3300CC6600CC9900CCCC00CCFF00FF0000FF3300FF6600FF9900FFCC00FFFF3300003300333300663300993300CC3300FF3333003333333333663333993333CC3333FF3366003366333366663366993366CC3366FF3399003399333399663399993399CC3399FF33CC00
310
33CC3333CC6633CC9933CCCC33CCFF33FF0033FF3333FF6633FF9933FFCC33FFFF6600006600336600666600996600CC6600FF6633006633336633666633996633CC6633FF6666006666336666666666996666CC6666FF6699006699336699666699996699CC6699FF66CC0066CC3366CC6666CC9966CCCC66CCFF66FF0066
310
FF3366FF6666FF9966FFCC66FFFF9900009900339900669900999900CC9900FF9933009933339933669933999933CC9933FF9966009966339966669966999966CC9966FF9999009999339999669999999999CC9999FF99CC0099CC3399CC6699CC9999CCCC99CCFF99FF0099FF3399FF6699FF9999FFCC99FFFFCC0000CC00
310
33CC0066CC0099CC00CCCC00FFCC3300CC3333CC3366CC3399CC33CCCC33FFCC6600CC6633CC6666CC6699CC66CCCC66FFCC9900CC9933CC9966CC9999CC99CCCC99FFCCCC00CCCC33CCCC66CCCC99CCCCCCCCCCFFCCFF00CCFF33CCFF66CCFF99CCFFCCCCFFFFFF0000FF0033FF0066FF0099FF00CCFF00FFFF3300FF3333
310
FF3366FF3399FF33CCFF33FFFF6600FF6633FF6666FF6699FF66CCFF66FFFF9900FF9933FF9966FF9999FF99CCFF99FFFFCC00FFCC33FFCC66FFCC99FFCCCCFFCCFFFFFF00FFFF33FFFF66FFFF99FFFFCCFFFFFF0000000D0D0D1A1A1A2828283535354343435050505D5D5D6B6B6B787878868686939393A1A1A1AEAEAEBB
310
BBBBC9C9C9D6D6D6E4E4E4F1F1F1FFFFFF0000000000000000000000000000000000000000000000000000000000004CC9529600000A104944415478DAED5D4B92E53808E4063E49DD7FC761B4CE43CCD3978FE48E594A3244CC44F5EBEA8A0223481290894242424242424242424242424242424242424242424242424242
310
4242424242FE8FE0E3BA02DFB1C04A55E053DE8EE5F3FF8E112677CF1F7CEB0C5865BFA6BFB740D1FE5B41C05AA03AC0D7B2BE58E093FAAB48F855FDBB137C57FF6A810FE98F170B7C07182E947AD71F9F70821A0468098C71A5EA587CEC1E764545D7E9DFB57410387F907E9FB14D0D17C645B180D7FFC9DA26B671B17D1B
310
AE32007C6CEB05B02E84465984BB4261CFF804297BC6970C8B8B7B08B8271488E630B1AFFD99EBD74CE20D685FDC5124C228AF425DFFA85B4095C5C0E25F1D9D02270390C4BA7C0A1E720F1CD76443CCD84E9E7FFB30FD2C90DC03BF2604CC0618275C67BA4596B8240B4C1008A49EFF3804BF40B08044771A40429D728154
310
E3C08044D784C01E03C90678950F6944C2D4B3A14B9BE71B0012D46D05EC7CE0970AEB29E8DADF940525B35B4A5CFB00670B31635D3B9CEC010A08CF15A1B1408544A23F6E710005005747641C83920CA434F827A17204F963CA1A8DFEAC854839411A0FFE60FD21C52EA90450BE7CFE650126E9139FAB7FC375ED898F90DE
310
4BBC87F9CD023FFDB9B34407EB2F300E34EB0F83F86C18C819808BDD12DE4ED539253029D03F080064B0E31241B74079FEBFFF9E920EE95C0BC0247E9061BEE04221C402A97324CF80441383B6BF1D04F2A9E3AF983FB61690E75FF2BF4A808A2B55CAEF0F90C5E715C5AB99CFCC0015D0A7ABA412F554955040E1C3FAF977
310
DFDADB07A05D7D547D7E042A977D30582F99391194CA20FD32A67782CD7B06D06C0F743FC4EACFD47C002AFF41E78EF6AF9E7E0CA0A9B4EDF5EF900750FA6B4A28FDC25C85FC8E263098E0F91BA74041E9FDD33FC402E6545880FFE8A28758A3C551183CD091FF84F3AF6B5E0700A68657AAE57FD7FF0F8B3457EB63C52A6D
310
EFFF8ACF770088E02ABFAC7E4EF89CB23BFC2D733C979FFA60A93F76D65F608B24403B0C808C769FF4FCF241A2E10B4EA95C1E536AE5934700BB85433851E0572773A17A505A423F0B244CEE312C50FFEAE1799674BFF360598F11064D4740725C3F2039E13F78D3082D0EFC5C84415B3B80603A19729866C0151B5E417F8E
310
84B929C4EB438DDA31C8F5719A98A45D4F806200E7830B5DFED4549021512A1678310037E0380D586F570181E0FAFBB4A400554B28D3A085FF78D3BFD0E5AD79BAAF01CCB397F277D9E034D13EA5D46306335E08808A92D915139B260012F8AFADF1CA01A6468353C9056F16409B1ED83600CCF0A73BC0A27C5106E00C8873
310
65905E0626C90D8DEC0E014C32ACB6E0452BA41706A9B7007E6810693D315B5912EEA070D70CA06A39103403C43435C3D0A3A018879917510DAE0054ACC8A665804076C580F18201A35E1DE972703133CBC3937435B02304326C865D822ACE9DFB3DF6E1C18E0040BBF8C0CBC9AF536D3A466ABBF97E09ACFCCA19EDB1715E
310
DF285716902F3023A91D29217BCC67FD537EFEC6991B04728F5C4F0560A9FFAE0D633BE0B61A897A5C3DCF34658E96F1C9208975C0D9910B59EBAFC7610B1B2E5C4F2BEF5C8E7053B3F4921BB624436702541E62B7C0C32A00D0620CA6760E99DA9C00D36A9F62432044CA99819513B7E3FDA8A7BB2E808ADADC63C6F27963
310
C35A40CDBF4E07A0FDCE4F0D04EDE9F27A27A0D60665602ABD0E556CC805C91C845F8A55B92057B55C9E2FDE5CA0FE9C3A362B2373DB6F902884E68398495EDC47A506F2C5B2569EE6A6775FA413926B5A7D30C99B6BE7BF96F7F4628072FC1FEE64B8987673034C0CB04A620200AA05683D05D68BE41C04C618094E3807BA
310
BE818F0B16BD650BA4973948DF277C0C5188DD672360E600756BDCA0D7D482E0ABFEE80458B100B6CEFF333CE938480FFB5AF4DE66A0E6072AFAE7F89072D3EC170778116C37D69FD4649CFA7D6D3F8CFB86CC9A2EEDDC103BF0BC2500D0C84C2A58F2930EA602A6B123B43022914C52B26C936D2F16F34E9BA242E5B17EBA
310
8BC7AF9AE17D74FA1803AC70CB380CE3AF9EB56EE3B06876FC1C0B586EC736C75501AB9A1BC994BA803E3B0A4AF3218BD4AB12D836096AFC4B7045BDA543FC9E08C8CECE6D7E065C7BDCB845552BE9279E19C23F930C78406483128013A643C743B583722F3E3258B13FFD3D9534E5F1AD26AAEEAF3F9996284D16C082D4B7
310
BC686E034BE3C0F0C7FBA360F38B360B94C6BE0280339363DA461D004D65C249174A4017466DFCB7C35B5E3C4735380D86190A5D118EBB7B801A74EA1618BDADB51B837AE30C4956698C05CE581C33C04F97C1892532BEDC22C32D7A3EBEBC3E4B7F8BFD87C6ADED8BD735A8DA3BA56457A95E2AC9BD518005FD230FB04D81
310
0B0228D7BC69BD4E78CCE2A4B780842EC708618E1C6508ACC4495EF38C6744FFD9027F7FAD2BC8B4DE046D9B1295032F0B126FBB64875A601406CCF8C70928DF51D9629E7FE64902775F8AAC4B275E7080437FAE0B14CB99C2032DD0F33AD4A600FCAA5837401A1D02E68E1EF727C0FE7D107443CFA44777470CB9EB144AE3
310
CC1F83F32CE0DB41A61E36FFEB4D32E872F8FCBB2433A79B06A86797FFA0371F0B50E6A9977AB6052A07C8359F3572C3C35B0D15BCFEC09997C839256A28B30DF04606B856CFA4FFB11670D5ABD903858A012610DA114AB55B75E23158DC95065FD15996682E1107857E9C051E4775C900806B10290BC8FC8F3F1407DEB55C
310
33B87E949C6C08544409C1907E6B0B1C77009EC73AF7687262C51BC241840BEEDA873E0575C92F259E16868D059604D8A930A04C0313E4229032E8935E2D608903D2EBE1670AD74B4FDAF5371D093E0C805616F01ED1D74ACFC581F90EAC1AFECC35C98F4A7D12FE593104F6BA9D8371704A3D0EC02363D8CDF84A00F9C6E8
310
05D7A84EAC475F79EACCB76189FCD5EA37BC6BA6D03AB45882400F106AC99E7DEFFF862BD53BA9412EB341B6A3A5E249ECD74CE87C2903602ECEB787CEEEA4D75380555D78B40F4CA150D642B85A88D1DB615093A4F7BC5481CB84AB4FFFF592BCA239D39FBA391D84AB3CA065FFB915D2F2617BE249566670DFBBC6B81C03
310
FCADB8A27A6F88CC15E3CE77ADCD16A8B744408FCD4917E1C6B7EA140B983350FD3F290E40F790AFB3002B0B6840D431A08CD29F4A83FE2F5C6C965E9E3A286406492F7DAD90501BAA4DFAD40F6A33D45EB977E79BC5088FB240DF9613BEF4B657C94CFA976CCF323F9BFA95A1B20C04C2DDEF551B83BFF9C630AEF3428A0F
310
C56A71E626FD47C1831E021B3732EEC7A37B03808D84E50ED1A78ECAF4378C091EB8587F4A0C55F7B15C32F95CF73AB5A5FEA45E2A551381DF9DC1EDFAEBD76A31A6DB74E87EFDC744B8AC8C895DBE6100197DF1EF91C2570CB01AFEB9D803DCE5B2ED14A4393ADEA8FBE4D9727366724ADF1606DFCA3AA8EA98A6772C5D55
310
FAFE3B26A4D9021F117F0BE4872D401FB5007CE4FFB605F0410BD8B4F8BD18B07AABD2870DF0790FF8A27CDE006181708170817081304058202C101212121212121212121212121212121212121212121212121212121272B6FC07EC2B222E993DEFCF0000000049454E44AE426082
  0
ENDSEC
  0
EOF
